ISO-10303-21;
HEADER;
/* Generated by software containing ST-Developer
 * from STEP Tools, Inc. (www.steptools.com) 
 */

FILE_DESCRIPTION(
/* description */ ('KiCad electronic assembly'),
/* implementation_level */ '2;1');

FILE_NAME(
/* name */ 'Pyae''s Macro Pad (Case).step',
/* time_stamp */ '2026-09-13T14:48:45-07:00',
/* author */ (''),
/* organization */ (''),
/* preprocessor_version */ 'ST-DEVELOPER v20.2',
/* originating_system */ 'Autodesk Translation Framework v15.15.0.0',
/* authorisation */ '');

FILE_SCHEMA (('AUTOMOTIVE_DESIGN { 1 0 10303 214 3 1 1 }'));
ENDSEC;

DATA;
#10=MECHANICAL_DESIGN_GEOMETRIC_PRESENTATION_REPRESENTATION('',(#13),#2282);
#11=SHAPE_REPRESENTATION_RELATIONSHIP('SRR','None',#2420,#12);
#12=ADVANCED_BREP_SHAPE_REPRESENTATION('',(#14),#2245);
#13=STYLED_ITEM('',(#2609),#14);
#14=MANIFOLD_SOLID_BREP('Body1',#824);
#15=ELLIPSE('',#1343,2.72584354627332,2.5);
#16=ELLIPSE('',#1345,3.42421787293663,2.5);
#17=ELLIPSE('',#1348,2.50571122919299,2.5);
#18=ELLIPSE('',#1349,2.50571122919299,2.5);
#19=ELLIPSE('',#1350,3.42421787293663,2.5);
#20=ELLIPSE('',#1358,2.72584354627333,2.5);
#21=FACE_BOUND('',#137,.T.);
#22=FACE_BOUND('',#148,.T.);
#23=FACE_BOUND('',#149,.T.);
#24=FACE_BOUND('',#150,.T.);
#25=FACE_BOUND('',#151,.T.);
#26=FACE_BOUND('',#152,.T.);
#27=FACE_BOUND('',#164,.T.);
#28=FACE_BOUND('',#171,.T.);
#29=FACE_BOUND('',#176,.T.);
#30=FACE_BOUND('',#181,.T.);
#31=FACE_BOUND('',#186,.T.);
#32=CYLINDRICAL_SURFACE('',#1338,1.875);
#33=CYLINDRICAL_SURFACE('',#1341,2.5);
#34=CYLINDRICAL_SURFACE('',#1344,2.5);
#35=CYLINDRICAL_SURFACE('',#1351,2.5);
#36=CYLINDRICAL_SURFACE('',#1354,2.5);
#37=CYLINDRICAL_SURFACE('',#1356,2.5);
#38=CYLINDRICAL_SURFACE('',#1359,2.5);
#39=CYLINDRICAL_SURFACE('',#1366,1.875);
#40=CYLINDRICAL_SURFACE('',#1368,2.3);
#41=CYLINDRICAL_SURFACE('',#1371,2.3);
#42=CYLINDRICAL_SURFACE('',#1374,2.3);
#43=CYLINDRICAL_SURFACE('',#1377,2.3);
#44=CYLINDRICAL_SURFACE('',#1384,2.3);
#45=CYLINDRICAL_SURFACE('',#1387,4.5);
#46=CYLINDRICAL_SURFACE('',#1395,2.3);
#47=CYLINDRICAL_SURFACE('',#1398,4.49999999999999);
#48=CYLINDRICAL_SURFACE('',#1402,2.3);
#49=CYLINDRICAL_SURFACE('',#1405,4.5);
#50=CYLINDRICAL_SURFACE('',#1409,2.3);
#51=CYLINDRICAL_SURFACE('',#1412,4.49999999999999);
#52=PLANE('',#1332);
#53=PLANE('',#1336);
#54=PLANE('',#1337);
#55=PLANE('',#1340);
#56=PLANE('',#1346);
#57=PLANE('',#1347);
#58=PLANE('',#1353);
#59=PLANE('',#1360);
#60=PLANE('',#1365);
#61=PLANE('',#1370);
#62=PLANE('',#1373);
#63=PLANE('',#1376);
#64=PLANE('',#1379);
#65=PLANE('',#1380);
#66=PLANE('',#1381);
#67=PLANE('',#1382);
#68=PLANE('',#1383);
#69=PLANE('',#1390);
#70=PLANE('',#1391);
#71=PLANE('',#1400);
#72=PLANE('',#1401);
#73=PLANE('',#1407);
#74=PLANE('',#1408);
#75=PLANE('',#1414);
#76=PLANE('',#1415);
#77=PLANE('',#1416);
#78=PLANE('',#1417);
#79=PLANE('',#1418);
#80=FACE_OUTER_BOUND('',#130,.T.);
#81=FACE_OUTER_BOUND('',#131,.T.);
#82=FACE_OUTER_BOUND('',#132,.T.);
#83=FACE_OUTER_BOUND('',#133,.T.);
#84=FACE_OUTER_BOUND('',#134,.T.);
#85=FACE_OUTER_BOUND('',#135,.T.);
#86=FACE_OUTER_BOUND('',#136,.T.);
#87=FACE_OUTER_BOUND('',#138,.T.);
#88=FACE_OUTER_BOUND('',#139,.T.);
#89=FACE_OUTER_BOUND('',#140,.T.);
#90=FACE_OUTER_BOUND('',#141,.T.);
#91=FACE_OUTER_BOUND('',#142,.T.);
#92=FACE_OUTER_BOUND('',#143,.T.);
#93=FACE_OUTER_BOUND('',#144,.T.);
#94=FACE_OUTER_BOUND('',#145,.T.);
#95=FACE_OUTER_BOUND('',#146,.T.);
#96=FACE_OUTER_BOUND('',#147,.T.);
#97=FACE_OUTER_BOUND('',#153,.T.);
#98=FACE_OUTER_BOUND('',#154,.T.);
#99=FACE_OUTER_BOUND('',#155,.T.);
#100=FACE_OUTER_BOUND('',#156,.T.);
#101=FACE_OUTER_BOUND('',#157,.T.);
#102=FACE_OUTER_BOUND('',#158,.T.);
#103=FACE_OUTER_BOUND('',#159,.T.);
#104=FACE_OUTER_BOUND('',#160,.T.);
#105=FACE_OUTER_BOUND('',#161,.T.);
#106=FACE_OUTER_BOUND('',#162,.T.);
#107=FACE_OUTER_BOUND('',#163,.T.);
#108=FACE_OUTER_BOUND('',#165,.T.);
#109=FACE_OUTER_BOUND('',#166,.T.);
#110=FACE_OUTER_BOUND('',#167,.T.);
#111=FACE_OUTER_BOUND('',#168,.T.);
#112=FACE_OUTER_BOUND('',#169,.T.);
#113=FACE_OUTER_BOUND('',#170,.T.);
#114=FACE_OUTER_BOUND('',#172,.T.);
#115=FACE_OUTER_BOUND('',#173,.T.);
#116=FACE_OUTER_BOUND('',#174,.T.);
#117=FACE_OUTER_BOUND('',#175,.T.);
#118=FACE_OUTER_BOUND('',#177,.T.);
#119=FACE_OUTER_BOUND('',#178,.T.);
#120=FACE_OUTER_BOUND('',#179,.T.);
#121=FACE_OUTER_BOUND('',#180,.T.);
#122=FACE_OUTER_BOUND('',#182,.T.);
#123=FACE_OUTER_BOUND('',#183,.T.);
#124=FACE_OUTER_BOUND('',#184,.T.);
#125=FACE_OUTER_BOUND('',#185,.T.);
#126=FACE_OUTER_BOUND('',#187,.T.);
#127=FACE_OUTER_BOUND('',#188,.T.);
#128=FACE_OUTER_BOUND('',#189,.T.);
#129=FACE_OUTER_BOUND('',#190,.T.);
#130=EDGE_LOOP('',(#550,#551,#552,#553));
#131=EDGE_LOOP('',(#554,#555,#556,#557));
#132=EDGE_LOOP('',(#558,#559,#560,#561));
#133=EDGE_LOOP('',(#562,#563,#564,#565));
#134=EDGE_LOOP('',(#566,#567,#568,#569));
#135=EDGE_LOOP('',(#570,#571,#572,#573));
#136=EDGE_LOOP('',(#574,#575,#576,#577));
#137=EDGE_LOOP('',(#578,#579,#580,#581));
#138=EDGE_LOOP('',(#582,#583,#584,#585));
#139=EDGE_LOOP('',(#586,#587,#588,#589));
#140=EDGE_LOOP('',(#590,#591,#592,#593));
#141=EDGE_LOOP('',(#594,#595,#596,#597,#598,#599,#600,#601));
#142=EDGE_LOOP('',(#602,#603,#604,#605));
#143=EDGE_LOOP('',(#606,#607,#608,#609));
#144=EDGE_LOOP('',(#610,#611,#612,#613));
#145=EDGE_LOOP('',(#614,#615,#616,#617));
#146=EDGE_LOOP('',(#618,#619,#620,#621));
#147=EDGE_LOOP('',(#622,#623,#624,#625,#626,#627,#628,#629));
#148=EDGE_LOOP('',(#630,#631,#632,#633));
#149=EDGE_LOOP('',(#634));
#150=EDGE_LOOP('',(#635));
#151=EDGE_LOOP('',(#636));
#152=EDGE_LOOP('',(#637));
#153=EDGE_LOOP('',(#638,#639,#640,#641));
#154=EDGE_LOOP('',(#642,#643,#644,#645));
#155=EDGE_LOOP('',(#646,#647,#648,#649));
#156=EDGE_LOOP('',(#650));
#157=EDGE_LOOP('',(#651,#652,#653,#654));
#158=EDGE_LOOP('',(#655));
#159=EDGE_LOOP('',(#656,#657,#658,#659));
#160=EDGE_LOOP('',(#660));
#161=EDGE_LOOP('',(#661,#662,#663,#664));
#162=EDGE_LOOP('',(#665));
#163=EDGE_LOOP('',(#666,#667,#668,#669,#670,#671,#672,#673));
#164=EDGE_LOOP('',(#674,#675,#676,#677));
#165=EDGE_LOOP('',(#678,#679,#680,#681,#682,#683,#684,#685));
#166=EDGE_LOOP('',(#686,#687,#688,#689,#690,#691,#692,#693));
#167=EDGE_LOOP('',(#694,#695,#696,#697,#698,#699,#700,#701));
#168=EDGE_LOOP('',(#702,#703,#704,#705));
#169=EDGE_LOOP('',(#706,#707,#708,#709));
#170=EDGE_LOOP('',(#710,#711,#712));
#171=EDGE_LOOP('',(#713));
#172=EDGE_LOOP('',(#714,#715,#716,#717,#718,#719,#720,#721));
#173=EDGE_LOOP('',(#722,#723,#724,#725));
#174=EDGE_LOOP('',(#726,#727,#728,#729));
#175=EDGE_LOOP('',(#730,#731,#732));
#176=EDGE_LOOP('',(#733));
#177=EDGE_LOOP('',(#734));
#178=EDGE_LOOP('',(#735,#736,#737,#738));
#179=EDGE_LOOP('',(#739,#740,#741,#742));
#180=EDGE_LOOP('',(#743,#744,#745));
#181=EDGE_LOOP('',(#746));
#182=EDGE_LOOP('',(#747));
#183=EDGE_LOOP('',(#748,#749,#750,#751));
#184=EDGE_LOOP('',(#752,#753,#754,#755));
#185=EDGE_LOOP('',(#756,#757,#758));
#186=EDGE_LOOP('',(#759));
#187=EDGE_LOOP('',(#760));
#188=EDGE_LOOP('',(#761,#762,#763,#764,#765));
#189=EDGE_LOOP('',(#766,#767,#768,#769,#770));
#190=EDGE_LOOP('',(#771));
#191=CIRCLE('',#1330,2.875);
#192=CIRCLE('',#1331,1.875);
#193=CIRCLE('',#1334,2.875);
#194=CIRCLE('',#1335,1.875);
#195=CIRCLE('',#1339,1.875);
#196=CIRCLE('',#1342,2.5);
#197=CIRCLE('',#1352,2.5);
#198=CIRCLE('',#1355,2.5);
#199=CIRCLE('',#1357,2.5);
#200=CIRCLE('',#1361,2.3);
#201=CIRCLE('',#1362,2.3);
#202=CIRCLE('',#1363,2.3);
#203=CIRCLE('',#1364,2.3);
#204=CIRCLE('',#1367,1.875);
#205=CIRCLE('',#1369,2.3);
#206=CIRCLE('',#1372,2.3);
#207=CIRCLE('',#1375,2.3);
#208=CIRCLE('',#1378,2.3);
#209=CIRCLE('',#1385,2.3);
#210=CIRCLE('',#1386,2.3);
#211=CIRCLE('',#1388,4.5);
#212=CIRCLE('',#1389,4.5);
#213=CIRCLE('',#1392,4.49999999999999);
#214=CIRCLE('',#1393,4.49999999999999);
#215=CIRCLE('',#1394,4.5);
#216=CIRCLE('',#1396,2.3);
#217=CIRCLE('',#1397,2.3);
#218=CIRCLE('',#1399,4.49999999999999);
#219=CIRCLE('',#1403,2.3);
#220=CIRCLE('',#1404,2.3);
#221=CIRCLE('',#1406,4.5);
#222=CIRCLE('',#1410,2.3);
#223=CIRCLE('',#1411,2.3);
#224=CIRCLE('',#1413,4.49999999999999);
#225=LINE('',#1961,#296);
#226=LINE('',#1965,#297);
#227=LINE('',#1970,#298);
#228=LINE('',#1971,#299);
#229=LINE('',#1972,#300);
#230=LINE('',#1976,#301);
#231=LINE('',#1980,#302);
#232=LINE('',#1981,#303);
#233=LINE('',#1984,#304);
#234=LINE('',#1986,#305);
#235=LINE('',#1987,#306);
#236=LINE('',#1990,#307);
#237=LINE('',#1995,#308);
#238=LINE('',#1997,#309);
#239=LINE('',#1999,#310);
#240=LINE('',#2000,#311);
#241=LINE('',#2005,#312);
#242=LINE('',#2009,#313);
#243=LINE('',#2012,#314);
#244=LINE('',#2015,#315);
#245=LINE('',#2016,#316);
#246=LINE('',#2019,#317);
#247=LINE('',#2023,#318);
#248=LINE('',#2027,#319);
#249=LINE('',#2031,#320);
#250=LINE('',#2034,#321);
#251=LINE('',#2037,#322);
#252=LINE('',#2038,#323);
#253=LINE('',#2042,#324);
#254=LINE('',#2046,#325);
#255=LINE('',#2050,#326);
#256=LINE('',#2052,#327);
#257=LINE('',#2053,#328);
#258=LINE('',#2056,#329);
#259=LINE('',#2058,#330);
#260=LINE('',#2060,#331);
#261=LINE('',#2061,#332);
#262=LINE('',#2072,#333);
#263=LINE('',#2073,#334);
#264=LINE('',#2078,#335);
#265=LINE('',#2083,#336);
#266=LINE('',#2088,#337);
#267=LINE('',#2093,#338);
#268=LINE('',#2099,#339);
#269=LINE('',#2101,#340);
#270=LINE('',#2103,#341);
#271=LINE('',#2105,#342);
#272=LINE('',#2107,#343);
#273=LINE('',#2108,#344);
#274=LINE('',#2109,#345);
#275=LINE('',#2113,#346);
#276=LINE('',#2115,#347);
#277=LINE('',#2117,#348);
#278=LINE('',#2118,#349);
#279=LINE('',#2120,#350);
#280=LINE('',#2121,#351);
#281=LINE('',#2124,#352);
#282=LINE('',#2126,#353);
#283=LINE('',#2128,#354);
#284=LINE('',#2130,#355);
#285=LINE('',#2132,#356);
#286=LINE('',#2133,#357);
#287=LINE('',#2136,#358);
#288=LINE('',#2138,#359);
#289=LINE('',#2140,#360);
#290=LINE('',#2142,#361);
#291=LINE('',#2143,#362);
#292=LINE('',#2148,#363);
#293=LINE('',#2162,#364);
#294=LINE('',#2172,#365);
#295=LINE('',#2182,#366);
#296=VECTOR('',#1597,10.);
#297=VECTOR('',#1600,10.);
#298=VECTOR('',#1605,10.);
#299=VECTOR('',#1606,10.);
#300=VECTOR('',#1607,10.);
#301=VECTOR('',#1610,10.);
#302=VECTOR('',#1617,10.);
#303=VECTOR('',#1618,10.);
#304=VECTOR('',#1621,10.);
#305=VECTOR('',#1622,10.);
#306=VECTOR('',#1623,10.);
#307=VECTOR('',#1626,10.);
#308=VECTOR('',#1631,10.);
#309=VECTOR('',#1632,10.);
#310=VECTOR('',#1633,10.);
#311=VECTOR('',#1634,10.);
#312=VECTOR('',#1639,10.);
#313=VECTOR('',#1644,10.);
#314=VECTOR('',#1647,10.);
#315=VECTOR('',#1650,10.);
#316=VECTOR('',#1651,10.);
#317=VECTOR('',#1654,10.);
#318=VECTOR('',#1657,10.);
#319=VECTOR('',#1660,10.);
#320=VECTOR('',#1665,10.);
#321=VECTOR('',#1668,10.);
#322=VECTOR('',#1671,10.);
#323=VECTOR('',#1672,10.);
#324=VECTOR('',#1677,10.);
#325=VECTOR('',#1680,10.);
#326=VECTOR('',#1687,10.);
#327=VECTOR('',#1690,10.);
#328=VECTOR('',#1691,10.);
#329=VECTOR('',#1692,10.);
#330=VECTOR('',#1693,10.);
#331=VECTOR('',#1694,10.);
#332=VECTOR('',#1695,10.);
#333=VECTOR('',#1706,10.);
#334=VECTOR('',#1707,10.);
#335=VECTOR('',#1714,2.3);
#336=VECTOR('',#1721,2.3);
#337=VECTOR('',#1728,2.3);
#338=VECTOR('',#1735,2.3);
#339=VECTOR('',#1742,10.);
#340=VECTOR('',#1743,10.);
#341=VECTOR('',#1744,10.);
#342=VECTOR('',#1745,10.);
#343=VECTOR('',#1746,10.);
#344=VECTOR('',#1747,10.);
#345=VECTOR('',#1748,10.);
#346=VECTOR('',#1751,10.);
#347=VECTOR('',#1752,10.);
#348=VECTOR('',#1753,10.);
#349=VECTOR('',#1754,10.);
#350=VECTOR('',#1755,10.);
#351=VECTOR('',#1756,10.);
#352=VECTOR('',#1759,10.);
#353=VECTOR('',#1760,10.);
#354=VECTOR('',#1761,10.);
#355=VECTOR('',#1762,10.);
#356=VECTOR('',#1763,10.);
#357=VECTOR('',#1764,10.);
#358=VECTOR('',#1767,10.);
#359=VECTOR('',#1768,10.);
#360=VECTOR('',#1769,10.);
#361=VECTOR('',#1770,10.);
#362=VECTOR('',#1771,10.);
#363=VECTOR('',#1776,2.3);
#364=VECTOR('',#1799,2.3);
#365=VECTOR('',#1814,2.3);
#366=VECTOR('',#1829,2.3);
#367=VERTEX_POINT('',#1959);
#368=VERTEX_POINT('',#1960);
#369=VERTEX_POINT('',#1962);
#370=VERTEX_POINT('',#1964);
#371=VERTEX_POINT('',#1968);
#372=VERTEX_POINT('',#1969);
#373=VERTEX_POINT('',#1974);
#374=VERTEX_POINT('',#1975);
#375=VERTEX_POINT('',#1983);
#376=VERTEX_POINT('',#1985);
#377=VERTEX_POINT('',#1989);
#378=VERTEX_POINT('',#1993);
#379=VERTEX_POINT('',#1994);
#380=VERTEX_POINT('',#1996);
#381=VERTEX_POINT('',#1998);
#382=VERTEX_POINT('',#2002);
#383=VERTEX_POINT('',#2004);
#384=VERTEX_POINT('',#2008);
#385=VERTEX_POINT('',#2010);
#386=VERTEX_POINT('',#2014);
#387=VERTEX_POINT('',#2018);
#388=VERTEX_POINT('',#2020);
#389=VERTEX_POINT('',#2022);
#390=VERTEX_POINT('',#2024);
#391=VERTEX_POINT('',#2026);
#392=VERTEX_POINT('',#2030);
#393=VERTEX_POINT('',#2032);
#394=VERTEX_POINT('',#2036);
#395=VERTEX_POINT('',#2040);
#396=VERTEX_POINT('',#2044);
#397=VERTEX_POINT('',#2045);
#398=VERTEX_POINT('',#2054);
#399=VERTEX_POINT('',#2055);
#400=VERTEX_POINT('',#2057);
#401=VERTEX_POINT('',#2059);
#402=VERTEX_POINT('',#2062);
#403=VERTEX_POINT('',#2064);
#404=VERTEX_POINT('',#2066);
#405=VERTEX_POINT('',#2068);
#406=VERTEX_POINT('',#2071);
#407=VERTEX_POINT('',#2077);
#408=VERTEX_POINT('',#2082);
#409=VERTEX_POINT('',#2087);
#410=VERTEX_POINT('',#2092);
#411=VERTEX_POINT('',#2097);
#412=VERTEX_POINT('',#2098);
#413=VERTEX_POINT('',#2100);
#414=VERTEX_POINT('',#2102);
#415=VERTEX_POINT('',#2104);
#416=VERTEX_POINT('',#2106);
#417=VERTEX_POINT('',#2111);
#418=VERTEX_POINT('',#2112);
#419=VERTEX_POINT('',#2114);
#420=VERTEX_POINT('',#2116);
#421=VERTEX_POINT('',#2119);
#422=VERTEX_POINT('',#2123);
#423=VERTEX_POINT('',#2125);
#424=VERTEX_POINT('',#2127);
#425=VERTEX_POINT('',#2129);
#426=VERTEX_POINT('',#2131);
#427=VERTEX_POINT('',#2135);
#428=VERTEX_POINT('',#2137);
#429=VERTEX_POINT('',#2139);
#430=VERTEX_POINT('',#2141);
#431=VERTEX_POINT('',#2145);
#432=VERTEX_POINT('',#2147);
#433=VERTEX_POINT('',#2159);
#434=VERTEX_POINT('',#2161);
#435=VERTEX_POINT('',#2169);
#436=VERTEX_POINT('',#2171);
#437=VERTEX_POINT('',#2179);
#438=VERTEX_POINT('',#2181);
#439=EDGE_CURVE('',#367,#368,#225,.T.);
#440=EDGE_CURVE('',#368,#369,#191,.T.);
#441=EDGE_CURVE('',#369,#370,#226,.T.);
#442=EDGE_CURVE('',#370,#367,#192,.T.);
#443=EDGE_CURVE('',#371,#372,#227,.T.);
#444=EDGE_CURVE('',#372,#368,#228,.T.);
#445=EDGE_CURVE('',#367,#371,#229,.T.);
#446=EDGE_CURVE('',#373,#374,#230,.T.);
#447=EDGE_CURVE('',#374,#372,#193,.T.);
#448=EDGE_CURVE('',#371,#373,#194,.T.);
#449=EDGE_CURVE('',#369,#374,#231,.T.);
#450=EDGE_CURVE('',#373,#370,#232,.T.);
#451=EDGE_CURVE('',#367,#375,#233,.T.);
#452=EDGE_CURVE('',#376,#375,#234,.T.);
#453=EDGE_CURVE('',#371,#376,#235,.T.);
#454=EDGE_CURVE('',#370,#377,#236,.T.);
#455=EDGE_CURVE('',#375,#377,#195,.T.);
#456=EDGE_CURVE('',#378,#379,#237,.T.);
#457=EDGE_CURVE('',#380,#378,#238,.T.);
#458=EDGE_CURVE('',#381,#380,#239,.T.);
#459=EDGE_CURVE('',#379,#381,#240,.T.);
#460=EDGE_CURVE('',#379,#382,#196,.T.);
#461=EDGE_CURVE('',#382,#383,#241,.T.);
#462=EDGE_CURVE('',#383,#378,#15,.T.);
#463=EDGE_CURVE('',#383,#384,#242,.T.);
#464=EDGE_CURVE('',#384,#385,#16,.T.);
#465=EDGE_CURVE('',#385,#378,#243,.T.);
#466=EDGE_CURVE('',#385,#386,#244,.T.);
#467=EDGE_CURVE('',#380,#386,#245,.T.);
#468=EDGE_CURVE('',#387,#384,#246,.T.);
#469=EDGE_CURVE('',#388,#387,#17,.T.);
#470=EDGE_CURVE('',#388,#389,#247,.T.);
#471=EDGE_CURVE('',#390,#389,#18,.T.);
#472=EDGE_CURVE('',#391,#390,#248,.T.);
#473=EDGE_CURVE('',#386,#391,#19,.T.);
#474=EDGE_CURVE('',#387,#392,#249,.T.);
#475=EDGE_CURVE('',#392,#393,#197,.T.);
#476=EDGE_CURVE('',#393,#388,#250,.T.);
#477=EDGE_CURVE('',#394,#393,#251,.T.);
#478=EDGE_CURVE('',#389,#394,#252,.T.);
#479=EDGE_CURVE('',#394,#395,#198,.T.);
#480=EDGE_CURVE('',#395,#390,#253,.T.);
#481=EDGE_CURVE('',#396,#397,#254,.T.);
#482=EDGE_CURVE('',#397,#381,#199,.T.);
#483=EDGE_CURVE('',#380,#396,#20,.T.);
#484=EDGE_CURVE('',#391,#396,#255,.T.);
#485=EDGE_CURVE('',#397,#395,#256,.T.);
#486=EDGE_CURVE('',#392,#382,#257,.T.);
#487=EDGE_CURVE('',#398,#399,#258,.T.);
#488=EDGE_CURVE('',#399,#400,#259,.T.);
#489=EDGE_CURVE('',#400,#401,#260,.T.);
#490=EDGE_CURVE('',#401,#398,#261,.T.);
#491=EDGE_CURVE('',#402,#402,#200,.T.);
#492=EDGE_CURVE('',#403,#403,#201,.T.);
#493=EDGE_CURVE('',#404,#404,#202,.T.);
#494=EDGE_CURVE('',#405,#405,#203,.T.);
#495=EDGE_CURVE('',#373,#406,#262,.T.);
#496=EDGE_CURVE('',#377,#406,#263,.T.);
#497=EDGE_CURVE('',#406,#376,#204,.T.);
#498=EDGE_CURVE('',#405,#407,#264,.T.);
#499=EDGE_CURVE('',#407,#407,#205,.T.);
#500=EDGE_CURVE('',#404,#408,#265,.T.);
#501=EDGE_CURVE('',#408,#408,#206,.T.);
#502=EDGE_CURVE('',#403,#409,#266,.T.);
#503=EDGE_CURVE('',#409,#409,#207,.T.);
#504=EDGE_CURVE('',#402,#410,#267,.T.);
#505=EDGE_CURVE('',#410,#410,#208,.T.);
#506=EDGE_CURVE('',#411,#412,#268,.T.);
#507=EDGE_CURVE('',#413,#411,#269,.T.);
#508=EDGE_CURVE('',#414,#413,#270,.T.);
#509=EDGE_CURVE('',#414,#415,#271,.T.);
#510=EDGE_CURVE('',#416,#415,#272,.T.);
#511=EDGE_CURVE('',#416,#398,#273,.T.);
#512=EDGE_CURVE('',#412,#401,#274,.T.);
#513=EDGE_CURVE('',#417,#418,#275,.T.);
#514=EDGE_CURVE('',#419,#417,#276,.T.);
#515=EDGE_CURVE('',#419,#420,#277,.T.);
#516=EDGE_CURVE('',#412,#420,#278,.T.);
#517=EDGE_CURVE('',#421,#400,#279,.T.);
#518=EDGE_CURVE('',#418,#421,#280,.T.);
#519=EDGE_CURVE('',#421,#422,#281,.T.);
#520=EDGE_CURVE('',#423,#399,#282,.T.);
#521=EDGE_CURVE('',#424,#423,#283,.T.);
#522=EDGE_CURVE('',#425,#424,#284,.T.);
#523=EDGE_CURVE('',#426,#425,#285,.T.);
#524=EDGE_CURVE('',#426,#422,#286,.T.);
#525=EDGE_CURVE('',#423,#427,#287,.T.);
#526=EDGE_CURVE('',#428,#416,#288,.T.);
#527=EDGE_CURVE('',#429,#428,#289,.T.);
#528=EDGE_CURVE('',#430,#429,#290,.T.);
#529=EDGE_CURVE('',#430,#427,#291,.T.);
#530=EDGE_CURVE('',#431,#431,#209,.T.);
#531=EDGE_CURVE('',#431,#432,#292,.T.);
#532=EDGE_CURVE('',#432,#432,#210,.T.);
#533=EDGE_CURVE('',#429,#414,#211,.T.);
#534=EDGE_CURVE('',#415,#428,#212,.T.);
#535=EDGE_CURVE('',#417,#426,#213,.T.);
#536=EDGE_CURVE('',#425,#430,#214,.T.);
#537=EDGE_CURVE('',#413,#419,#215,.T.);
#538=EDGE_CURVE('',#433,#433,#216,.T.);
#539=EDGE_CURVE('',#433,#434,#293,.T.);
#540=EDGE_CURVE('',#434,#434,#217,.T.);
#541=EDGE_CURVE('',#427,#424,#218,.T.);
#542=EDGE_CURVE('',#435,#435,#219,.T.);
#543=EDGE_CURVE('',#435,#436,#294,.T.);
#544=EDGE_CURVE('',#436,#436,#220,.T.);
#545=EDGE_CURVE('',#420,#411,#221,.T.);
#546=EDGE_CURVE('',#437,#437,#222,.T.);
#547=EDGE_CURVE('',#437,#438,#295,.T.);
#548=EDGE_CURVE('',#438,#438,#223,.T.);
#549=EDGE_CURVE('',#422,#418,#224,.T.);
#550=ORIENTED_EDGE('',*,*,#439,.T.);
#551=ORIENTED_EDGE('',*,*,#440,.T.);
#552=ORIENTED_EDGE('',*,*,#441,.T.);
#553=ORIENTED_EDGE('',*,*,#442,.T.);
#554=ORIENTED_EDGE('',*,*,#443,.T.);
#555=ORIENTED_EDGE('',*,*,#444,.T.);
#556=ORIENTED_EDGE('',*,*,#439,.F.);
#557=ORIENTED_EDGE('',*,*,#445,.T.);
#558=ORIENTED_EDGE('',*,*,#446,.T.);
#559=ORIENTED_EDGE('',*,*,#447,.T.);
#560=ORIENTED_EDGE('',*,*,#443,.F.);
#561=ORIENTED_EDGE('',*,*,#448,.T.);
#562=ORIENTED_EDGE('',*,*,#441,.F.);
#563=ORIENTED_EDGE('',*,*,#449,.T.);
#564=ORIENTED_EDGE('',*,*,#446,.F.);
#565=ORIENTED_EDGE('',*,*,#450,.T.);
#566=ORIENTED_EDGE('',*,*,#445,.F.);
#567=ORIENTED_EDGE('',*,*,#451,.T.);
#568=ORIENTED_EDGE('',*,*,#452,.F.);
#569=ORIENTED_EDGE('',*,*,#453,.F.);
#570=ORIENTED_EDGE('',*,*,#442,.F.);
#571=ORIENTED_EDGE('',*,*,#454,.T.);
#572=ORIENTED_EDGE('',*,*,#455,.F.);
#573=ORIENTED_EDGE('',*,*,#451,.F.);
#574=ORIENTED_EDGE('',*,*,#456,.F.);
#575=ORIENTED_EDGE('',*,*,#457,.F.);
#576=ORIENTED_EDGE('',*,*,#458,.F.);
#577=ORIENTED_EDGE('',*,*,#459,.F.);
#578=ORIENTED_EDGE('',*,*,#440,.F.);
#579=ORIENTED_EDGE('',*,*,#444,.F.);
#580=ORIENTED_EDGE('',*,*,#447,.F.);
#581=ORIENTED_EDGE('',*,*,#449,.F.);
#582=ORIENTED_EDGE('',*,*,#456,.T.);
#583=ORIENTED_EDGE('',*,*,#460,.T.);
#584=ORIENTED_EDGE('',*,*,#461,.T.);
#585=ORIENTED_EDGE('',*,*,#462,.T.);
#586=ORIENTED_EDGE('',*,*,#463,.T.);
#587=ORIENTED_EDGE('',*,*,#464,.T.);
#588=ORIENTED_EDGE('',*,*,#465,.T.);
#589=ORIENTED_EDGE('',*,*,#462,.F.);
#590=ORIENTED_EDGE('',*,*,#465,.F.);
#591=ORIENTED_EDGE('',*,*,#466,.T.);
#592=ORIENTED_EDGE('',*,*,#467,.F.);
#593=ORIENTED_EDGE('',*,*,#457,.T.);
#594=ORIENTED_EDGE('',*,*,#464,.F.);
#595=ORIENTED_EDGE('',*,*,#468,.F.);
#596=ORIENTED_EDGE('',*,*,#469,.F.);
#597=ORIENTED_EDGE('',*,*,#470,.T.);
#598=ORIENTED_EDGE('',*,*,#471,.F.);
#599=ORIENTED_EDGE('',*,*,#472,.F.);
#600=ORIENTED_EDGE('',*,*,#473,.F.);
#601=ORIENTED_EDGE('',*,*,#466,.F.);
#602=ORIENTED_EDGE('',*,*,#469,.T.);
#603=ORIENTED_EDGE('',*,*,#474,.T.);
#604=ORIENTED_EDGE('',*,*,#475,.T.);
#605=ORIENTED_EDGE('',*,*,#476,.T.);
#606=ORIENTED_EDGE('',*,*,#476,.F.);
#607=ORIENTED_EDGE('',*,*,#477,.F.);
#608=ORIENTED_EDGE('',*,*,#478,.F.);
#609=ORIENTED_EDGE('',*,*,#470,.F.);
#610=ORIENTED_EDGE('',*,*,#479,.T.);
#611=ORIENTED_EDGE('',*,*,#480,.T.);
#612=ORIENTED_EDGE('',*,*,#471,.T.);
#613=ORIENTED_EDGE('',*,*,#478,.T.);
#614=ORIENTED_EDGE('',*,*,#481,.T.);
#615=ORIENTED_EDGE('',*,*,#482,.T.);
#616=ORIENTED_EDGE('',*,*,#458,.T.);
#617=ORIENTED_EDGE('',*,*,#483,.T.);
#618=ORIENTED_EDGE('',*,*,#467,.T.);
#619=ORIENTED_EDGE('',*,*,#473,.T.);
#620=ORIENTED_EDGE('',*,*,#484,.T.);
#621=ORIENTED_EDGE('',*,*,#483,.F.);
#622=ORIENTED_EDGE('',*,*,#460,.F.);
#623=ORIENTED_EDGE('',*,*,#459,.T.);
#624=ORIENTED_EDGE('',*,*,#482,.F.);
#625=ORIENTED_EDGE('',*,*,#485,.T.);
#626=ORIENTED_EDGE('',*,*,#479,.F.);
#627=ORIENTED_EDGE('',*,*,#477,.T.);
#628=ORIENTED_EDGE('',*,*,#475,.F.);
#629=ORIENTED_EDGE('',*,*,#486,.T.);
#630=ORIENTED_EDGE('',*,*,#487,.T.);
#631=ORIENTED_EDGE('',*,*,#488,.T.);
#632=ORIENTED_EDGE('',*,*,#489,.T.);
#633=ORIENTED_EDGE('',*,*,#490,.T.);
#634=ORIENTED_EDGE('',*,*,#491,.T.);
#635=ORIENTED_EDGE('',*,*,#492,.T.);
#636=ORIENTED_EDGE('',*,*,#493,.T.);
#637=ORIENTED_EDGE('',*,*,#494,.T.);
#638=ORIENTED_EDGE('',*,*,#450,.F.);
#639=ORIENTED_EDGE('',*,*,#495,.T.);
#640=ORIENTED_EDGE('',*,*,#496,.F.);
#641=ORIENTED_EDGE('',*,*,#454,.F.);
#642=ORIENTED_EDGE('',*,*,#448,.F.);
#643=ORIENTED_EDGE('',*,*,#453,.T.);
#644=ORIENTED_EDGE('',*,*,#497,.F.);
#645=ORIENTED_EDGE('',*,*,#495,.F.);
#646=ORIENTED_EDGE('',*,*,#494,.F.);
#647=ORIENTED_EDGE('',*,*,#498,.T.);
#648=ORIENTED_EDGE('',*,*,#499,.T.);
#649=ORIENTED_EDGE('',*,*,#498,.F.);
#650=ORIENTED_EDGE('',*,*,#499,.F.);
#651=ORIENTED_EDGE('',*,*,#493,.F.);
#652=ORIENTED_EDGE('',*,*,#500,.T.);
#653=ORIENTED_EDGE('',*,*,#501,.T.);
#654=ORIENTED_EDGE('',*,*,#500,.F.);
#655=ORIENTED_EDGE('',*,*,#501,.F.);
#656=ORIENTED_EDGE('',*,*,#492,.F.);
#657=ORIENTED_EDGE('',*,*,#502,.T.);
#658=ORIENTED_EDGE('',*,*,#503,.T.);
#659=ORIENTED_EDGE('',*,*,#502,.F.);
#660=ORIENTED_EDGE('',*,*,#503,.F.);
#661=ORIENTED_EDGE('',*,*,#491,.F.);
#662=ORIENTED_EDGE('',*,*,#504,.T.);
#663=ORIENTED_EDGE('',*,*,#505,.T.);
#664=ORIENTED_EDGE('',*,*,#504,.F.);
#665=ORIENTED_EDGE('',*,*,#505,.F.);
#666=ORIENTED_EDGE('',*,*,#506,.F.);
#667=ORIENTED_EDGE('',*,*,#507,.F.);
#668=ORIENTED_EDGE('',*,*,#508,.F.);
#669=ORIENTED_EDGE('',*,*,#509,.T.);
#670=ORIENTED_EDGE('',*,*,#510,.F.);
#671=ORIENTED_EDGE('',*,*,#511,.T.);
#672=ORIENTED_EDGE('',*,*,#490,.F.);
#673=ORIENTED_EDGE('',*,*,#512,.F.);
#674=ORIENTED_EDGE('',*,*,#496,.T.);
#675=ORIENTED_EDGE('',*,*,#497,.T.);
#676=ORIENTED_EDGE('',*,*,#452,.T.);
#677=ORIENTED_EDGE('',*,*,#455,.T.);
#678=ORIENTED_EDGE('',*,*,#513,.F.);
#679=ORIENTED_EDGE('',*,*,#514,.F.);
#680=ORIENTED_EDGE('',*,*,#515,.T.);
#681=ORIENTED_EDGE('',*,*,#516,.F.);
#682=ORIENTED_EDGE('',*,*,#512,.T.);
#683=ORIENTED_EDGE('',*,*,#489,.F.);
#684=ORIENTED_EDGE('',*,*,#517,.F.);
#685=ORIENTED_EDGE('',*,*,#518,.F.);
#686=ORIENTED_EDGE('',*,*,#519,.F.);
#687=ORIENTED_EDGE('',*,*,#517,.T.);
#688=ORIENTED_EDGE('',*,*,#488,.F.);
#689=ORIENTED_EDGE('',*,*,#520,.F.);
#690=ORIENTED_EDGE('',*,*,#521,.F.);
#691=ORIENTED_EDGE('',*,*,#522,.F.);
#692=ORIENTED_EDGE('',*,*,#523,.F.);
#693=ORIENTED_EDGE('',*,*,#524,.T.);
#694=ORIENTED_EDGE('',*,*,#525,.F.);
#695=ORIENTED_EDGE('',*,*,#520,.T.);
#696=ORIENTED_EDGE('',*,*,#487,.F.);
#697=ORIENTED_EDGE('',*,*,#511,.F.);
#698=ORIENTED_EDGE('',*,*,#526,.F.);
#699=ORIENTED_EDGE('',*,*,#527,.F.);
#700=ORIENTED_EDGE('',*,*,#528,.F.);
#701=ORIENTED_EDGE('',*,*,#529,.T.);
#702=ORIENTED_EDGE('',*,*,#530,.F.);
#703=ORIENTED_EDGE('',*,*,#531,.T.);
#704=ORIENTED_EDGE('',*,*,#532,.F.);
#705=ORIENTED_EDGE('',*,*,#531,.F.);
#706=ORIENTED_EDGE('',*,*,#533,.F.);
#707=ORIENTED_EDGE('',*,*,#527,.T.);
#708=ORIENTED_EDGE('',*,*,#534,.F.);
#709=ORIENTED_EDGE('',*,*,#509,.F.);
#710=ORIENTED_EDGE('',*,*,#510,.T.);
#711=ORIENTED_EDGE('',*,*,#534,.T.);
#712=ORIENTED_EDGE('',*,*,#526,.T.);
#713=ORIENTED_EDGE('',*,*,#530,.T.);
#714=ORIENTED_EDGE('',*,*,#514,.T.);
#715=ORIENTED_EDGE('',*,*,#535,.T.);
#716=ORIENTED_EDGE('',*,*,#523,.T.);
#717=ORIENTED_EDGE('',*,*,#536,.T.);
#718=ORIENTED_EDGE('',*,*,#528,.T.);
#719=ORIENTED_EDGE('',*,*,#533,.T.);
#720=ORIENTED_EDGE('',*,*,#508,.T.);
#721=ORIENTED_EDGE('',*,*,#537,.T.);
#722=ORIENTED_EDGE('',*,*,#538,.F.);
#723=ORIENTED_EDGE('',*,*,#539,.T.);
#724=ORIENTED_EDGE('',*,*,#540,.F.);
#725=ORIENTED_EDGE('',*,*,#539,.F.);
#726=ORIENTED_EDGE('',*,*,#536,.F.);
#727=ORIENTED_EDGE('',*,*,#522,.T.);
#728=ORIENTED_EDGE('',*,*,#541,.F.);
#729=ORIENTED_EDGE('',*,*,#529,.F.);
#730=ORIENTED_EDGE('',*,*,#525,.T.);
#731=ORIENTED_EDGE('',*,*,#541,.T.);
#732=ORIENTED_EDGE('',*,*,#521,.T.);
#733=ORIENTED_EDGE('',*,*,#538,.T.);
#734=ORIENTED_EDGE('',*,*,#532,.T.);
#735=ORIENTED_EDGE('',*,*,#542,.F.);
#736=ORIENTED_EDGE('',*,*,#543,.T.);
#737=ORIENTED_EDGE('',*,*,#544,.F.);
#738=ORIENTED_EDGE('',*,*,#543,.F.);
#739=ORIENTED_EDGE('',*,*,#537,.F.);
#740=ORIENTED_EDGE('',*,*,#507,.T.);
#741=ORIENTED_EDGE('',*,*,#545,.F.);
#742=ORIENTED_EDGE('',*,*,#515,.F.);
#743=ORIENTED_EDGE('',*,*,#516,.T.);
#744=ORIENTED_EDGE('',*,*,#545,.T.);
#745=ORIENTED_EDGE('',*,*,#506,.T.);
#746=ORIENTED_EDGE('',*,*,#542,.T.);
#747=ORIENTED_EDGE('',*,*,#540,.T.);
#748=ORIENTED_EDGE('',*,*,#546,.F.);
#749=ORIENTED_EDGE('',*,*,#547,.T.);
#750=ORIENTED_EDGE('',*,*,#548,.F.);
#751=ORIENTED_EDGE('',*,*,#547,.F.);
#752=ORIENTED_EDGE('',*,*,#535,.F.);
#753=ORIENTED_EDGE('',*,*,#513,.T.);
#754=ORIENTED_EDGE('',*,*,#549,.F.);
#755=ORIENTED_EDGE('',*,*,#524,.F.);
#756=ORIENTED_EDGE('',*,*,#519,.T.);
#757=ORIENTED_EDGE('',*,*,#549,.T.);
#758=ORIENTED_EDGE('',*,*,#518,.T.);
#759=ORIENTED_EDGE('',*,*,#546,.T.);
#760=ORIENTED_EDGE('',*,*,#544,.T.);
#761=ORIENTED_EDGE('',*,*,#480,.F.);
#762=ORIENTED_EDGE('',*,*,#485,.F.);
#763=ORIENTED_EDGE('',*,*,#481,.F.);
#764=ORIENTED_EDGE('',*,*,#484,.F.);
#765=ORIENTED_EDGE('',*,*,#472,.T.);
#766=ORIENTED_EDGE('',*,*,#461,.F.);
#767=ORIENTED_EDGE('',*,*,#486,.F.);
#768=ORIENTED_EDGE('',*,*,#474,.F.);
#769=ORIENTED_EDGE('',*,*,#468,.T.);
#770=ORIENTED_EDGE('',*,*,#463,.F.);
#771=ORIENTED_EDGE('',*,*,#548,.T.);
#772=CONICAL_SURFACE('',#1329,2.375,0.785398163397451);
#773=CONICAL_SURFACE('',#1333,2.375,0.785398163397451);
#774=ADVANCED_FACE('',(#80),#772,.F.);
#775=ADVANCED_FACE('',(#81),#52,.T.);
#776=ADVANCED_FACE('',(#82),#773,.F.);
#777=ADVANCED_FACE('',(#83),#53,.T.);
#778=ADVANCED_FACE('',(#84),#54,.F.);
#779=ADVANCED_FACE('',(#85),#32,.F.);
#780=ADVANCED_FACE('',(#86,#21),#55,.T.);
#781=ADVANCED_FACE('',(#87),#33,.T.);
#782=ADVANCED_FACE('',(#88),#34,.T.);
#783=ADVANCED_FACE('',(#89),#56,.T.);
#784=ADVANCED_FACE('',(#90),#57,.T.);
#785=ADVANCED_FACE('',(#91),#35,.T.);
#786=ADVANCED_FACE('',(#92),#58,.T.);
#787=ADVANCED_FACE('',(#93),#36,.T.);
#788=ADVANCED_FACE('',(#94),#37,.T.);
#789=ADVANCED_FACE('',(#95),#38,.T.);
#790=ADVANCED_FACE('',(#96,#22,#23,#24,#25,#26),#59,.T.);
#791=ADVANCED_FACE('',(#97),#60,.F.);
#792=ADVANCED_FACE('',(#98),#39,.F.);
#793=ADVANCED_FACE('',(#99),#40,.F.);
#794=ADVANCED_FACE('',(#100),#61,.T.);
#795=ADVANCED_FACE('',(#101),#41,.F.);
#796=ADVANCED_FACE('',(#102),#62,.T.);
#797=ADVANCED_FACE('',(#103),#42,.F.);
#798=ADVANCED_FACE('',(#104),#63,.T.);
#799=ADVANCED_FACE('',(#105),#43,.F.);
#800=ADVANCED_FACE('',(#106),#64,.T.);
#801=ADVANCED_FACE('',(#107,#27),#65,.T.);
#802=ADVANCED_FACE('',(#108),#66,.T.);
#803=ADVANCED_FACE('',(#109),#67,.T.);
#804=ADVANCED_FACE('',(#110),#68,.T.);
#805=ADVANCED_FACE('',(#111),#44,.F.);
#806=ADVANCED_FACE('',(#112),#45,.T.);
#807=ADVANCED_FACE('',(#113,#28),#69,.T.);
#808=ADVANCED_FACE('',(#114),#70,.T.);
#809=ADVANCED_FACE('',(#115),#46,.F.);
#810=ADVANCED_FACE('',(#116),#47,.T.);
#811=ADVANCED_FACE('',(#117,#29),#71,.T.);
#812=ADVANCED_FACE('',(#118),#72,.T.);
#813=ADVANCED_FACE('',(#119),#48,.F.);
#814=ADVANCED_FACE('',(#120),#49,.T.);
#815=ADVANCED_FACE('',(#121,#30),#73,.T.);
#816=ADVANCED_FACE('',(#122),#74,.T.);
#817=ADVANCED_FACE('',(#123),#50,.F.);
#818=ADVANCED_FACE('',(#124),#51,.T.);
#819=ADVANCED_FACE('',(#125,#31),#75,.T.);
#820=ADVANCED_FACE('',(#126),#76,.T.);
#821=ADVANCED_FACE('',(#127),#77,.T.);
#822=ADVANCED_FACE('',(#128),#78,.T.);
#823=ADVANCED_FACE('',(#129),#79,.T.);
#824=CLOSED_SHELL('',(#774,#775,#776,#777,#778,#779,#780,#781,#782,#783,
#784,#785,#786,#787,#788,#789,#790,#791,#792,#793,#794,#795,#796,#797,#798,
#799,#800,#801,#802,#803,#804,#805,#806,#807,#808,#809,#810,#811,#812,#813,
#814,#815,#816,#817,#818,#819,#820,#821,#822,#823));
#825=ITEM_DEFINED_TRANSFORMATION($,$,#1253,#1254);
#826=ITEM_DEFINED_TRANSFORMATION($,$,#1264,#1268);
#827=ITEM_DEFINED_TRANSFORMATION($,$,#1265,#1269);
#828=ITEM_DEFINED_TRANSFORMATION($,$,#1266,#1270);
#829=ITEM_DEFINED_TRANSFORMATION($,$,#1266,#1271);
#830=ITEM_DEFINED_TRANSFORMATION($,$,#1266,#1272);
#831=ITEM_DEFINED_TRANSFORMATION($,$,#1266,#1273);
#832=ITEM_DEFINED_TRANSFORMATION($,$,#1266,#1274);
#833=ITEM_DEFINED_TRANSFORMATION($,$,#1266,#1275);
#834=ITEM_DEFINED_TRANSFORMATION($,$,#1266,#1276);
#835=ITEM_DEFINED_TRANSFORMATION($,$,#1266,#1277);
#836=ITEM_DEFINED_TRANSFORMATION($,$,#1266,#1278);
#837=ITEM_DEFINED_TRANSFORMATION($,$,#1266,#1279);
#838=ITEM_DEFINED_TRANSFORMATION($,$,#1266,#1280);
#839=ITEM_DEFINED_TRANSFORMATION($,$,#1266,#1281);
#840=ITEM_DEFINED_TRANSFORMATION($,$,#1266,#1282);
#841=ITEM_DEFINED_TRANSFORMATION($,$,#1267,#1283);
#842=ITEM_DEFINED_TRANSFORMATION($,$,#1263,#1284);
#843=ITEM_DEFINED_TRANSFORMATION($,$,#1288,#1289);
#844=ITEM_DEFINED_TRANSFORMATION($,$,#1288,#1290);
#845=ITEM_DEFINED_TRANSFORMATION($,$,#1288,#1291);
#846=ITEM_DEFINED_TRANSFORMATION($,$,#1288,#1292);
#847=ITEM_DEFINED_TRANSFORMATION($,$,#1288,#1293);
#848=ITEM_DEFINED_TRANSFORMATION($,$,#1288,#1294);
#849=ITEM_DEFINED_TRANSFORMATION($,$,#1288,#1295);
#850=ITEM_DEFINED_TRANSFORMATION($,$,#1288,#1296);
#851=ITEM_DEFINED_TRANSFORMATION($,$,#1288,#1297);
#852=ITEM_DEFINED_TRANSFORMATION($,$,#1288,#1298);
#853=ITEM_DEFINED_TRANSFORMATION($,$,#1288,#1299);
#854=ITEM_DEFINED_TRANSFORMATION($,$,#1288,#1300);
#855=ITEM_DEFINED_TRANSFORMATION($,$,#1307,#1312);
#856=ITEM_DEFINED_TRANSFORMATION($,$,#1308,#1313);
#857=ITEM_DEFINED_TRANSFORMATION($,$,#1309,#1314);
#858=ITEM_DEFINED_TRANSFORMATION($,$,#1310,#1315);
#859=ITEM_DEFINED_TRANSFORMATION($,$,#1311,#1316);
#860=ITEM_DEFINED_TRANSFORMATION($,$,#1304,#1319);
#861=ITEM_DEFINED_TRANSFORMATION($,$,#1305,#1320);
#862=ITEM_DEFINED_TRANSFORMATION($,$,#1306,#1321);
#863=ITEM_DEFINED_TRANSFORMATION($,$,#1317,#1322);
#864=ITEM_DEFINED_TRANSFORMATION($,$,#1318,#1323);
#865=ITEM_DEFINED_TRANSFORMATION($,$,#1303,#1325);
#866=ITEM_DEFINED_TRANSFORMATION($,$,#1324,#1326);
#867=ITEM_DEFINED_TRANSFORMATION($,$,#1302,#1327);
#868=ITEM_DEFINED_TRANSFORMATION($,$,#1250,#1419);
#869=ITEM_DEFINED_TRANSFORMATION($,$,#1251,#1420);
#870=ITEM_DEFINED_TRANSFORMATION($,$,#1252,#1421);
#871=ITEM_DEFINED_TRANSFORMATION($,$,#1255,#1422);
#872=ITEM_DEFINED_TRANSFORMATION($,$,#1256,#1423);
#873=ITEM_DEFINED_TRANSFORMATION($,$,#1257,#1424);
#874=ITEM_DEFINED_TRANSFORMATION($,$,#1258,#1425);
#875=ITEM_DEFINED_TRANSFORMATION($,$,#1259,#1426);
#876=ITEM_DEFINED_TRANSFORMATION($,$,#1260,#1427);
#877=ITEM_DEFINED_TRANSFORMATION($,$,#1261,#1428);
#878=ITEM_DEFINED_TRANSFORMATION($,$,#1262,#1429);
#879=ITEM_DEFINED_TRANSFORMATION($,$,#1285,#1430);
#880=ITEM_DEFINED_TRANSFORMATION($,$,#1286,#1431);
#881=ITEM_DEFINED_TRANSFORMATION($,$,#1287,#1432);
#882=ITEM_DEFINED_TRANSFORMATION($,$,#1301,#1433);
#883=ITEM_DEFINED_TRANSFORMATION($,$,#1328,#1434);
#884=(
REPRESENTATION_RELATIONSHIP($,$,#2424,#2423)
REPRESENTATION_RELATIONSHIP_WITH_TRANSFORMATION(#825)
SHAPE_REPRESENTATION_RELATIONSHIP()
);
#885=(
REPRESENTATION_RELATIONSHIP($,$,#2434,#2433)
REPRESENTATION_RELATIONSHIP_WITH_TRANSFORMATION(#826)
SHAPE_REPRESENTATION_RELATIONSHIP()
);
#886=(
REPRESENTATION_RELATIONSHIP($,$,#2435,#2433)
REPRESENTATION_RELATIONSHIP_WITH_TRANSFORMATION(#827)
SHAPE_REPRESENTATION_RELATIONSHIP()
);
#887=(
REPRESENTATION_RELATIONSHIP($,$,#2436,#2433)
REPRESENTATION_RELATIONSHIP_WITH_TRANSFORMATION(#828)
SHAPE_REPRESENTATION_RELATIONSHIP()
);
#888=(
REPRESENTATION_RELATIONSHIP($,$,#2436,#2433)
REPRESENTATION_RELATIONSHIP_WITH_TRANSFORMATION(#829)
SHAPE_REPRESENTATION_RELATIONSHIP()
);
#889=(
REPRESENTATION_RELATIONSHIP($,$,#2436,#2433)
REPRESENTATION_RELATIONSHIP_WITH_TRANSFORMATION(#830)
SHAPE_REPRESENTATION_RELATIONSHIP()
);
#890=(
REPRESENTATION_RELATIONSHIP($,$,#2436,#2433)
REPRESENTATION_RELATIONSHIP_WITH_TRANSFORMATION(#831)
SHAPE_REPRESENTATION_RELATIONSHIP()
);
#891=(
REPRESENTATION_RELATIONSHIP($,$,#2436,#2433)
REPRESENTATION_RELATIONSHIP_WITH_TRANSFORMATION(#832)
SHAPE_REPRESENTATION_RELATIONSHIP()
);
#892=(
REPRESENTATION_RELATIONSHIP($,$,#2436,#2433)
REPRESENTATION_RELATIONSHIP_WITH_TRANSFORMATION(#833)
SHAPE_REPRESENTATION_RELATIONSHIP()
);
#893=(
REPRESENTATION_RELATIONSHIP($,$,#2436,#2433)
REPRESENTATION_RELATIONSHIP_WITH_TRANSFORMATION(#834)
SHAPE_REPRESENTATION_RELATIONSHIP()
);
#894=(
REPRESENTATION_RELATIONSHIP($,$,#2436,#2433)
REPRESENTATION_RELATIONSHIP_WITH_TRANSFORMATION(#835)
SHAPE_REPRESENTATION_RELATIONSHIP()
);
#895=(
REPRESENTATION_RELATIONSHIP($,$,#2436,#2433)
REPRESENTATION_RELATIONSHIP_WITH_TRANSFORMATION(#836)
SHAPE_REPRESENTATION_RELATIONSHIP()
);
#896=(
REPRESENTATION_RELATIONSHIP($,$,#2436,#2433)
REPRESENTATION_RELATIONSHIP_WITH_TRANSFORMATION(#837)
SHAPE_REPRESENTATION_RELATIONSHIP()
);
#897=(
REPRESENTATION_RELATIONSHIP($,$,#2436,#2433)
REPRESENTATION_RELATIONSHIP_WITH_TRANSFORMATION(#838)
SHAPE_REPRESENTATION_RELATIONSHIP()
);
#898=(
REPRESENTATION_RELATIONSHIP($,$,#2436,#2433)
REPRESENTATION_RELATIONSHIP_WITH_TRANSFORMATION(#839)
SHAPE_REPRESENTATION_RELATIONSHIP()
);
#899=(
REPRESENTATION_RELATIONSHIP($,$,#2436,#2433)
REPRESENTATION_RELATIONSHIP_WITH_TRANSFORMATION(#840)
SHAPE_REPRESENTATION_RELATIONSHIP()
);
#900=(
REPRESENTATION_RELATIONSHIP($,$,#2437,#2433)
REPRESENTATION_RELATIONSHIP_WITH_TRANSFORMATION(#841)
SHAPE_REPRESENTATION_RELATIONSHIP()
);
#901=(
REPRESENTATION_RELATIONSHIP($,$,#2433,#2432)
REPRESENTATION_RELATIONSHIP_WITH_TRANSFORMATION(#842)
SHAPE_REPRESENTATION_RELATIONSHIP()
);
#902=(
REPRESENTATION_RELATIONSHIP($,$,#2441,#2421)
REPRESENTATION_RELATIONSHIP_WITH_TRANSFORMATION(#843)
SHAPE_REPRESENTATION_RELATIONSHIP()
);
#903=(
REPRESENTATION_RELATIONSHIP($,$,#2441,#2422)
REPRESENTATION_RELATIONSHIP_WITH_TRANSFORMATION(#844)
SHAPE_REPRESENTATION_RELATIONSHIP()
);
#904=(
REPRESENTATION_RELATIONSHIP($,$,#2441,#2425)
REPRESENTATION_RELATIONSHIP_WITH_TRANSFORMATION(#845)
SHAPE_REPRESENTATION_RELATIONSHIP()
);
#905=(
REPRESENTATION_RELATIONSHIP($,$,#2441,#2426)
REPRESENTATION_RELATIONSHIP_WITH_TRANSFORMATION(#846)
SHAPE_REPRESENTATION_RELATIONSHIP()
);
#906=(
REPRESENTATION_RELATIONSHIP($,$,#2441,#2427)
REPRESENTATION_RELATIONSHIP_WITH_TRANSFORMATION(#847)
SHAPE_REPRESENTATION_RELATIONSHIP()
);
#907=(
REPRESENTATION_RELATIONSHIP($,$,#2441,#2428)
REPRESENTATION_RELATIONSHIP_WITH_TRANSFORMATION(#848)
SHAPE_REPRESENTATION_RELATIONSHIP()
);
#908=(
REPRESENTATION_RELATIONSHIP($,$,#2441,#2429)
REPRESENTATION_RELATIONSHIP_WITH_TRANSFORMATION(#849)
SHAPE_REPRESENTATION_RELATIONSHIP()
);
#909=(
REPRESENTATION_RELATIONSHIP($,$,#2441,#2430)
REPRESENTATION_RELATIONSHIP_WITH_TRANSFORMATION(#850)
SHAPE_REPRESENTATION_RELATIONSHIP()
);
#910=(
REPRESENTATION_RELATIONSHIP($,$,#2441,#2431)
REPRESENTATION_RELATIONSHIP_WITH_TRANSFORMATION(#851)
SHAPE_REPRESENTATION_RELATIONSHIP()
);
#911=(
REPRESENTATION_RELATIONSHIP($,$,#2441,#2438)
REPRESENTATION_RELATIONSHIP_WITH_TRANSFORMATION(#852)
SHAPE_REPRESENTATION_RELATIONSHIP()
);
#912=(
REPRESENTATION_RELATIONSHIP($,$,#2441,#2439)
REPRESENTATION_RELATIONSHIP_WITH_TRANSFORMATION(#853)
SHAPE_REPRESENTATION_RELATIONSHIP()
);
#913=(
REPRESENTATION_RELATIONSHIP($,$,#2441,#2440)
REPRESENTATION_RELATIONSHIP_WITH_TRANSFORMATION(#854)
SHAPE_REPRESENTATION_RELATIONSHIP()
);
#914=(
REPRESENTATION_RELATIONSHIP($,$,#2448,#2447)
REPRESENTATION_RELATIONSHIP_WITH_TRANSFORMATION(#855)
SHAPE_REPRESENTATION_RELATIONSHIP()
);
#915=(
REPRESENTATION_RELATIONSHIP($,$,#2449,#2447)
REPRESENTATION_RELATIONSHIP_WITH_TRANSFORMATION(#856)
SHAPE_REPRESENTATION_RELATIONSHIP()
);
#916=(
REPRESENTATION_RELATIONSHIP($,$,#2450,#2447)
REPRESENTATION_RELATIONSHIP_WITH_TRANSFORMATION(#857)
SHAPE_REPRESENTATION_RELATIONSHIP()
);
#917=(
REPRESENTATION_RELATIONSHIP($,$,#2451,#2447)
REPRESENTATION_RELATIONSHIP_WITH_TRANSFORMATION(#858)
SHAPE_REPRESENTATION_RELATIONSHIP()
);
#918=(
REPRESENTATION_RELATIONSHIP($,$,#2452,#2447)
REPRESENTATION_RELATIONSHIP_WITH_TRANSFORMATION(#859)
SHAPE_REPRESENTATION_RELATIONSHIP()
);
#919=(
REPRESENTATION_RELATIONSHIP($,$,#2445,#2444)
REPRESENTATION_RELATIONSHIP_WITH_TRANSFORMATION(#860)
SHAPE_REPRESENTATION_RELATIONSHIP()
);
#920=(
REPRESENTATION_RELATIONSHIP($,$,#2446,#2444)
REPRESENTATION_RELATIONSHIP_WITH_TRANSFORMATION(#861)
SHAPE_REPRESENTATION_RELATIONSHIP()
);
#921=(
REPRESENTATION_RELATIONSHIP($,$,#2447,#2444)
REPRESENTATION_RELATIONSHIP_WITH_TRANSFORMATION(#862)
SHAPE_REPRESENTATION_RELATIONSHIP()
);
#922=(
REPRESENTATION_RELATIONSHIP($,$,#2453,#2444)
REPRESENTATION_RELATIONSHIP_WITH_TRANSFORMATION(#863)
SHAPE_REPRESENTATION_RELATIONSHIP()
);
#923=(
REPRESENTATION_RELATIONSHIP($,$,#2454,#2444)
REPRESENTATION_RELATIONSHIP_WITH_TRANSFORMATION(#864)
SHAPE_REPRESENTATION_RELATIONSHIP()
);
#924=(
REPRESENTATION_RELATIONSHIP($,$,#2444,#2443)
REPRESENTATION_RELATIONSHIP_WITH_TRANSFORMATION(#865)
SHAPE_REPRESENTATION_RELATIONSHIP()
);
#925=(
REPRESENTATION_RELATIONSHIP($,$,#2455,#2443)
REPRESENTATION_RELATIONSHIP_WITH_TRANSFORMATION(#866)
SHAPE_REPRESENTATION_RELATIONSHIP()
);
#926=(
REPRESENTATION_RELATIONSHIP($,$,#2443,#2442)
REPRESENTATION_RELATIONSHIP_WITH_TRANSFORMATION(#867)
SHAPE_REPRESENTATION_RELATIONSHIP()
);
#927=(
REPRESENTATION_RELATIONSHIP($,$,#2421,#2420)
REPRESENTATION_RELATIONSHIP_WITH_TRANSFORMATION(#868)
SHAPE_REPRESENTATION_RELATIONSHIP()
);
#928=(
REPRESENTATION_RELATIONSHIP($,$,#2422,#2420)
REPRESENTATION_RELATIONSHIP_WITH_TRANSFORMATION(#869)
SHAPE_REPRESENTATION_RELATIONSHIP()
);
#929=(
REPRESENTATION_RELATIONSHIP($,$,#2423,#2420)
REPRESENTATION_RELATIONSHIP_WITH_TRANSFORMATION(#870)
SHAPE_REPRESENTATION_RELATIONSHIP()
);
#930=(
REPRESENTATION_RELATIONSHIP($,$,#2425,#2420)
REPRESENTATION_RELATIONSHIP_WITH_TRANSFORMATION(#871)
SHAPE_REPRESENTATION_RELATIONSHIP()
);
#931=(
REPRESENTATION_RELATIONSHIP($,$,#2426,#2420)
REPRESENTATION_RELATIONSHIP_WITH_TRANSFORMATION(#872)
SHAPE_REPRESENTATION_RELATIONSHIP()
);
#932=(
REPRESENTATION_RELATIONSHIP($,$,#2427,#2420)
REPRESENTATION_RELATIONSHIP_WITH_TRANSFORMATION(#873)
SHAPE_REPRESENTATION_RELATIONSHIP()
);
#933=(
REPRESENTATION_RELATIONSHIP($,$,#2428,#2420)
REPRESENTATION_RELATIONSHIP_WITH_TRANSFORMATION(#874)
SHAPE_REPRESENTATION_RELATIONSHIP()
);
#934=(
REPRESENTATION_RELATIONSHIP($,$,#2429,#2420)
REPRESENTATION_RELATIONSHIP_WITH_TRANSFORMATION(#875)
SHAPE_REPRESENTATION_RELATIONSHIP()
);
#935=(
REPRESENTATION_RELATIONSHIP($,$,#2430,#2420)
REPRESENTATION_RELATIONSHIP_WITH_TRANSFORMATION(#876)
SHAPE_REPRESENTATION_RELATIONSHIP()
);
#936=(
REPRESENTATION_RELATIONSHIP($,$,#2431,#2420)
REPRESENTATION_RELATIONSHIP_WITH_TRANSFORMATION(#877)
SHAPE_REPRESENTATION_RELATIONSHIP()
);
#937=(
REPRESENTATION_RELATIONSHIP($,$,#2432,#2420)
REPRESENTATION_RELATIONSHIP_WITH_TRANSFORMATION(#878)
SHAPE_REPRESENTATION_RELATIONSHIP()
);
#938=(
REPRESENTATION_RELATIONSHIP($,$,#2438,#2420)
REPRESENTATION_RELATIONSHIP_WITH_TRANSFORMATION(#879)
SHAPE_REPRESENTATION_RELATIONSHIP()
);
#939=(
REPRESENTATION_RELATIONSHIP($,$,#2439,#2420)
REPRESENTATION_RELATIONSHIP_WITH_TRANSFORMATION(#880)
SHAPE_REPRESENTATION_RELATIONSHIP()
);
#940=(
REPRESENTATION_RELATIONSHIP($,$,#2440,#2420)
REPRESENTATION_RELATIONSHIP_WITH_TRANSFORMATION(#881)
SHAPE_REPRESENTATION_RELATIONSHIP()
);
#941=(
REPRESENTATION_RELATIONSHIP($,$,#2442,#2420)
REPRESENTATION_RELATIONSHIP_WITH_TRANSFORMATION(#882)
SHAPE_REPRESENTATION_RELATIONSHIP()
);
#942=(
REPRESENTATION_RELATIONSHIP($,$,#2456,#2420)
REPRESENTATION_RELATIONSHIP_WITH_TRANSFORMATION(#883)
SHAPE_REPRESENTATION_RELATIONSHIP()
);
#943=CONTEXT_DEPENDENT_SHAPE_REPRESENTATION(#884,#2329);
#944=CONTEXT_DEPENDENT_SHAPE_REPRESENTATION(#885,#2343);
#945=CONTEXT_DEPENDENT_SHAPE_REPRESENTATION(#886,#2344);
#946=CONTEXT_DEPENDENT_SHAPE_REPRESENTATION(#887,#2345);
#947=CONTEXT_DEPENDENT_SHAPE_REPRESENTATION(#888,#2346);
#948=CONTEXT_DEPENDENT_SHAPE_REPRESENTATION(#889,#2347);
#949=CONTEXT_DEPENDENT_SHAPE_REPRESENTATION(#890,#2348);
#950=CONTEXT_DEPENDENT_SHAPE_REPRESENTATION(#891,#2349);
#951=CONTEXT_DEPENDENT_SHAPE_REPRESENTATION(#892,#2350);
#952=CONTEXT_DEPENDENT_SHAPE_REPRESENTATION(#893,#2351);
#953=CONTEXT_DEPENDENT_SHAPE_REPRESENTATION(#894,#2352);
#954=CONTEXT_DEPENDENT_SHAPE_REPRESENTATION(#895,#2353);
#955=CONTEXT_DEPENDENT_SHAPE_REPRESENTATION(#896,#2354);
#956=CONTEXT_DEPENDENT_SHAPE_REPRESENTATION(#897,#2355);
#957=CONTEXT_DEPENDENT_SHAPE_REPRESENTATION(#898,#2356);
#958=CONTEXT_DEPENDENT_SHAPE_REPRESENTATION(#899,#2357);
#959=CONTEXT_DEPENDENT_SHAPE_REPRESENTATION(#900,#2358);
#960=CONTEXT_DEPENDENT_SHAPE_REPRESENTATION(#901,#2359);
#961=CONTEXT_DEPENDENT_SHAPE_REPRESENTATION(#902,#2364);
#962=CONTEXT_DEPENDENT_SHAPE_REPRESENTATION(#903,#2365);
#963=CONTEXT_DEPENDENT_SHAPE_REPRESENTATION(#904,#2366);
#964=CONTEXT_DEPENDENT_SHAPE_REPRESENTATION(#905,#2367);
#965=CONTEXT_DEPENDENT_SHAPE_REPRESENTATION(#906,#2368);
#966=CONTEXT_DEPENDENT_SHAPE_REPRESENTATION(#907,#2369);
#967=CONTEXT_DEPENDENT_SHAPE_REPRESENTATION(#908,#2370);
#968=CONTEXT_DEPENDENT_SHAPE_REPRESENTATION(#909,#2371);
#969=CONTEXT_DEPENDENT_SHAPE_REPRESENTATION(#910,#2372);
#970=CONTEXT_DEPENDENT_SHAPE_REPRESENTATION(#911,#2373);
#971=CONTEXT_DEPENDENT_SHAPE_REPRESENTATION(#912,#2374);
#972=CONTEXT_DEPENDENT_SHAPE_REPRESENTATION(#913,#2375);
#973=CONTEXT_DEPENDENT_SHAPE_REPRESENTATION(#914,#2387);
#974=CONTEXT_DEPENDENT_SHAPE_REPRESENTATION(#915,#2388);
#975=CONTEXT_DEPENDENT_SHAPE_REPRESENTATION(#916,#2389);
#976=CONTEXT_DEPENDENT_SHAPE_REPRESENTATION(#917,#2390);
#977=CONTEXT_DEPENDENT_SHAPE_REPRESENTATION(#918,#2391);
#978=CONTEXT_DEPENDENT_SHAPE_REPRESENTATION(#919,#2394);
#979=CONTEXT_DEPENDENT_SHAPE_REPRESENTATION(#920,#2395);
#980=CONTEXT_DEPENDENT_SHAPE_REPRESENTATION(#921,#2396);
#981=CONTEXT_DEPENDENT_SHAPE_REPRESENTATION(#922,#2397);
#982=CONTEXT_DEPENDENT_SHAPE_REPRESENTATION(#923,#2398);
#983=CONTEXT_DEPENDENT_SHAPE_REPRESENTATION(#924,#2400);
#984=CONTEXT_DEPENDENT_SHAPE_REPRESENTATION(#925,#2401);
#985=CONTEXT_DEPENDENT_SHAPE_REPRESENTATION(#926,#2402);
#986=CONTEXT_DEPENDENT_SHAPE_REPRESENTATION(#927,#2404);
#987=CONTEXT_DEPENDENT_SHAPE_REPRESENTATION(#928,#2405);
#988=CONTEXT_DEPENDENT_SHAPE_REPRESENTATION(#929,#2406);
#989=CONTEXT_DEPENDENT_SHAPE_REPRESENTATION(#930,#2407);
#990=CONTEXT_DEPENDENT_SHAPE_REPRESENTATION(#931,#2408);
#991=CONTEXT_DEPENDENT_SHAPE_REPRESENTATION(#932,#2409);
#992=CONTEXT_DEPENDENT_SHAPE_REPRESENTATION(#933,#2410);
#993=CONTEXT_DEPENDENT_SHAPE_REPRESENTATION(#934,#2411);
#994=CONTEXT_DEPENDENT_SHAPE_REPRESENTATION(#935,#2412);
#995=CONTEXT_DEPENDENT_SHAPE_REPRESENTATION(#936,#2413);
#996=CONTEXT_DEPENDENT_SHAPE_REPRESENTATION(#937,#2414);
#997=CONTEXT_DEPENDENT_SHAPE_REPRESENTATION(#938,#2415);
#998=CONTEXT_DEPENDENT_SHAPE_REPRESENTATION(#939,#2416);
#999=CONTEXT_DEPENDENT_SHAPE_REPRESENTATION(#940,#2417);
#1000=CONTEXT_DEPENDENT_SHAPE_REPRESENTATION(#941,#2418);
#1001=CONTEXT_DEPENDENT_SHAPE_REPRESENTATION(#942,#2419);
#1002=NEXT_ASSEMBLY_USAGE_OCCURRENCE('\X2\047D05EA00B110EB01F7\X0\:1',
'\X2\047D05EA00B110EB01F7\X0\:1','\X2\047D05EA00B110EB01F7\X0\:1',#2461,
#2462,'\X2\047D05EA00B110EB01F7\X0\:1');
#1003=NEXT_ASSEMBLY_USAGE_OCCURRENCE('OLED_0.91_128x32:1',
'OLED_0.91_128x32:1','OLED_0.91_128x32:1',#2471,#2472,
'OLED_0.91_128x32:1');
#1004=NEXT_ASSEMBLY_USAGE_OCCURRENCE(
'Pin Header 4 x 1 TH 2.54mm Pitch:1',
'Pin Header 4 x 1 TH 2.54mm Pitch:1',
'Pin Header 4 x 1 TH 2.54mm Pitch:1',#2471,#2473,
'Pin Header 4 x 1 TH 2.54mm Pitch:1');
#1005=NEXT_ASSEMBLY_USAGE_OCCURRENCE('RESC-0603:1','RESC-0603:1',
'RESC-0603:1',#2471,#2474,'RESC-0603:1');
#1006=NEXT_ASSEMBLY_USAGE_OCCURRENCE('RESC-0603:2','RESC-0603:2',
'RESC-0603:2',#2471,#2474,'RESC-0603:2');
#1007=NEXT_ASSEMBLY_USAGE_OCCURRENCE('RESC-0603:3','RESC-0603:3',
'RESC-0603:3',#2471,#2474,'RESC-0603:3');
#1008=NEXT_ASSEMBLY_USAGE_OCCURRENCE('RESC-0603:4','RESC-0603:4',
'RESC-0603:4',#2471,#2474,'RESC-0603:4');
#1009=NEXT_ASSEMBLY_USAGE_OCCURRENCE('RESC-0603:5','RESC-0603:5',
'RESC-0603:5',#2471,#2474,'RESC-0603:5');
#1010=NEXT_ASSEMBLY_USAGE_OCCURRENCE('RESC-0603:6','RESC-0603:6',
'RESC-0603:6',#2471,#2474,'RESC-0603:6');
#1011=NEXT_ASSEMBLY_USAGE_OCCURRENCE('RESC-0603:7','RESC-0603:7',
'RESC-0603:7',#2471,#2474,'RESC-0603:7');
#1012=NEXT_ASSEMBLY_USAGE_OCCURRENCE('RESC-0603:8','RESC-0603:8',
'RESC-0603:8',#2471,#2474,'RESC-0603:8');
#1013=NEXT_ASSEMBLY_USAGE_OCCURRENCE('RESC-0603:9','RESC-0603:9',
'RESC-0603:9',#2471,#2474,'RESC-0603:9');
#1014=NEXT_ASSEMBLY_USAGE_OCCURRENCE('RESC-0603:10','RESC-0603:10',
'RESC-0603:10',#2471,#2474,'RESC-0603:10');
#1015=NEXT_ASSEMBLY_USAGE_OCCURRENCE('RESC-0603:11','RESC-0603:11',
'RESC-0603:11',#2471,#2474,'RESC-0603:11');
#1016=NEXT_ASSEMBLY_USAGE_OCCURRENCE('RESC-0603:12','RESC-0603:12',
'RESC-0603:12',#2471,#2474,'RESC-0603:12');
#1017=NEXT_ASSEMBLY_USAGE_OCCURRENCE('RESC-0603:13','RESC-0603:13',
'RESC-0603:13',#2471,#2474,'RESC-0603:13');
#1018=NEXT_ASSEMBLY_USAGE_OCCURRENCE('2SD0601A:1','2SD0601A:1',
'2SD0601A:1',#2471,#2475,'2SD0601A:1');
#1019=NEXT_ASSEMBLY_USAGE_OCCURRENCE('OLED_0.91_128x32 (1):1',
'OLED_0.91_128x32 (1):1','OLED_0.91_128x32 (1):1',#2470,#2471,
'OLED_0.91_128x32 (1):1');
#1020=NEXT_ASSEMBLY_USAGE_OCCURRENCE('SW_Cherry_MX_PCB_cp:1',
'SW_Cherry_MX_PCB_cp:1','SW_Cherry_MX_PCB_cp:1',#2459,#2479,
'SW_Cherry_MX_PCB_cp:1');
#1021=NEXT_ASSEMBLY_USAGE_OCCURRENCE('SW_Cherry_MX_PCB_cp:1',
'SW_Cherry_MX_PCB_cp:1','SW_Cherry_MX_PCB_cp:1',#2460,#2479,
'SW_Cherry_MX_PCB_cp:1');
#1022=NEXT_ASSEMBLY_USAGE_OCCURRENCE('SW_Cherry_MX_PCB_cp:1',
'SW_Cherry_MX_PCB_cp:1','SW_Cherry_MX_PCB_cp:1',#2463,#2479,
'SW_Cherry_MX_PCB_cp:1');
#1023=NEXT_ASSEMBLY_USAGE_OCCURRENCE('SW_Cherry_MX_PCB_cp:1',
'SW_Cherry_MX_PCB_cp:1','SW_Cherry_MX_PCB_cp:1',#2464,#2479,
'SW_Cherry_MX_PCB_cp:1');
#1024=NEXT_ASSEMBLY_USAGE_OCCURRENCE('SW_Cherry_MX_PCB_cp:1',
'SW_Cherry_MX_PCB_cp:1','SW_Cherry_MX_PCB_cp:1',#2465,#2479,
'SW_Cherry_MX_PCB_cp:1');
#1025=NEXT_ASSEMBLY_USAGE_OCCURRENCE('SW_Cherry_MX_PCB_cp:1',
'SW_Cherry_MX_PCB_cp:1','SW_Cherry_MX_PCB_cp:1',#2466,#2479,
'SW_Cherry_MX_PCB_cp:1');
#1026=NEXT_ASSEMBLY_USAGE_OCCURRENCE('SW_Cherry_MX_PCB_cp:1',
'SW_Cherry_MX_PCB_cp:1','SW_Cherry_MX_PCB_cp:1',#2467,#2479,
'SW_Cherry_MX_PCB_cp:1');
#1027=NEXT_ASSEMBLY_USAGE_OCCURRENCE('SW_Cherry_MX_PCB_cp:1',
'SW_Cherry_MX_PCB_cp:1','SW_Cherry_MX_PCB_cp:1',#2468,#2479,
'SW_Cherry_MX_PCB_cp:1');
#1028=NEXT_ASSEMBLY_USAGE_OCCURRENCE('SW_Cherry_MX_PCB_cp:1',
'SW_Cherry_MX_PCB_cp:1','SW_Cherry_MX_PCB_cp:1',#2469,#2479,
'SW_Cherry_MX_PCB_cp:1');
#1029=NEXT_ASSEMBLY_USAGE_OCCURRENCE('SW_Cherry_MX_PCB_cp:1',
'SW_Cherry_MX_PCB_cp:1','SW_Cherry_MX_PCB_cp:1',#2476,#2479,
'SW_Cherry_MX_PCB_cp:1');
#1030=NEXT_ASSEMBLY_USAGE_OCCURRENCE('SW_Cherry_MX_PCB_cp:1',
'SW_Cherry_MX_PCB_cp:1','SW_Cherry_MX_PCB_cp:1',#2477,#2479,
'SW_Cherry_MX_PCB_cp:1');
#1031=NEXT_ASSEMBLY_USAGE_OCCURRENCE('SW_Cherry_MX_PCB_cp:1',
'SW_Cherry_MX_PCB_cp:1','SW_Cherry_MX_PCB_cp:1',#2478,#2479,
'SW_Cherry_MX_PCB_cp:1');
#1032=NEXT_ASSEMBLY_USAGE_OCCURRENCE('Shell:1','Shell:1','Shell:1',#2485,
#2486,'Shell:1');
#1033=NEXT_ASSEMBLY_USAGE_OCCURRENCE('DOUT:1','DOUT:1','DOUT:1',#2485,#2487,
'DOUT:1');
#1034=NEXT_ASSEMBLY_USAGE_OCCURRENCE('DIN:1','DIN:1','DIN:1',#2485,#2488,
'DIN:1');
#1035=NEXT_ASSEMBLY_USAGE_OCCURRENCE('VSS:1','VSS:1','VSS:1',#2485,#2489,
'VSS:1');
#1036=NEXT_ASSEMBLY_USAGE_OCCURRENCE('VDD:1','VDD:1','VDD:1',#2485,#2490,
'VDD:1');
#1037=NEXT_ASSEMBLY_USAGE_OCCURRENCE('type-c v2:1','type-c v2:1',
'type-c v2:1',#2482,#2483,'type-c v2:1');
#1038=NEXT_ASSEMBLY_USAGE_OCCURRENCE('smd_button v3:1',
'smd_button v3:1','smd_button v3:1',#2482,#2484,'smd_button v3:1');
#1039=NEXT_ASSEMBLY_USAGE_OCCURRENCE('SK6805-2.4x2.7 v1:1',
'SK6805-2.4x2.7 v1:1','SK6805-2.4x2.7 v1:1',#2482,#2485,
'SK6805-2.4x2.7 v1:1');
#1040=NEXT_ASSEMBLY_USAGE_OCCURRENCE('smd_button v3(Mirror):1',
'smd_button v3(Mirror):1','smd_button v3(Mirror):1',#2482,#2491,
'smd_button v3(Mirror):1');
#1041=NEXT_ASSEMBLY_USAGE_OCCURRENCE('COMPOUND:1','COMPOUND:1',
'COMPOUND:1',#2482,#2492,'COMPOUND:1');
#1042=NEXT_ASSEMBLY_USAGE_OCCURRENCE('main:1','main:1','main:1',#2481,#2482,
'main:1');
#1043=NEXT_ASSEMBLY_USAGE_OCCURRENCE('COMPOUND (1):1','COMPOUND (1):1',
'COMPOUND (1):1',#2481,#2493,'COMPOUND (1):1');
#1044=NEXT_ASSEMBLY_USAGE_OCCURRENCE('Seeed Studio XIAO RP2040 v26:1',
'Seeed Studio XIAO RP2040 v26:1','Seeed Studio XIAO RP2040 v26:1',#2480,
#2481,'Seeed Studio XIAO RP2040 v26:1');
#1045=NEXT_ASSEMBLY_USAGE_OCCURRENCE('MX_PCB:1','MX_PCB:1','MX_PCB:1',#2458,
#2459,'MX_PCB:1');
#1046=NEXT_ASSEMBLY_USAGE_OCCURRENCE('MX_PCB:2','MX_PCB:2','MX_PCB:2',#2458,
#2460,'MX_PCB:2');
#1047=NEXT_ASSEMBLY_USAGE_OCCURRENCE('EC11:1','EC11:1','EC11:1',#2458,#2461,
'EC11:1');
#1048=NEXT_ASSEMBLY_USAGE_OCCURRENCE('MX_PCB:3','MX_PCB:3','MX_PCB:3',#2458,
#2463,'MX_PCB:3');
#1049=NEXT_ASSEMBLY_USAGE_OCCURRENCE('MX_PCB:4','MX_PCB:4','MX_PCB:4',#2458,
#2464,'MX_PCB:4');
#1050=NEXT_ASSEMBLY_USAGE_OCCURRENCE('MX_PCB:5','MX_PCB:5','MX_PCB:5',#2458,
#2465,'MX_PCB:5');
#1051=NEXT_ASSEMBLY_USAGE_OCCURRENCE('MX_PCB:6','MX_PCB:6','MX_PCB:6',#2458,
#2466,'MX_PCB:6');
#1052=NEXT_ASSEMBLY_USAGE_OCCURRENCE('MX_PCB:7','MX_PCB:7','MX_PCB:7',#2458,
#2467,'MX_PCB:7');
#1053=NEXT_ASSEMBLY_USAGE_OCCURRENCE('MX_PCB:8','MX_PCB:8','MX_PCB:8',#2458,
#2468,'MX_PCB:8');
#1054=NEXT_ASSEMBLY_USAGE_OCCURRENCE('MX_PCB:9','MX_PCB:9','MX_PCB:9',#2458,
#2469,'MX_PCB:9');
#1055=NEXT_ASSEMBLY_USAGE_OCCURRENCE('OLED_128x32:1','OLED_128x32:1',
'OLED_128x32:1',#2458,#2470,'OLED_128x32:1');
#1056=NEXT_ASSEMBLY_USAGE_OCCURRENCE('MX_PCB:10','MX_PCB:10',
'MX_PCB:10',#2458,#2476,'MX_PCB:10');
#1057=NEXT_ASSEMBLY_USAGE_OCCURRENCE('MX_PCB:11','MX_PCB:11',
'MX_PCB:11',#2458,#2477,'MX_PCB:11');
#1058=NEXT_ASSEMBLY_USAGE_OCCURRENCE('MX_PCB:12','MX_PCB:12',
'MX_PCB:12',#2458,#2478,'MX_PCB:12');
#1059=NEXT_ASSEMBLY_USAGE_OCCURRENCE('Seeed_XIAO_RP2040:1',
'Seeed_XIAO_RP2040:1','Seeed_XIAO_RP2040:1',#2458,#2480,
'Seeed_XIAO_RP2040:1');
#1060=NEXT_ASSEMBLY_USAGE_OCCURRENCE('Pya5F53_PCB:1','Pya5F53_PCB:1',
'Pya5F53_PCB:1',#2458,#2494,'Pya5F53_PCB:1');
#1061=DERIVED_UNIT_ELEMENT(#1095,1.);
#1062=DERIVED_UNIT_ELEMENT(#2284,-3.);
#1063=DERIVED_UNIT_ELEMENT(#1095,1.);
#1064=DERIVED_UNIT_ELEMENT(#2284,-3.);
#1065=DERIVED_UNIT_ELEMENT(#1095,1.);
#1066=DERIVED_UNIT_ELEMENT(#2284,-3.);
#1067=DERIVED_UNIT_ELEMENT(#1095,1.);
#1068=DERIVED_UNIT_ELEMENT(#2284,-3.);
#1069=DERIVED_UNIT_ELEMENT(#1095,1.);
#1070=DERIVED_UNIT_ELEMENT(#2284,-3.);
#1071=DERIVED_UNIT_ELEMENT(#1095,1.);
#1072=DERIVED_UNIT_ELEMENT(#2284,-3.);
#1073=DERIVED_UNIT_ELEMENT(#1095,1.);
#1074=DERIVED_UNIT_ELEMENT(#2284,-3.);
#1075=DERIVED_UNIT_ELEMENT(#1095,1.);
#1076=DERIVED_UNIT_ELEMENT(#2284,-3.);
#1077=DERIVED_UNIT_ELEMENT(#1095,1.);
#1078=DERIVED_UNIT_ELEMENT(#2284,-3.);
#1079=DERIVED_UNIT_ELEMENT(#1095,1.);
#1080=DERIVED_UNIT_ELEMENT(#2284,-3.);
#1081=DERIVED_UNIT_ELEMENT(#1095,1.);
#1082=DERIVED_UNIT_ELEMENT(#2284,-3.);
#1083=DERIVED_UNIT_ELEMENT(#1095,1.);
#1084=DERIVED_UNIT_ELEMENT(#2284,-3.);
#1085=DERIVED_UNIT_ELEMENT(#1095,1.);
#1086=DERIVED_UNIT_ELEMENT(#2284,-3.);
#1087=DERIVED_UNIT_ELEMENT(#1095,1.);
#1088=DERIVED_UNIT_ELEMENT(#2284,-3.);
#1089=DERIVED_UNIT_ELEMENT(#1095,1.);
#1090=DERIVED_UNIT_ELEMENT(#2284,-3.);
#1091=DERIVED_UNIT_ELEMENT(#1095,1.);
#1092=DERIVED_UNIT_ELEMENT(#2284,-3.);
#1093=DERIVED_UNIT_ELEMENT(#1095,1.);
#1094=DERIVED_UNIT_ELEMENT(#2284,-3.);
#1095=(
MASS_UNIT()
NAMED_UNIT(*)
SI_UNIT(.KILO.,.GRAM.)
);
#1096=DERIVED_UNIT((#1061,#1062));
#1097=DERIVED_UNIT((#1063,#1064));
#1098=DERIVED_UNIT((#1065,#1066));
#1099=DERIVED_UNIT((#1067,#1068));
#1100=DERIVED_UNIT((#1069,#1070));
#1101=DERIVED_UNIT((#1071,#1072));
#1102=DERIVED_UNIT((#1073,#1074));
#1103=DERIVED_UNIT((#1075,#1076));
#1104=DERIVED_UNIT((#1077,#1078));
#1105=DERIVED_UNIT((#1079,#1080));
#1106=DERIVED_UNIT((#1081,#1082));
#1107=DERIVED_UNIT((#1083,#1084));
#1108=DERIVED_UNIT((#1085,#1086));
#1109=DERIVED_UNIT((#1087,#1088));
#1110=DERIVED_UNIT((#1089,#1090));
#1111=DERIVED_UNIT((#1091,#1092));
#1112=DERIVED_UNIT((#1093,#1094));
#1113=MEASURE_REPRESENTATION_ITEM('density measure',
POSITIVE_RATIO_MEASURE(7850.),#1096);
#1114=MEASURE_REPRESENTATION_ITEM('density measure',
POSITIVE_RATIO_MEASURE(7850.),#1097);
#1115=MEASURE_REPRESENTATION_ITEM('density measure',
POSITIVE_RATIO_MEASURE(7850.),#1098);
#1116=MEASURE_REPRESENTATION_ITEM('density measure',
POSITIVE_RATIO_MEASURE(7850.),#1099);
#1117=MEASURE_REPRESENTATION_ITEM('density measure',
POSITIVE_RATIO_MEASURE(7850.),#1100);
#1118=MEASURE_REPRESENTATION_ITEM('density measure',
POSITIVE_RATIO_MEASURE(7850.),#1101);
#1119=MEASURE_REPRESENTATION_ITEM('density measure',
POSITIVE_RATIO_MEASURE(7850.),#1102);
#1120=MEASURE_REPRESENTATION_ITEM('density measure',
POSITIVE_RATIO_MEASURE(7.85),#1103);
#1121=MEASURE_REPRESENTATION_ITEM('density measure',
POSITIVE_RATIO_MEASURE(7.85),#1104);
#1122=MEASURE_REPRESENTATION_ITEM('density measure',
POSITIVE_RATIO_MEASURE(7.85),#1105);
#1123=MEASURE_REPRESENTATION_ITEM('density measure',
POSITIVE_RATIO_MEASURE(7.85),#1106);
#1124=MEASURE_REPRESENTATION_ITEM('density measure',
POSITIVE_RATIO_MEASURE(7.85),#1107);
#1125=MEASURE_REPRESENTATION_ITEM('density measure',
POSITIVE_RATIO_MEASURE(7.85),#1108);
#1126=MEASURE_REPRESENTATION_ITEM('density measure',
POSITIVE_RATIO_MEASURE(7.85),#1109);
#1127=MEASURE_REPRESENTATION_ITEM('density measure',
POSITIVE_RATIO_MEASURE(7850.),#1110);
#1128=MEASURE_REPRESENTATION_ITEM('density measure',
POSITIVE_RATIO_MEASURE(7850.),#1111);
#1129=MEASURE_REPRESENTATION_ITEM('density measure',
POSITIVE_RATIO_MEASURE(7850.),#1112);
#1130=PROPERTY_DEFINITION_REPRESENTATION(#1215,#1164);
#1131=PROPERTY_DEFINITION_REPRESENTATION(#1216,#1165);
#1132=PROPERTY_DEFINITION_REPRESENTATION(#1217,#1166);
#1133=PROPERTY_DEFINITION_REPRESENTATION(#1218,#1167);
#1134=PROPERTY_DEFINITION_REPRESENTATION(#1219,#1168);
#1135=PROPERTY_DEFINITION_REPRESENTATION(#1220,#1169);
#1136=PROPERTY_DEFINITION_REPRESENTATION(#1221,#1170);
#1137=PROPERTY_DEFINITION_REPRESENTATION(#1222,#1171);
#1138=PROPERTY_DEFINITION_REPRESENTATION(#1223,#1172);
#1139=PROPERTY_DEFINITION_REPRESENTATION(#1224,#1173);
#1140=PROPERTY_DEFINITION_REPRESENTATION(#1225,#1174);
#1141=PROPERTY_DEFINITION_REPRESENTATION(#1226,#1175);
#1142=PROPERTY_DEFINITION_REPRESENTATION(#1227,#1176);
#1143=PROPERTY_DEFINITION_REPRESENTATION(#1228,#1177);
#1144=PROPERTY_DEFINITION_REPRESENTATION(#1229,#1178);
#1145=PROPERTY_DEFINITION_REPRESENTATION(#1230,#1179);
#1146=PROPERTY_DEFINITION_REPRESENTATION(#1231,#1180);
#1147=PROPERTY_DEFINITION_REPRESENTATION(#1232,#1181);
#1148=PROPERTY_DEFINITION_REPRESENTATION(#1233,#1182);
#1149=PROPERTY_DEFINITION_REPRESENTATION(#1234,#1183);
#1150=PROPERTY_DEFINITION_REPRESENTATION(#1235,#1184);
#1151=PROPERTY_DEFINITION_REPRESENTATION(#1236,#1185);
#1152=PROPERTY_DEFINITION_REPRESENTATION(#1237,#1186);
#1153=PROPERTY_DEFINITION_REPRESENTATION(#1238,#1187);
#1154=PROPERTY_DEFINITION_REPRESENTATION(#1239,#1188);
#1155=PROPERTY_DEFINITION_REPRESENTATION(#1240,#1189);
#1156=PROPERTY_DEFINITION_REPRESENTATION(#1241,#1190);
#1157=PROPERTY_DEFINITION_REPRESENTATION(#1242,#1191);
#1158=PROPERTY_DEFINITION_REPRESENTATION(#1243,#1192);
#1159=PROPERTY_DEFINITION_REPRESENTATION(#1244,#1193);
#1160=PROPERTY_DEFINITION_REPRESENTATION(#1245,#1194);
#1161=PROPERTY_DEFINITION_REPRESENTATION(#1246,#1195);
#1162=PROPERTY_DEFINITION_REPRESENTATION(#1247,#1196);
#1163=PROPERTY_DEFINITION_REPRESENTATION(#1248,#1197);
#1164=REPRESENTATION('material name',(#1198),#2249);
#1165=REPRESENTATION('density',(#1113),#2249);
#1166=REPRESENTATION('material name',(#1199),#2259);
#1167=REPRESENTATION('density',(#1114),#2259);
#1168=REPRESENTATION('material name',(#1200),#2260);
#1169=REPRESENTATION('density',(#1115),#2260);
#1170=REPRESENTATION('material name',(#1201),#2261);
#1171=REPRESENTATION('density',(#1116),#2261);
#1172=REPRESENTATION('material name',(#1202),#2262);
#1173=REPRESENTATION('density',(#1117),#2262);
#1174=REPRESENTATION('material name',(#1203),#2266);
#1175=REPRESENTATION('density',(#1118),#2266);
#1176=REPRESENTATION('material name',(#1204),#2270);
#1177=REPRESENTATION('density',(#1119),#2270);
#1178=REPRESENTATION('material name',(#1205),#2271);
#1179=REPRESENTATION('density',(#1120),#2271);
#1180=REPRESENTATION('material name',(#1206),#2273);
#1181=REPRESENTATION('density',(#1121),#2273);
#1182=REPRESENTATION('material name',(#1207),#2274);
#1183=REPRESENTATION('density',(#1122),#2274);
#1184=REPRESENTATION('material name',(#1208),#2275);
#1185=REPRESENTATION('density',(#1123),#2275);
#1186=REPRESENTATION('material name',(#1209),#2276);
#1187=REPRESENTATION('density',(#1124),#2276);
#1188=REPRESENTATION('material name',(#1210),#2277);
#1189=REPRESENTATION('density',(#1125),#2277);
#1190=REPRESENTATION('material name',(#1211),#2278);
#1191=REPRESENTATION('density',(#1126),#2278);
#1192=REPRESENTATION('material name',(#1212),#2279);
#1193=REPRESENTATION('density',(#1127),#2279);
#1194=REPRESENTATION('material name',(#1213),#2280);
#1195=REPRESENTATION('density',(#1128),#2280);
#1196=REPRESENTATION('material name',(#1214),#2281);
#1197=REPRESENTATION('density',(#1129),#2281);
#1198=DESCRIPTIVE_REPRESENTATION_ITEM('Steel','Steel');
#1199=DESCRIPTIVE_REPRESENTATION_ITEM('Steel','Steel');
#1200=DESCRIPTIVE_REPRESENTATION_ITEM('Steel','Steel');
#1201=DESCRIPTIVE_REPRESENTATION_ITEM('Steel','Steel');
#1202=DESCRIPTIVE_REPRESENTATION_ITEM('Steel','Steel');
#1203=DESCRIPTIVE_REPRESENTATION_ITEM('Steel','Steel');
#1204=DESCRIPTIVE_REPRESENTATION_ITEM('Steel','Steel');
#1205=DESCRIPTIVE_REPRESENTATION_ITEM('Steel','Steel');
#1206=DESCRIPTIVE_REPRESENTATION_ITEM('Steel','Steel');
#1207=DESCRIPTIVE_REPRESENTATION_ITEM('Steel','Steel');
#1208=DESCRIPTIVE_REPRESENTATION_ITEM('Steel','Steel');
#1209=DESCRIPTIVE_REPRESENTATION_ITEM('Steel','Steel');
#1210=DESCRIPTIVE_REPRESENTATION_ITEM('Steel','Steel');
#1211=DESCRIPTIVE_REPRESENTATION_ITEM('Steel','Steel');
#1212=DESCRIPTIVE_REPRESENTATION_ITEM('Steel','Steel');
#1213=DESCRIPTIVE_REPRESENTATION_ITEM('Steel','Steel');
#1214=DESCRIPTIVE_REPRESENTATION_ITEM('Steel','Steel');
#1215=PROPERTY_DEFINITION('material property','material name',#2462);
#1216=PROPERTY_DEFINITION('material property','density of part',#2462);
#1217=PROPERTY_DEFINITION('material property','material name',#2472);
#1218=PROPERTY_DEFINITION('material property','density of part',#2472);
#1219=PROPERTY_DEFINITION('material property','material name',#2473);
#1220=PROPERTY_DEFINITION('material property','density of part',#2473);
#1221=PROPERTY_DEFINITION('material property','material name',#2474);
#1222=PROPERTY_DEFINITION('material property','density of part',#2474);
#1223=PROPERTY_DEFINITION('material property','material name',#2475);
#1224=PROPERTY_DEFINITION('material property','density of part',#2475);
#1225=PROPERTY_DEFINITION('material property','material name',#2479);
#1226=PROPERTY_DEFINITION('material property','density of part',#2479);
#1227=PROPERTY_DEFINITION('material property','material name',#2483);
#1228=PROPERTY_DEFINITION('material property','density of part',#2483);
#1229=PROPERTY_DEFINITION('material property','material name',#2484);
#1230=PROPERTY_DEFINITION('material property','density of part',#2484);
#1231=PROPERTY_DEFINITION('material property','material name',#2486);
#1232=PROPERTY_DEFINITION('material property','density of part',#2486);
#1233=PROPERTY_DEFINITION('material property','material name',#2487);
#1234=PROPERTY_DEFINITION('material property','density of part',#2487);
#1235=PROPERTY_DEFINITION('material property','material name',#2488);
#1236=PROPERTY_DEFINITION('material property','density of part',#2488);
#1237=PROPERTY_DEFINITION('material property','material name',#2489);
#1238=PROPERTY_DEFINITION('material property','density of part',#2489);
#1239=PROPERTY_DEFINITION('material property','material name',#2490);
#1240=PROPERTY_DEFINITION('material property','density of part',#2490);
#1241=PROPERTY_DEFINITION('material property','material name',#2491);
#1242=PROPERTY_DEFINITION('material property','density of part',#2491);
#1243=PROPERTY_DEFINITION('material property','material name',#2492);
#1244=PROPERTY_DEFINITION('material property','density of part',#2492);
#1245=PROPERTY_DEFINITION('material property','material name',#2493);
#1246=PROPERTY_DEFINITION('material property','density of part',#2493);
#1247=PROPERTY_DEFINITION('material property','material name',#2494);
#1248=PROPERTY_DEFINITION('material property','density of part',#2494);
#1249=AXIS2_PLACEMENT_3D('',#1878,#1435,#1436);
#1250=AXIS2_PLACEMENT_3D('',#1879,#1437,#1438);
#1251=AXIS2_PLACEMENT_3D('',#1880,#1439,#1440);
#1252=AXIS2_PLACEMENT_3D('',#1881,#1441,#1442);
#1253=AXIS2_PLACEMENT_3D('',#1882,#1443,#1444);
#1254=AXIS2_PLACEMENT_3D('',#1883,#1445,#1446);
#1255=AXIS2_PLACEMENT_3D('',#1884,#1447,#1448);
#1256=AXIS2_PLACEMENT_3D('',#1885,#1449,#1450);
#1257=AXIS2_PLACEMENT_3D('',#1886,#1451,#1452);
#1258=AXIS2_PLACEMENT_3D('',#1887,#1453,#1454);
#1259=AXIS2_PLACEMENT_3D('',#1888,#1455,#1456);
#1260=AXIS2_PLACEMENT_3D('',#1889,#1457,#1458);
#1261=AXIS2_PLACEMENT_3D('',#1890,#1459,#1460);
#1262=AXIS2_PLACEMENT_3D('',#1891,#1461,#1462);
#1263=AXIS2_PLACEMENT_3D('',#1892,#1463,#1464);
#1264=AXIS2_PLACEMENT_3D('',#1893,#1465,#1466);
#1265=AXIS2_PLACEMENT_3D('',#1894,#1467,#1468);
#1266=AXIS2_PLACEMENT_3D('',#1895,#1469,#1470);
#1267=AXIS2_PLACEMENT_3D('',#1896,#1471,#1472);
#1268=AXIS2_PLACEMENT_3D('',#1897,#1473,#1474);
#1269=AXIS2_PLACEMENT_3D('',#1898,#1475,#1476);
#1270=AXIS2_PLACEMENT_3D('',#1899,#1477,#1478);
#1271=AXIS2_PLACEMENT_3D('',#1900,#1479,#1480);
#1272=AXIS2_PLACEMENT_3D('',#1901,#1481,#1482);
#1273=AXIS2_PLACEMENT_3D('',#1902,#1483,#1484);
#1274=AXIS2_PLACEMENT_3D('',#1903,#1485,#1486);
#1275=AXIS2_PLACEMENT_3D('',#1904,#1487,#1488);
#1276=AXIS2_PLACEMENT_3D('',#1905,#1489,#1490);
#1277=AXIS2_PLACEMENT_3D('',#1906,#1491,#1492);
#1278=AXIS2_PLACEMENT_3D('',#1907,#1493,#1494);
#1279=AXIS2_PLACEMENT_3D('',#1908,#1495,#1496);
#1280=AXIS2_PLACEMENT_3D('',#1909,#1497,#1498);
#1281=AXIS2_PLACEMENT_3D('',#1910,#1499,#1500);
#1282=AXIS2_PLACEMENT_3D('',#1911,#1501,#1502);
#1283=AXIS2_PLACEMENT_3D('',#1912,#1503,#1504);
#1284=AXIS2_PLACEMENT_3D('',#1913,#1505,#1506);
#1285=AXIS2_PLACEMENT_3D('',#1914,#1507,#1508);
#1286=AXIS2_PLACEMENT_3D('',#1915,#1509,#1510);
#1287=AXIS2_PLACEMENT_3D('',#1916,#1511,#1512);
#1288=AXIS2_PLACEMENT_3D('',#1917,#1513,#1514);
#1289=AXIS2_PLACEMENT_3D('',#1918,#1515,#1516);
#1290=AXIS2_PLACEMENT_3D('',#1919,#1517,#1518);
#1291=AXIS2_PLACEMENT_3D('',#1920,#1519,#1520);
#1292=AXIS2_PLACEMENT_3D('',#1921,#1521,#1522);
#1293=AXIS2_PLACEMENT_3D('',#1922,#1523,#1524);
#1294=AXIS2_PLACEMENT_3D('',#1923,#1525,#1526);
#1295=AXIS2_PLACEMENT_3D('',#1924,#1527,#1528);
#1296=AXIS2_PLACEMENT_3D('',#1925,#1529,#1530);
#1297=AXIS2_PLACEMENT_3D('',#1926,#1531,#1532);
#1298=AXIS2_PLACEMENT_3D('',#1927,#1533,#1534);
#1299=AXIS2_PLACEMENT_3D('',#1928,#1535,#1536);
#1300=AXIS2_PLACEMENT_3D('',#1929,#1537,#1538);
#1301=AXIS2_PLACEMENT_3D('',#1930,#1539,#1540);
#1302=AXIS2_PLACEMENT_3D('',#1931,#1541,#1542);
#1303=AXIS2_PLACEMENT_3D('',#1932,#1543,#1544);
#1304=AXIS2_PLACEMENT_3D('',#1933,#1545,#1546);
#1305=AXIS2_PLACEMENT_3D('',#1934,#1547,#1548);
#1306=AXIS2_PLACEMENT_3D('',#1935,#1549,#1550);
#1307=AXIS2_PLACEMENT_3D('',#1936,#1551,#1552);
#1308=AXIS2_PLACEMENT_3D('',#1937,#1553,#1554);
#1309=AXIS2_PLACEMENT_3D('',#1938,#1555,#1556);
#1310=AXIS2_PLACEMENT_3D('',#1939,#1557,#1558);
#1311=AXIS2_PLACEMENT_3D('',#1940,#1559,#1560);
#1312=AXIS2_PLACEMENT_3D('',#1941,#1561,#1562);
#1313=AXIS2_PLACEMENT_3D('',#1942,#1563,#1564);
#1314=AXIS2_PLACEMENT_3D('',#1943,#1565,#1566);
#1315=AXIS2_PLACEMENT_3D('',#1944,#1567,#1568);
#1316=AXIS2_PLACEMENT_3D('',#1945,#1569,#1570);
#1317=AXIS2_PLACEMENT_3D('',#1946,#1571,#1572);
#1318=AXIS2_PLACEMENT_3D('',#1947,#1573,#1574);
#1319=AXIS2_PLACEMENT_3D('',#1948,#1575,#1576);
#1320=AXIS2_PLACEMENT_3D('',#1949,#1577,#1578);
#1321=AXIS2_PLACEMENT_3D('',#1950,#1579,#1580);
#1322=AXIS2_PLACEMENT_3D('',#1951,#1581,#1582);
#1323=AXIS2_PLACEMENT_3D('',#1952,#1583,#1584);
#1324=AXIS2_PLACEMENT_3D('',#1953,#1585,#1586);
#1325=AXIS2_PLACEMENT_3D('',#1954,#1587,#1588);
#1326=AXIS2_PLACEMENT_3D('',#1955,#1589,#1590);
#1327=AXIS2_PLACEMENT_3D('',#1956,#1591,#1592);
#1328=AXIS2_PLACEMENT_3D('',#1957,#1593,#1594);
#1329=AXIS2_PLACEMENT_3D('',#1958,#1595,#1596);
#1330=AXIS2_PLACEMENT_3D('',#1963,#1598,#1599);
#1331=AXIS2_PLACEMENT_3D('',#1966,#1601,#1602);
#1332=AXIS2_PLACEMENT_3D('',#1967,#1603,#1604);
#1333=AXIS2_PLACEMENT_3D('',#1973,#1608,#1609);
#1334=AXIS2_PLACEMENT_3D('',#1977,#1611,#1612);
#1335=AXIS2_PLACEMENT_3D('',#1978,#1613,#1614);
#1336=AXIS2_PLACEMENT_3D('',#1979,#1615,#1616);
#1337=AXIS2_PLACEMENT_3D('',#1982,#1619,#1620);
#1338=AXIS2_PLACEMENT_3D('',#1988,#1624,#1625);
#1339=AXIS2_PLACEMENT_3D('',#1991,#1627,#1628);
#1340=AXIS2_PLACEMENT_3D('',#1992,#1629,#1630);
#1341=AXIS2_PLACEMENT_3D('',#2001,#1635,#1636);
#1342=AXIS2_PLACEMENT_3D('',#2003,#1637,#1638);
#1343=AXIS2_PLACEMENT_3D('',#2006,#1640,#1641);
#1344=AXIS2_PLACEMENT_3D('',#2007,#1642,#1643);
#1345=AXIS2_PLACEMENT_3D('',#2011,#1645,#1646);
#1346=AXIS2_PLACEMENT_3D('',#2013,#1648,#1649);
#1347=AXIS2_PLACEMENT_3D('',#2017,#1652,#1653);
#1348=AXIS2_PLACEMENT_3D('',#2021,#1655,#1656);
#1349=AXIS2_PLACEMENT_3D('',#2025,#1658,#1659);
#1350=AXIS2_PLACEMENT_3D('',#2028,#1661,#1662);
#1351=AXIS2_PLACEMENT_3D('',#2029,#1663,#1664);
#1352=AXIS2_PLACEMENT_3D('',#2033,#1666,#1667);
#1353=AXIS2_PLACEMENT_3D('',#2035,#1669,#1670);
#1354=AXIS2_PLACEMENT_3D('',#2039,#1673,#1674);
#1355=AXIS2_PLACEMENT_3D('',#2041,#1675,#1676);
#1356=AXIS2_PLACEMENT_3D('',#2043,#1678,#1679);
#1357=AXIS2_PLACEMENT_3D('',#2047,#1681,#1682);
#1358=AXIS2_PLACEMENT_3D('',#2048,#1683,#1684);
#1359=AXIS2_PLACEMENT_3D('',#2049,#1685,#1686);
#1360=AXIS2_PLACEMENT_3D('',#2051,#1688,#1689);
#1361=AXIS2_PLACEMENT_3D('',#2063,#1696,#1697);
#1362=AXIS2_PLACEMENT_3D('',#2065,#1698,#1699);
#1363=AXIS2_PLACEMENT_3D('',#2067,#1700,#1701);
#1364=AXIS2_PLACEMENT_3D('',#2069,#1702,#1703);
#1365=AXIS2_PLACEMENT_3D('',#2070,#1704,#1705);
#1366=AXIS2_PLACEMENT_3D('',#2074,#1708,#1709);
#1367=AXIS2_PLACEMENT_3D('',#2075,#1710,#1711);
#1368=AXIS2_PLACEMENT_3D('',#2076,#1712,#1713);
#1369=AXIS2_PLACEMENT_3D('',#2079,#1715,#1716);
#1370=AXIS2_PLACEMENT_3D('',#2080,#1717,#1718);
#1371=AXIS2_PLACEMENT_3D('',#2081,#1719,#1720);
#1372=AXIS2_PLACEMENT_3D('',#2084,#1722,#1723);
#1373=AXIS2_PLACEMENT_3D('',#2085,#1724,#1725);
#1374=AXIS2_PLACEMENT_3D('',#2086,#1726,#1727);
#1375=AXIS2_PLACEMENT_3D('',#2089,#1729,#1730);
#1376=AXIS2_PLACEMENT_3D('',#2090,#1731,#1732);
#1377=AXIS2_PLACEMENT_3D('',#2091,#1733,#1734);
#1378=AXIS2_PLACEMENT_3D('',#2094,#1736,#1737);
#1379=AXIS2_PLACEMENT_3D('',#2095,#1738,#1739);
#1380=AXIS2_PLACEMENT_3D('',#2096,#1740,#1741);
#1381=AXIS2_PLACEMENT_3D('',#2110,#1749,#1750);
#1382=AXIS2_PLACEMENT_3D('',#2122,#1757,#1758);
#1383=AXIS2_PLACEMENT_3D('',#2134,#1765,#1766);
#1384=AXIS2_PLACEMENT_3D('',#2144,#1772,#1773);
#1385=AXIS2_PLACEMENT_3D('',#2146,#1774,#1775);
#1386=AXIS2_PLACEMENT_3D('',#2149,#1777,#1778);
#1387=AXIS2_PLACEMENT_3D('',#2150,#1779,#1780);
#1388=AXIS2_PLACEMENT_3D('',#2151,#1781,#1782);
#1389=AXIS2_PLACEMENT_3D('',#2152,#1783,#1784);
#1390=AXIS2_PLACEMENT_3D('',#2153,#1785,#1786);
#1391=AXIS2_PLACEMENT_3D('',#2154,#1787,#1788);
#1392=AXIS2_PLACEMENT_3D('',#2155,#1789,#1790);
#1393=AXIS2_PLACEMENT_3D('',#2156,#1791,#1792);
#1394=AXIS2_PLACEMENT_3D('',#2157,#1793,#1794);
#1395=AXIS2_PLACEMENT_3D('',#2158,#1795,#1796);
#1396=AXIS2_PLACEMENT_3D('',#2160,#1797,#1798);
#1397=AXIS2_PLACEMENT_3D('',#2163,#1800,#1801);
#1398=AXIS2_PLACEMENT_3D('',#2164,#1802,#1803);
#1399=AXIS2_PLACEMENT_3D('',#2165,#1804,#1805);
#1400=AXIS2_PLACEMENT_3D('',#2166,#1806,#1807);
#1401=AXIS2_PLACEMENT_3D('',#2167,#1808,#1809);
#1402=AXIS2_PLACEMENT_3D('',#2168,#1810,#1811);
#1403=AXIS2_PLACEMENT_3D('',#2170,#1812,#1813);
#1404=AXIS2_PLACEMENT_3D('',#2173,#1815,#1816);
#1405=AXIS2_PLACEMENT_3D('',#2174,#1817,#1818);
#1406=AXIS2_PLACEMENT_3D('',#2175,#1819,#1820);
#1407=AXIS2_PLACEMENT_3D('',#2176,#1821,#1822);
#1408=AXIS2_PLACEMENT_3D('',#2177,#1823,#1824);
#1409=AXIS2_PLACEMENT_3D('',#2178,#1825,#1826);
#1410=AXIS2_PLACEMENT_3D('',#2180,#1827,#1828);
#1411=AXIS2_PLACEMENT_3D('',#2183,#1830,#1831);
#1412=AXIS2_PLACEMENT_3D('',#2184,#1832,#1833);
#1413=AXIS2_PLACEMENT_3D('',#2185,#1834,#1835);
#1414=AXIS2_PLACEMENT_3D('',#2186,#1836,#1837);
#1415=AXIS2_PLACEMENT_3D('',#2187,#1838,#1839);
#1416=AXIS2_PLACEMENT_3D('',#2188,#1840,#1841);
#1417=AXIS2_PLACEMENT_3D('',#2189,#1842,#1843);
#1418=AXIS2_PLACEMENT_3D('',#2190,#1844,#1845);
#1419=AXIS2_PLACEMENT_3D('',#2191,#1846,#1847);
#1420=AXIS2_PLACEMENT_3D('',#2192,#1848,#1849);
#1421=AXIS2_PLACEMENT_3D('',#2193,#1850,#1851);
#1422=AXIS2_PLACEMENT_3D('',#2194,#1852,#1853);
#1423=AXIS2_PLACEMENT_3D('',#2195,#1854,#1855);
#1424=AXIS2_PLACEMENT_3D('',#2196,#1856,#1857);
#1425=AXIS2_PLACEMENT_3D('',#2197,#1858,#1859);
#1426=AXIS2_PLACEMENT_3D('',#2198,#1860,#1861);
#1427=AXIS2_PLACEMENT_3D('',#2199,#1862,#1863);
#1428=AXIS2_PLACEMENT_3D('',#2200,#1864,#1865);
#1429=AXIS2_PLACEMENT_3D('',#2201,#1866,#1867);
#1430=AXIS2_PLACEMENT_3D('',#2202,#1868,#1869);
#1431=AXIS2_PLACEMENT_3D('',#2203,#1870,#1871);
#1432=AXIS2_PLACEMENT_3D('',#2204,#1872,#1873);
#1433=AXIS2_PLACEMENT_3D('',#2205,#1874,#1875);
#1434=AXIS2_PLACEMENT_3D('',#2206,#1876,#1877);
#1435=DIRECTION('axis',(0.,0.,1.));
#1436=DIRECTION('refdir',(1.,0.,0.));
#1437=DIRECTION('axis',(0.,0.,1.));
#1438=DIRECTION('refdir',(1.,0.,0.));
#1439=DIRECTION('axis',(0.,0.,1.));
#1440=DIRECTION('refdir',(1.,0.,0.));
#1441=DIRECTION('axis',(0.,0.,1.));
#1442=DIRECTION('refdir',(1.,0.,0.));
#1443=DIRECTION('axis',(0.,0.,1.));
#1444=DIRECTION('refdir',(1.,0.,0.));
#1445=DIRECTION('',(6.84227765779631E-49,0.,1.));
#1446=DIRECTION('',(1.,0.,1.36845553156701E-48));
#1447=DIRECTION('axis',(0.,0.,1.));
#1448=DIRECTION('refdir',(1.,0.,0.));
#1449=DIRECTION('axis',(0.,0.,1.));
#1450=DIRECTION('refdir',(1.,0.,0.));
#1451=DIRECTION('axis',(0.,0.,1.));
#1452=DIRECTION('refdir',(1.,0.,0.));
#1453=DIRECTION('axis',(0.,0.,1.));
#1454=DIRECTION('refdir',(1.,0.,0.));
#1455=DIRECTION('axis',(0.,0.,1.));
#1456=DIRECTION('refdir',(1.,0.,0.));
#1457=DIRECTION('axis',(0.,0.,1.));
#1458=DIRECTION('refdir',(1.,0.,0.));
#1459=DIRECTION('axis',(0.,0.,1.));
#1460=DIRECTION('refdir',(1.,0.,0.));
#1461=DIRECTION('axis',(0.,0.,1.));
#1462=DIRECTION('refdir',(1.,0.,0.));
#1463=DIRECTION('axis',(0.,0.,1.));
#1464=DIRECTION('refdir',(1.,0.,0.));
#1465=DIRECTION('axis',(0.,0.,1.));
#1466=DIRECTION('refdir',(1.,0.,0.));
#1467=DIRECTION('axis',(0.,0.,1.));
#1468=DIRECTION('refdir',(1.,0.,0.));
#1469=DIRECTION('axis',(0.,0.,1.));
#1470=DIRECTION('refdir',(1.,0.,0.));
#1471=DIRECTION('axis',(0.,0.,1.));
#1472=DIRECTION('refdir',(1.,0.,0.));
#1473=DIRECTION('',(0.,0.,1.));
#1474=DIRECTION('',(1.,-1.51929083931297E-64,0.));
#1475=DIRECTION('',(0.,-1.75162308040602E-46,1.));
#1476=DIRECTION('',(1.,-2.892040478347E-33,0.));
#1477=DIRECTION('',(0.,0.,-1.));
#1478=DIRECTION('',(1.,-1.51929083931297E-64,0.));
#1479=DIRECTION('',(0.,0.,-1.));
#1480=DIRECTION('',(1.,-1.51929083931297E-64,0.));
#1481=DIRECTION('',(0.,0.,-1.));
#1482=DIRECTION('',(1.,-1.51929083931297E-64,0.));
#1483=DIRECTION('',(0.,0.,-1.));
#1484=DIRECTION('',(1.,-1.51929083931297E-64,0.));
#1485=DIRECTION('',(0.,0.,-1.));
#1486=DIRECTION('',(1.,-1.51929083931297E-64,0.));
#1487=DIRECTION('',(0.,0.,-1.));
#1488=DIRECTION('',(1.,-1.51929083931297E-64,0.));
#1489=DIRECTION('',(0.,0.,-1.));
#1490=DIRECTION('',(1.,-1.51929083931297E-64,0.));
#1491=DIRECTION('',(0.,0.,-1.));
#1492=DIRECTION('',(1.,-1.51929083931297E-64,0.));
#1493=DIRECTION('',(0.,0.,-1.));
#1494=DIRECTION('',(1.,-1.51929083931297E-64,0.));
#1495=DIRECTION('',(0.,0.,-1.));
#1496=DIRECTION('',(1.,-1.51929083931297E-64,0.));
#1497=DIRECTION('',(0.,0.,-1.));
#1498=DIRECTION('',(1.,-1.51929083931297E-64,0.));
#1499=DIRECTION('',(0.,0.,-1.));
#1500=DIRECTION('',(1.,-1.51929083931297E-64,0.));
#1501=DIRECTION('',(0.,0.,-1.));
#1502=DIRECTION('',(1.,-1.51929083931297E-64,0.));
#1503=DIRECTION('',(-1.337789924077E-17,1.,-2.465190328816E-32));
#1504=DIRECTION('',(1.,1.337789924077E-17,-1.249000902703E-16));
#1505=DIRECTION('',(0.,0.,1.));
#1506=DIRECTION('',(1.,-1.51929083931297E-64,0.));
#1507=DIRECTION('axis',(0.,0.,1.));
#1508=DIRECTION('refdir',(1.,0.,0.));
#1509=DIRECTION('axis',(0.,0.,1.));
#1510=DIRECTION('refdir',(1.,0.,0.));
#1511=DIRECTION('axis',(0.,0.,1.));
#1512=DIRECTION('refdir',(1.,0.,0.));
#1513=DIRECTION('axis',(0.,0.,1.));
#1514=DIRECTION('refdir',(1.,0.,0.));
#1515=DIRECTION('',(0.,0.,1.));
#1516=DIRECTION('',(1.,-1.51929083931297E-64,0.));
#1517=DIRECTION('',(0.,0.,1.));
#1518=DIRECTION('',(1.,-1.51929083931297E-64,0.));
#1519=DIRECTION('',(0.,0.,1.));
#1520=DIRECTION('',(1.,-1.51929083931297E-64,0.));
#1521=DIRECTION('',(0.,0.,1.));
#1522=DIRECTION('',(1.,-1.51929083931297E-64,0.));
#1523=DIRECTION('',(0.,0.,1.));
#1524=DIRECTION('',(1.,-1.51929083931297E-64,0.));
#1525=DIRECTION('',(0.,0.,1.));
#1526=DIRECTION('',(1.,-1.51929083931297E-64,0.));
#1527=DIRECTION('',(0.,0.,1.));
#1528=DIRECTION('',(1.,-1.51929083931297E-64,0.));
#1529=DIRECTION('',(0.,0.,1.));
#1530=DIRECTION('',(1.,-1.51929083931297E-64,0.));
#1531=DIRECTION('',(0.,0.,1.));
#1532=DIRECTION('',(1.,-1.51929083931297E-64,0.));
#1533=DIRECTION('',(0.,0.,1.));
#1534=DIRECTION('',(1.,-1.51929083931297E-64,0.));
#1535=DIRECTION('',(0.,0.,1.));
#1536=DIRECTION('',(1.,-1.51929083931297E-64,0.));
#1537=DIRECTION('',(0.,0.,1.));
#1538=DIRECTION('',(1.,-1.51929083931297E-64,0.));
#1539=DIRECTION('axis',(0.,0.,1.));
#1540=DIRECTION('refdir',(1.,0.,0.));
#1541=DIRECTION('axis',(0.,0.,1.));
#1542=DIRECTION('refdir',(1.,0.,0.));
#1543=DIRECTION('axis',(0.,0.,1.));
#1544=DIRECTION('refdir',(1.,0.,0.));
#1545=DIRECTION('axis',(0.,0.,1.));
#1546=DIRECTION('refdir',(1.,0.,0.));
#1547=DIRECTION('axis',(0.,0.,1.));
#1548=DIRECTION('refdir',(1.,0.,0.));
#1549=DIRECTION('axis',(0.,0.,1.));
#1550=DIRECTION('refdir',(1.,0.,0.));
#1551=DIRECTION('axis',(0.,0.,1.));
#1552=DIRECTION('refdir',(1.,0.,0.));
#1553=DIRECTION('axis',(0.,0.,1.));
#1554=DIRECTION('refdir',(1.,0.,0.));
#1555=DIRECTION('axis',(0.,0.,1.));
#1556=DIRECTION('refdir',(1.,0.,0.));
#1557=DIRECTION('axis',(0.,0.,1.));
#1558=DIRECTION('refdir',(1.,0.,0.));
#1559=DIRECTION('axis',(0.,0.,1.));
#1560=DIRECTION('refdir',(1.,0.,0.));
#1561=DIRECTION('',(-1.09476442525376E-47,2.46519032881566E-32,1.));
#1562=DIRECTION('',(1.,2.46519032881566E-32,0.));
#1563=DIRECTION('',(-1.09476442525376E-47,2.46519032881566E-32,1.));
#1564=DIRECTION('',(1.,2.46519032881566E-32,0.));
#1565=DIRECTION('',(-1.09476442525376E-47,2.46519032881566E-32,1.));
#1566=DIRECTION('',(1.,2.46519032881566E-32,0.));
#1567=DIRECTION('',(-1.09476442525376E-47,2.46519032881566E-32,1.));
#1568=DIRECTION('',(1.,2.46519032881566E-32,0.));
#1569=DIRECTION('',(-1.09476442525376E-47,2.46519032881566E-32,1.));
#1570=DIRECTION('',(1.,2.46519032881566E-32,0.));
#1571=DIRECTION('axis',(0.,0.,1.));
#1572=DIRECTION('refdir',(1.,0.,0.));
#1573=DIRECTION('axis',(0.,0.,1.));
#1574=DIRECTION('refdir',(1.,0.,0.));
#1575=DIRECTION('',(2.643916627655E-30,-3.006609133585E-15,-1.));
#1576=DIRECTION('',(-1.,-1.346145417358E-15,1.40341647930715E-30));
#1577=DIRECTION('',(-1.09476442525376E-47,2.46519032881566E-32,1.));
#1578=DIRECTION('',(1.,2.46519032881566E-32,0.));
#1579=DIRECTION('',(-1.09476442525376E-47,2.46519032881566E-32,1.));
#1580=DIRECTION('',(1.,2.46519032881566E-32,0.));
#1581=DIRECTION('',(1.09476442525376E-47,-2.46519032881566E-32,-1.));
#1582=DIRECTION('',(-1.,1.771070063092E-13,-1.12103877145985E-44));
#1583=DIRECTION('',(-1.09476442525376E-47,2.46519032881566E-32,1.));
#1584=DIRECTION('',(1.,2.46519032881566E-32,0.));
#1585=DIRECTION('axis',(0.,0.,1.));
#1586=DIRECTION('refdir',(1.,0.,0.));
#1587=DIRECTION('',(-1.09476442525376E-47,2.46519032881566E-32,1.));
#1588=DIRECTION('',(1.,2.46519032881566E-32,0.));
#1589=DIRECTION('',(-1.09476442525376E-47,2.46519032881566E-32,1.));
#1590=DIRECTION('',(1.,2.46519032881566E-32,0.));
#1591=DIRECTION('',(-1.09476442525376E-47,2.46519032881566E-32,1.));
#1592=DIRECTION('',(1.,2.46519032881566E-32,0.));
#1593=DIRECTION('axis',(0.,0.,1.));
#1594=DIRECTION('refdir',(1.,0.,0.));
#1595=DIRECTION('center_axis',(0.,1.,0.));
#1596=DIRECTION('ref_axis',(0.,0.,1.));
#1597=DIRECTION('',(0.,0.707106781186546,0.707106781186549));
#1598=DIRECTION('center_axis',(1.09651655341058E-16,1.,0.));
#1599=DIRECTION('ref_axis',(0.,0.,1.));
#1600=DIRECTION('',(0.,-0.707106781186546,0.707106781186549));
#1601=DIRECTION('center_axis',(-1.09651655341058E-16,-1.,0.));
#1602=DIRECTION('ref_axis',(0.,0.,1.));
#1603=DIRECTION('center_axis',(3.50594980723233E-16,0.707106781186548,-0.707106781186548));
#1604=DIRECTION('ref_axis',(-1.,0.,-4.9581617663873E-16));
#1605=DIRECTION('',(0.,0.707106781186547,0.707106781186547));
#1606=DIRECTION('',(1.,-1.09651655341058E-16,3.86164521297672E-16));
#1607=DIRECTION('',(-1.,1.09651655341058E-16,-3.86164521297672E-16));
#1608=DIRECTION('center_axis',(0.,1.,0.));
#1609=DIRECTION('ref_axis',(0.,0.,-1.));
#1610=DIRECTION('',(0.,0.707106781186546,-0.707106781186549));
#1611=DIRECTION('center_axis',(1.09651655341058E-16,1.,0.));
#1612=DIRECTION('ref_axis',(0.,0.,-1.));
#1613=DIRECTION('center_axis',(-1.09651655341058E-16,-1.,0.));
#1614=DIRECTION('ref_axis',(0.,0.,-1.));
#1615=DIRECTION('center_axis',(3.50594980723233E-16,0.707106781186548,0.707106781186548));
#1616=DIRECTION('ref_axis',(1.,0.,-4.9581617663873E-16));
#1617=DIRECTION('',(-1.,1.09651655341058E-16,3.86164521297672E-16));
#1618=DIRECTION('',(1.,-1.09651655341058E-16,-3.86164521297672E-16));
#1619=DIRECTION('center_axis',(-3.86164521297672E-16,0.,1.));
#1620=DIRECTION('ref_axis',(-1.,0.,-3.86164521297672E-16));
#1621=DIRECTION('',(0.,-1.,0.));
#1622=DIRECTION('',(1.,-1.25095550232626E-16,3.86164521297672E-16));
#1623=DIRECTION('',(0.,-1.,0.));
#1624=DIRECTION('center_axis',(0.,-1.,0.));
#1625=DIRECTION('ref_axis',(0.,0.,1.));
#1626=DIRECTION('',(0.,-1.,0.));
#1627=DIRECTION('center_axis',(1.25095550232626E-16,1.,0.));
#1628=DIRECTION('ref_axis',(0.,0.,1.));
#1629=DIRECTION('center_axis',(1.09651655341058E-16,1.,0.));
#1630=DIRECTION('ref_axis',(1.,-1.09651655341058E-16,0.));
#1631=DIRECTION('',(0.,0.,1.));
#1632=DIRECTION('',(1.,-1.09651655341058E-16,0.));
#1633=DIRECTION('',(0.,0.,-1.));
#1634=DIRECTION('',(-1.,1.09651655341058E-16,0.));
#1635=DIRECTION('center_axis',(0.,0.,1.));
#1636=DIRECTION('ref_axis',(0.707106781186547,0.707106781186547,0.));
#1637=DIRECTION('center_axis',(0.,0.,-1.));
#1638=DIRECTION('ref_axis',(0.707106781186547,0.707106781186547,0.));
#1639=DIRECTION('',(0.,0.,-1.));
#1640=DIRECTION('center_axis',(0.,0.398548444816342,0.917147282138739));
#1641=DIRECTION('ref_axis',(0.,0.917147282138739,-0.398548444816342));
#1642=DIRECTION('center_axis',(0.,0.731055245927864,0.682318274268944));
#1643=DIRECTION('ref_axis',(0.707106781186548,0.482471878663073,-0.516934121817592));
#1644=DIRECTION('',(0.,-0.731055245927864,-0.682318274268944));
#1645=DIRECTION('center_axis',(0.,0.0674786944306733,0.997720715329662));
#1646=DIRECTION('ref_axis',(-8.10566869444716E-17,0.997720715329662,-0.0674786944306732));
#1647=DIRECTION('',(0.,0.731055245927864,0.682318274268944));
#1648=DIRECTION('center_axis',(0.,0.682318274268944,-0.731055245927864));
#1649=DIRECTION('ref_axis',(0.,-0.731055245927864,-0.682318274268944));
#1650=DIRECTION('',(-1.,0.,0.));
#1651=DIRECTION('',(0.,-0.731055245927864,-0.682318274268944));
#1652=DIRECTION('center_axis',(0.,-0.0674786944306733,-0.997720715329662));
#1653=DIRECTION('ref_axis',(0.,-0.997720715329662,0.0674786944306733));
#1654=DIRECTION('',(0.,0.997720715329662,-0.0674786944306733));
#1655=DIRECTION('center_axis',(0.,0.0674786944306733,0.997720715329662));
#1656=DIRECTION('ref_axis',(0.,-0.997720715329662,0.0674786944306733));
#1657=DIRECTION('',(-1.,0.,0.));
#1658=DIRECTION('center_axis',(0.,0.0674786944306733,0.997720715329662));
#1659=DIRECTION('ref_axis',(1.66153876545671E-15,-0.997720715329662,0.0674786944306733));
#1660=DIRECTION('',(0.,-0.997720715329662,0.0674786944306733));
#1661=DIRECTION('center_axis',(0.,0.0674786944306733,0.997720715329662));
#1662=DIRECTION('ref_axis',(0.,0.997720715329662,-0.0674786944306732));
#1663=DIRECTION('center_axis',(0.,0.,-1.));
#1664=DIRECTION('ref_axis',(0.707106781186547,-0.707106781186547,0.));
#1665=DIRECTION('',(0.,0.,1.));
#1666=DIRECTION('center_axis',(0.,0.,-1.));
#1667=DIRECTION('ref_axis',(0.707106781186547,-0.707106781186547,0.));
#1668=DIRECTION('',(0.,0.,-1.));
#1669=DIRECTION('center_axis',(0.,-1.,0.));
#1670=DIRECTION('ref_axis',(-1.,0.,0.));
#1671=DIRECTION('',(1.,0.,0.));
#1672=DIRECTION('',(0.,0.,1.));
#1673=DIRECTION('center_axis',(0.,0.,1.));
#1674=DIRECTION('ref_axis',(-0.707106781186546,-0.707106781186549,0.));
#1675=DIRECTION('center_axis',(0.,0.,-1.));
#1676=DIRECTION('ref_axis',(-0.707106781186546,-0.707106781186549,0.));
#1677=DIRECTION('',(0.,0.,-1.));
#1678=DIRECTION('center_axis',(0.,0.,1.));
#1679=DIRECTION('ref_axis',(-0.707106781186547,0.707106781186547,0.));
#1680=DIRECTION('',(0.,0.,1.));
#1681=DIRECTION('center_axis',(0.,0.,-1.));
#1682=DIRECTION('ref_axis',(-0.707106781186547,0.707106781186547,0.));
#1683=DIRECTION('center_axis',(-2.74444031498747E-15,0.398548444816348,
0.917147282138736));
#1684=DIRECTION('ref_axis',(-6.31555839351626E-15,0.917147282138736,-0.398548444816347));
#1685=DIRECTION('center_axis',(0.,-0.731055245927864,-0.682318274268944));
#1686=DIRECTION('ref_axis',(-0.707106781186544,0.482471878663077,-0.516934121817593));
#1687=DIRECTION('',(0.,0.731055245927864,0.682318274268944));
#1688=DIRECTION('center_axis',(0.,0.,1.));
#1689=DIRECTION('ref_axis',(1.,0.,0.));
#1690=DIRECTION('',(0.,-1.,0.));
#1691=DIRECTION('',(0.,1.,0.));
#1692=DIRECTION('',(0.,-1.,0.));
#1693=DIRECTION('',(-1.,0.,0.));
#1694=DIRECTION('',(0.,1.,0.));
#1695=DIRECTION('',(1.,-1.25095550232626E-16,0.));
#1696=DIRECTION('center_axis',(0.,0.,-1.));
#1697=DIRECTION('ref_axis',(-1.,0.,0.));
#1698=DIRECTION('center_axis',(0.,0.,-1.));
#1699=DIRECTION('ref_axis',(-1.,0.,0.));
#1700=DIRECTION('center_axis',(0.,0.,-1.));
#1701=DIRECTION('ref_axis',(-1.,0.,0.));
#1702=DIRECTION('center_axis',(0.,0.,-1.));
#1703=DIRECTION('ref_axis',(-1.,0.,0.));
#1704=DIRECTION('center_axis',(-3.86164521297672E-16,0.,-1.));
#1705=DIRECTION('ref_axis',(1.,0.,-3.86164521297672E-16));
#1706=DIRECTION('',(0.,-1.,0.));
#1707=DIRECTION('',(-1.,1.25095550232626E-16,3.86164521297672E-16));
#1708=DIRECTION('center_axis',(0.,-1.,0.));
#1709=DIRECTION('ref_axis',(0.,0.,-1.));
#1710=DIRECTION('center_axis',(1.25095550232626E-16,1.,0.));
#1711=DIRECTION('ref_axis',(0.,0.,-1.));
#1712=DIRECTION('center_axis',(0.,0.,-1.));
#1713=DIRECTION('ref_axis',(-1.,0.,0.));
#1714=DIRECTION('',(0.,0.,-1.));
#1715=DIRECTION('center_axis',(0.,0.,-1.));
#1716=DIRECTION('ref_axis',(-1.,0.,0.));
#1717=DIRECTION('center_axis',(0.,0.,1.));
#1718=DIRECTION('ref_axis',(-1.,0.,0.));
#1719=DIRECTION('center_axis',(0.,0.,-1.));
#1720=DIRECTION('ref_axis',(-1.,0.,0.));
#1721=DIRECTION('',(0.,0.,-1.));
#1722=DIRECTION('center_axis',(0.,0.,-1.));
#1723=DIRECTION('ref_axis',(-1.,0.,0.));
#1724=DIRECTION('center_axis',(0.,0.,1.));
#1725=DIRECTION('ref_axis',(-1.,0.,0.));
#1726=DIRECTION('center_axis',(0.,0.,-1.));
#1727=DIRECTION('ref_axis',(-1.,0.,0.));
#1728=DIRECTION('',(0.,0.,-1.));
#1729=DIRECTION('center_axis',(0.,0.,-1.));
#1730=DIRECTION('ref_axis',(-1.,0.,0.));
#1731=DIRECTION('center_axis',(0.,0.,1.));
#1732=DIRECTION('ref_axis',(-1.,0.,0.));
#1733=DIRECTION('center_axis',(0.,0.,-1.));
#1734=DIRECTION('ref_axis',(-1.,0.,0.));
#1735=DIRECTION('',(0.,0.,-1.));
#1736=DIRECTION('center_axis',(0.,0.,-1.));
#1737=DIRECTION('ref_axis',(-1.,0.,0.));
#1738=DIRECTION('center_axis',(0.,0.,1.));
#1739=DIRECTION('ref_axis',(-1.,0.,0.));
#1740=DIRECTION('center_axis',(-1.25095550232626E-16,-1.,0.));
#1741=DIRECTION('ref_axis',(1.,-1.25095550232626E-16,0.));
#1742=DIRECTION('',(-1.,1.25095550232626E-16,0.));
#1743=DIRECTION('',(0.,0.,1.));
#1744=DIRECTION('',(-1.,1.25095550232626E-16,0.));
#1745=DIRECTION('',(0.,0.,1.));
#1746=DIRECTION('',(-1.,1.25095550232626E-16,0.));
#1747=DIRECTION('',(0.,0.,1.));
#1748=DIRECTION('',(0.,0.,1.));
#1749=DIRECTION('center_axis',(1.,0.,0.));
#1750=DIRECTION('ref_axis',(0.,1.,0.));
#1751=DIRECTION('',(0.,0.,1.));
#1752=DIRECTION('',(0.,-1.,0.));
#1753=DIRECTION('',(0.,0.,1.));
#1754=DIRECTION('',(0.,-1.,0.));
#1755=DIRECTION('',(0.,0.,1.));
#1756=DIRECTION('',(0.,-1.,0.));
#1757=DIRECTION('center_axis',(0.,1.,0.));
#1758=DIRECTION('ref_axis',(-1.,0.,0.));
#1759=DIRECTION('',(1.,0.,0.));
#1760=DIRECTION('',(0.,0.,1.));
#1761=DIRECTION('',(1.,0.,0.));
#1762=DIRECTION('',(0.,0.,1.));
#1763=DIRECTION('',(1.,0.,0.));
#1764=DIRECTION('',(0.,0.,1.));
#1765=DIRECTION('center_axis',(-1.,0.,0.));
#1766=DIRECTION('ref_axis',(0.,-1.,0.));
#1767=DIRECTION('',(0.,1.,0.));
#1768=DIRECTION('',(0.,1.,0.));
#1769=DIRECTION('',(0.,0.,1.));
#1770=DIRECTION('',(0.,1.,0.));
#1771=DIRECTION('',(0.,0.,1.));
#1772=DIRECTION('center_axis',(0.,0.,1.));
#1773=DIRECTION('ref_axis',(1.,0.,0.));
#1774=DIRECTION('center_axis',(0.,0.,-1.));
#1775=DIRECTION('ref_axis',(1.,0.,0.));
#1776=DIRECTION('',(0.,0.,-1.));
#1777=DIRECTION('center_axis',(0.,0.,1.));
#1778=DIRECTION('ref_axis',(1.,0.,0.));
#1779=DIRECTION('center_axis',(0.,0.,1.));
#1780=DIRECTION('ref_axis',(-0.707106781186548,-0.707106781186547,0.));
#1781=DIRECTION('center_axis',(0.,0.,-1.));
#1782=DIRECTION('ref_axis',(0.,1.,0.));
#1783=DIRECTION('center_axis',(0.,0.,1.));
#1784=DIRECTION('ref_axis',(0.,1.,0.));
#1785=DIRECTION('center_axis',(0.,0.,1.));
#1786=DIRECTION('ref_axis',(1.,0.,0.));
#1787=DIRECTION('center_axis',(0.,0.,1.));
#1788=DIRECTION('ref_axis',(1.,0.,0.));
#1789=DIRECTION('center_axis',(0.,0.,-1.));
#1790=DIRECTION('ref_axis',(0.,-1.,0.));
#1791=DIRECTION('center_axis',(0.,0.,-1.));
#1792=DIRECTION('ref_axis',(1.,0.,0.));
#1793=DIRECTION('center_axis',(0.,0.,-1.));
#1794=DIRECTION('ref_axis',(-1.,0.,0.));
#1795=DIRECTION('center_axis',(0.,0.,1.));
#1796=DIRECTION('ref_axis',(1.,0.,0.));
#1797=DIRECTION('center_axis',(0.,0.,-1.));
#1798=DIRECTION('ref_axis',(1.,0.,0.));
#1799=DIRECTION('',(0.,0.,-1.));
#1800=DIRECTION('center_axis',(0.,0.,1.));
#1801=DIRECTION('ref_axis',(1.,0.,0.));
#1802=DIRECTION('center_axis',(0.,0.,1.));
#1803=DIRECTION('ref_axis',(-0.707106781186547,0.707106781186548,0.));
#1804=DIRECTION('center_axis',(0.,0.,1.));
#1805=DIRECTION('ref_axis',(1.,0.,0.));
#1806=DIRECTION('center_axis',(0.,0.,1.));
#1807=DIRECTION('ref_axis',(1.,0.,0.));
#1808=DIRECTION('center_axis',(0.,0.,1.));
#1809=DIRECTION('ref_axis',(1.,0.,0.));
#1810=DIRECTION('center_axis',(0.,0.,1.));
#1811=DIRECTION('ref_axis',(1.,0.,0.));
#1812=DIRECTION('center_axis',(0.,0.,-1.));
#1813=DIRECTION('ref_axis',(1.,0.,0.));
#1814=DIRECTION('',(0.,0.,-1.));
#1815=DIRECTION('center_axis',(0.,0.,1.));
#1816=DIRECTION('ref_axis',(1.,0.,0.));
#1817=DIRECTION('center_axis',(0.,0.,1.));
#1818=DIRECTION('ref_axis',(0.707106781186547,-0.707106781186548,0.));
#1819=DIRECTION('center_axis',(0.,0.,1.));
#1820=DIRECTION('ref_axis',(-1.,0.,0.));
#1821=DIRECTION('center_axis',(0.,0.,1.));
#1822=DIRECTION('ref_axis',(1.,0.,0.));
#1823=DIRECTION('center_axis',(0.,0.,1.));
#1824=DIRECTION('ref_axis',(1.,0.,0.));
#1825=DIRECTION('center_axis',(0.,0.,1.));
#1826=DIRECTION('ref_axis',(1.,0.,0.));
#1827=DIRECTION('center_axis',(0.,0.,-1.));
#1828=DIRECTION('ref_axis',(1.,0.,0.));
#1829=DIRECTION('',(0.,0.,-1.));
#1830=DIRECTION('center_axis',(0.,0.,1.));
#1831=DIRECTION('ref_axis',(1.,0.,0.));
#1832=DIRECTION('center_axis',(0.,0.,1.));
#1833=DIRECTION('ref_axis',(0.707106781186548,0.707106781186547,0.));
#1834=DIRECTION('center_axis',(0.,0.,1.));
#1835=DIRECTION('ref_axis',(0.,-1.,0.));
#1836=DIRECTION('center_axis',(0.,0.,1.));
#1837=DIRECTION('ref_axis',(1.,0.,0.));
#1838=DIRECTION('center_axis',(0.,0.,1.));
#1839=DIRECTION('ref_axis',(1.,0.,0.));
#1840=DIRECTION('center_axis',(-1.,0.,0.));
#1841=DIRECTION('ref_axis',(0.,1.,0.));
#1842=DIRECTION('center_axis',(1.,0.,0.));
#1843=DIRECTION('ref_axis',(0.,-1.,0.));
#1844=DIRECTION('center_axis',(0.,0.,1.));
#1845=DIRECTION('ref_axis',(1.,0.,0.));
#1846=DIRECTION('',(9.86076131526264E-32,6.16297582200427E-33,1.));
#1847=DIRECTION('',(1.,1.36845553156662E-47,2.46519032881566E-32));
#1848=DIRECTION('',(9.86076131526264E-32,6.16297582200427E-33,1.));
#1849=DIRECTION('',(1.,1.36845553156662E-47,2.46519032881566E-32));
#1850=DIRECTION('',(-0.999999999999999,-1.110223024625E-16,1.110223024625E-16));
#1851=DIRECTION('',(1.110223024625E-16,-1.,1.23259516440783E-32));
#1852=DIRECTION('',(9.86076131526264E-32,6.16297582200427E-33,1.));
#1853=DIRECTION('',(1.,1.36845553156662E-47,2.46519032881566E-32));
#1854=DIRECTION('',(9.86076131526264E-32,6.16297582200427E-33,1.));
#1855=DIRECTION('',(1.,1.36845553156662E-47,2.46519032881566E-32));
#1856=DIRECTION('',(9.86076131526264E-32,6.16297582200427E-33,1.));
#1857=DIRECTION('',(1.,1.36845553156662E-47,2.46519032881566E-32));
#1858=DIRECTION('',(9.86076131526264E-32,6.16297582200427E-33,1.));
#1859=DIRECTION('',(1.,1.36845553156662E-47,2.46519032881566E-32));
#1860=DIRECTION('',(9.86076131526264E-32,6.16297582200427E-33,1.));
#1861=DIRECTION('',(1.,1.36845553156662E-47,2.46519032881566E-32));
#1862=DIRECTION('',(9.86076131526264E-32,6.16297582200427E-33,1.));
#1863=DIRECTION('',(1.,1.36845553156662E-47,2.46519032881566E-32));
#1864=DIRECTION('',(9.86076131526264E-32,6.16297582200427E-33,1.));
#1865=DIRECTION('',(1.,1.36845553156662E-47,2.46519032881566E-32));
#1866=DIRECTION('',(9.86076131526264E-32,6.16297582200427E-33,1.));
#1867=DIRECTION('',(1.,1.36845553156662E-47,2.46519032881566E-32));
#1868=DIRECTION('',(9.86076131526264E-32,6.16297582200427E-33,1.));
#1869=DIRECTION('',(1.,1.36845553156662E-47,2.46519032881566E-32));
#1870=DIRECTION('',(9.86076131526264E-32,6.16297582200427E-33,1.));
#1871=DIRECTION('',(1.,1.36845553156662E-47,2.46519032881566E-32));
#1872=DIRECTION('',(9.86076131526264E-32,6.16297582200427E-33,1.));
#1873=DIRECTION('',(1.,1.36845553156662E-47,2.46519032881566E-32));
#1874=DIRECTION('',(-8.36100153260065E-32,1.224646799147E-16,-1.));
#1875=DIRECTION('',(-1.,1.224646799147E-16,-2.46519032881667E-32));
#1876=DIRECTION('',(9.86076131526264E-32,6.16297582200427E-33,1.));
#1877=DIRECTION('',(1.,1.36845553156662E-47,2.46519032881566E-32));
#1878=CARTESIAN_POINT('',(0.,0.,0.));
#1879=CARTESIAN_POINT('',(0.,0.,0.));
#1880=CARTESIAN_POINT('',(0.,0.,0.));
#1881=CARTESIAN_POINT('',(0.,0.,0.));
#1882=CARTESIAN_POINT('',(0.,0.,0.));
#1883=CARTESIAN_POINT('',(8.88178419700125E-16,0.,-1.77635683940025E-15));
#1884=CARTESIAN_POINT('',(0.,0.,0.));
#1885=CARTESIAN_POINT('',(0.,0.,0.));
#1886=CARTESIAN_POINT('',(0.,0.,0.));
#1887=CARTESIAN_POINT('',(0.,0.,0.));
#1888=CARTESIAN_POINT('',(0.,0.,0.));
#1889=CARTESIAN_POINT('',(0.,0.,0.));
#1890=CARTESIAN_POINT('',(0.,0.,0.));
#1891=CARTESIAN_POINT('',(0.,0.,0.));
#1892=CARTESIAN_POINT('',(0.,0.,0.));
#1893=CARTESIAN_POINT('',(0.,0.,0.));
#1894=CARTESIAN_POINT('',(0.,0.,0.));
#1895=CARTESIAN_POINT('',(0.,0.,0.));
#1896=CARTESIAN_POINT('',(0.,0.,0.));
#1897=CARTESIAN_POINT('',(8.88178419700125E-16,-8.88178419700125E-16,0.));
#1898=CARTESIAN_POINT('',(-17.55,-3.81000000000001,-2.6));
#1899=CARTESIAN_POINT('',(4.30000000000001,-5.30000000000001,2.22044604925031E-15));
#1900=CARTESIAN_POINT('',(4.30000000000001,-3.80000000000001,2.22044604925031E-15));
#1901=CARTESIAN_POINT('',(4.30000000000001,-2.3,2.22044604925031E-15));
#1902=CARTESIAN_POINT('',(4.30000000000001,-0.80000000000001,2.22044604925031E-15));
#1903=CARTESIAN_POINT('',(4.30000000000001,0.699999999999994,2.22044604925031E-15));
#1904=CARTESIAN_POINT('',(4.30000000000001,2.2,2.22044604925031E-15));
#1905=CARTESIAN_POINT('',(4.30000000000001,3.7,2.22044604925031E-15));
#1906=CARTESIAN_POINT('',(4.30000000000001,5.19999999999996,2.22044604925031E-15));
#1907=CARTESIAN_POINT('',(-1.4,-3.06000000000001,2.22044604925031E-15));
#1908=CARTESIAN_POINT('',(-1.4,-1.56000000000001,2.22044604925031E-15));
#1909=CARTESIAN_POINT('',(-1.4,-0.0600000000000112,2.22044604925031E-15));
#1910=CARTESIAN_POINT('',(-1.4,1.44,2.22044604925031E-15));
#1911=CARTESIAN_POINT('',(-1.4,2.94,2.22044604925031E-15));
#1912=CARTESIAN_POINT('',(-9.80000000000001,-1.30000000000001,-0.0800000000000001));
#1913=CARTESIAN_POINT('',(8.88178419700125E-16,-8.88178419700125E-16,0.));
#1914=CARTESIAN_POINT('',(0.,0.,0.));
#1915=CARTESIAN_POINT('',(0.,0.,0.));
#1916=CARTESIAN_POINT('',(0.,0.,0.));
#1917=CARTESIAN_POINT('',(0.,0.,0.));
#1918=CARTESIAN_POINT('',(-8.88178419700125E-16,1.77635683940025E-15,0.));
#1919=CARTESIAN_POINT('',(-8.88178419700125E-16,0.,0.));
#1920=CARTESIAN_POINT('',(1.77635683940025E-15,1.77635683940025E-15,0.));
#1921=CARTESIAN_POINT('',(8.88178419700125E-16,-8.88178419700125E-16,0.));
#1922=CARTESIAN_POINT('',(1.77635683940025E-15,-8.88178419700125E-16,0.));
#1923=CARTESIAN_POINT('',(8.88178419700125E-16,0.,0.));
#1924=CARTESIAN_POINT('',(1.77635683940025E-15,0.,0.));
#1925=CARTESIAN_POINT('',(8.88178419700125E-16,1.77635683940025E-15,0.));
#1926=CARTESIAN_POINT('',(8.88178419700125E-16,0.,0.));
#1927=CARTESIAN_POINT('',(1.77635683940025E-15,0.,0.));
#1928=CARTESIAN_POINT('',(-8.88178419700125E-16,0.,0.));
#1929=CARTESIAN_POINT('',(-8.88178419700125E-16,-8.88178419700125E-16,0.));
#1930=CARTESIAN_POINT('',(0.,0.,0.));
#1931=CARTESIAN_POINT('',(0.,0.,0.));
#1932=CARTESIAN_POINT('',(0.,0.,0.));
#1933=CARTESIAN_POINT('',(0.,0.,0.));
#1934=CARTESIAN_POINT('',(0.,0.,0.));
#1935=CARTESIAN_POINT('',(0.,0.,0.));
#1936=CARTESIAN_POINT('',(0.,0.,0.));
#1937=CARTESIAN_POINT('',(0.,0.,0.));
#1938=CARTESIAN_POINT('',(0.,0.,0.));
#1939=CARTESIAN_POINT('',(0.,0.,0.));
#1940=CARTESIAN_POINT('',(0.,0.,0.));
#1941=CARTESIAN_POINT('',(-8.88178419700125E-16,-8.88178419700125E-16,0.));
#1942=CARTESIAN_POINT('',(-8.88178419700125E-16,-8.88178419700125E-16,0.));
#1943=CARTESIAN_POINT('',(-8.88178419700125E-16,-8.88178419700125E-16,0.));
#1944=CARTESIAN_POINT('',(-8.88178419700125E-16,-8.88178419700125E-16,0.));
#1945=CARTESIAN_POINT('',(-8.88178419700125E-16,-8.88178419700125E-16,0.));
#1946=CARTESIAN_POINT('',(0.,0.,0.));
#1947=CARTESIAN_POINT('',(0.,0.,0.));
#1948=CARTESIAN_POINT('',(8.88178419700125E-15,4.2,2.8));
#1949=CARTESIAN_POINT('',(-4.00000000000001,-7.70000000000001,2.5));
#1950=CARTESIAN_POINT('',(-8.88178419700125E-15,-9.00000000000002,1.2));
#1951=CARTESIAN_POINT('',(3.99999999999801,-7.70000000000102,2.5));
#1952=CARTESIAN_POINT('',(-8.88178419700125E-16,-8.88178419700125E-16,0.));
#1953=CARTESIAN_POINT('',(0.,0.,0.));
#1954=CARTESIAN_POINT('',(-8.88178419700125E-16,-8.88178419700125E-16,0.));
#1955=CARTESIAN_POINT('',(-8.88178419700125E-16,-8.88178419700125E-16,0.));
#1956=CARTESIAN_POINT('',(-8.88178419700125E-16,-8.88178419700125E-16,0.));
#1957=CARTESIAN_POINT('',(0.,0.,0.));
#1958=CARTESIAN_POINT('Origin',(72.8750011175871,-28.0000004917383,9.12500015646219));
#1959=CARTESIAN_POINT('',(72.8750011175871,-28.5000004917383,11.0000001564622));
#1960=CARTESIAN_POINT('',(72.8750011175871,-27.5000004917383,12.0000001564622));
#1961=CARTESIAN_POINT('',(72.8750011175871,-28.5000004917383,11.0000001564622));
#1962=CARTESIAN_POINT('',(72.8750011175871,-27.5000004917383,6.25000015646219));
#1963=CARTESIAN_POINT('Origin',(72.8750011175871,-27.5000004917383,9.12500015646219));
#1964=CARTESIAN_POINT('',(72.8750011175871,-28.5000004917383,7.25000015646219));
#1965=CARTESIAN_POINT('',(72.8750011175871,-27.5000004917383,6.25000015646219));
#1966=CARTESIAN_POINT('Origin',(72.8750011175871,-28.5000004917383,9.12500015646219));
#1967=CARTESIAN_POINT('Origin',(51.1875008195639,-28.0000004917383,11.5000001564622));
#1968=CARTESIAN_POINT('',(67.1250009834766,-28.5000004917383,11.0000001564622));
#1969=CARTESIAN_POINT('',(67.1250009834766,-27.5000004917383,12.0000001564622));
#1970=CARTESIAN_POINT('',(67.1250009834766,-28.5000004917383,11.0000001564622));
#1971=CARTESIAN_POINT('',(51.1875008195639,-27.5000004917383,12.0000001564622));
#1972=CARTESIAN_POINT('',(51.1875008195639,-28.5000004917383,11.0000001564622));
#1973=CARTESIAN_POINT('Origin',(67.1250009834766,-28.0000004917383,9.12500015646219));
#1974=CARTESIAN_POINT('',(67.1250009834766,-28.5000004917383,7.25000015646219));
#1975=CARTESIAN_POINT('',(67.1250009834766,-27.5000004917383,6.2500001564622));
#1976=CARTESIAN_POINT('',(67.1250009834766,-28.5000004917383,7.25000015646219));
#1977=CARTESIAN_POINT('Origin',(67.1250009834766,-27.5000004917383,9.12500015646219));
#1978=CARTESIAN_POINT('Origin',(67.1250009834766,-28.5000004917383,9.12500015646219));
#1979=CARTESIAN_POINT('Origin',(48.3125007525086,-28.0000004917383,6.7500001564622));
#1980=CARTESIAN_POINT('',(48.3125007525086,-27.5000004917383,6.2500001564622));
#1981=CARTESIAN_POINT('',(48.3125007525086,-28.5000004917383,7.2500001564622));
#1982=CARTESIAN_POINT('Origin',(72.8750011175871,-27.5000004917383,11.0000001564622));
#1983=CARTESIAN_POINT('',(72.8750011175871,-32.5000004917383,11.0000001564622));
#1984=CARTESIAN_POINT('',(72.8750011175871,-27.5000004917383,11.0000001564622));
#1985=CARTESIAN_POINT('',(67.1250009834766,-32.5000004917383,11.0000001564622));
#1986=CARTESIAN_POINT('',(53.6875008195639,-32.5000004917383,11.0000001564622));
#1987=CARTESIAN_POINT('',(67.1250009834766,-27.5000004917383,11.0000001564622));
#1988=CARTESIAN_POINT('Origin',(72.8750011175871,-27.5000004917383,9.12500015646219));
#1989=CARTESIAN_POINT('',(72.8750011175871,-32.5000004917383,7.25000015646219));
#1990=CARTESIAN_POINT('',(72.8750011175871,-27.5000004917383,7.25000015646219));
#1991=CARTESIAN_POINT('Origin',(72.8750011175871,-32.5000004917383,9.12500015646219));
#1992=CARTESIAN_POINT('Origin',(29.5000005215406,-27.5000004917383,0.));
#1993=CARTESIAN_POINT('',(108.000001564622,-27.5000004917383,-3.));
#1994=CARTESIAN_POINT('',(108.000001564622,-27.5000004917383,22.));
#1995=CARTESIAN_POINT('',(108.000001564622,-27.5000004917383,0.));
#1996=CARTESIAN_POINT('',(32.0000005215406,-27.5000004917383,-3.));
#1997=CARTESIAN_POINT('',(29.5000005215406,-27.5000004917383,-3.));
#1998=CARTESIAN_POINT('',(32.0000005215406,-27.5000004917383,22.));
#1999=CARTESIAN_POINT('',(32.0000005215406,-27.5000004917383,0.));
#2000=CARTESIAN_POINT('',(29.5000005215406,-27.5000004917383,22.));
#2001=CARTESIAN_POINT('Origin',(108.000001564622,-30.0000004917383,0.));
#2002=CARTESIAN_POINT('',(110.500001564622,-30.0000004917383,22.));
#2003=CARTESIAN_POINT('Origin',(108.000001564622,-30.0000004917383,22.));
#2004=CARTESIAN_POINT('',(110.500001564622,-30.0000004917383,-1.9136192938201));
#2005=CARTESIAN_POINT('',(110.500001564622,-30.0000004917383,0.));
#2006=CARTESIAN_POINT('Origin',(108.000001564622,-30.0000004917383,-1.9136192938201));
#2007=CARTESIAN_POINT('Origin',(108.000001564622,-28.4575776467155,-0.474024544078317));
#2008=CARTESIAN_POINT('',(110.500001564622,-38.4164131056309,-9.76893824848806));
#2009=CARTESIAN_POINT('',(110.500001564622,-28.4575776467155,-0.474024544078317));
#2010=CARTESIAN_POINT('',(108.000001564622,-35.,-10.));
#2011=CARTESIAN_POINT('Origin',(108.000001564622,-38.4164131056309,-9.76893824848806));
#2012=CARTESIAN_POINT('',(108.000001564622,-26.7517819610432,-2.30166265889798));
#2013=CARTESIAN_POINT('Origin',(110.500001564622,-27.5000004917383,-3.));
#2014=CARTESIAN_POINT('',(32.0000005215406,-35.,-10.));
#2015=CARTESIAN_POINT('',(110.500001564622,-35.,-10.));
#2016=CARTESIAN_POINT('',(32.0000005215406,-56.4133007384584,-29.9857486662623));
#2017=CARTESIAN_POINT('Origin',(110.500001564622,-35.,-10.));
#2018=CARTESIAN_POINT('',(110.500001564622,-136.000001981854,-3.16908212236622));
#2019=CARTESIAN_POINT('',(110.500001564622,-138.500001981854,-3.));
#2020=CARTESIAN_POINT('',(108.000001564622,-138.500001981854,-3.));
#2021=CARTESIAN_POINT('Origin',(108.000001564622,-136.000001981854,-3.16908212236622));
#2022=CARTESIAN_POINT('',(32.0000005215406,-138.500001981854,-3.));
#2023=CARTESIAN_POINT('',(110.500001564622,-138.500001981854,-3.));
#2024=CARTESIAN_POINT('',(29.5000015646219,-136.000001981854,-3.16908212236622));
#2025=CARTESIAN_POINT('Origin',(32.0000005215406,-136.000001981854,-3.16908212236622));
#2026=CARTESIAN_POINT('',(29.5000015646219,-38.4164131056309,-9.76893824848806));
#2027=CARTESIAN_POINT('',(29.5000015646219,-138.500001981854,-3.));
#2028=CARTESIAN_POINT('Origin',(32.0000005215406,-38.416413105631,-9.76893824848806));
#2029=CARTESIAN_POINT('Origin',(108.000001564622,-136.000001981854,0.));
#2030=CARTESIAN_POINT('',(110.500001564622,-136.000001981854,22.));
#2031=CARTESIAN_POINT('',(110.500001564622,-136.000001981854,0.));
#2032=CARTESIAN_POINT('',(108.000001564622,-138.500001981854,22.));
#2033=CARTESIAN_POINT('Origin',(108.000001564622,-136.000001981854,22.));
#2034=CARTESIAN_POINT('',(108.000001564622,-138.500001981854,0.));
#2035=CARTESIAN_POINT('Origin',(110.500001564622,-138.500001981854,0.));
#2036=CARTESIAN_POINT('',(32.0000005215406,-138.500001981854,22.));
#2037=CARTESIAN_POINT('',(110.500001564622,-138.500001981854,22.));
#2038=CARTESIAN_POINT('',(32.0000005215406,-138.500001981854,0.));
#2039=CARTESIAN_POINT('Origin',(32.0000005215406,-136.000001981854,0.));
#2040=CARTESIAN_POINT('',(29.5000005215406,-136.000001981854,22.));
#2041=CARTESIAN_POINT('Origin',(32.0000005215406,-136.000001981854,22.));
#2042=CARTESIAN_POINT('',(29.5000005215406,-136.000001981854,0.));
#2043=CARTESIAN_POINT('Origin',(32.0000005215406,-30.0000004917383,0.));
#2044=CARTESIAN_POINT('',(29.5000005215406,-30.0000004917383,-1.91361929382009));
#2045=CARTESIAN_POINT('',(29.5000005215406,-30.0000004917383,22.));
#2046=CARTESIAN_POINT('',(29.5000005215406,-30.0000004917383,0.));
#2047=CARTESIAN_POINT('Origin',(32.0000005215406,-30.0000004917383,22.));
#2048=CARTESIAN_POINT('Origin',(32.0000005215406,-30.0000004917383,-1.91361929382009));
#2049=CARTESIAN_POINT('Origin',(32.0000005215406,-58.1190964241307,-28.1581105514426));
#2050=CARTESIAN_POINT('',(29.5000005215406,-58.1190964241307,-28.1581105514426));
#2051=CARTESIAN_POINT('Origin',(70.0000010430813,-83.0000012367964,22.));
#2052=CARTESIAN_POINT('',(29.5000005215406,-138.500001981854,22.));
#2053=CARTESIAN_POINT('',(110.500001564622,-27.5000004917383,22.));
#2054=CARTESIAN_POINT('',(105.500001564622,-32.5000004917383,22.));
#2055=CARTESIAN_POINT('',(105.500001564622,-133.500001981854,22.));
#2056=CARTESIAN_POINT('',(105.500001564622,-32.5000004917383,22.));
#2057=CARTESIAN_POINT('',(34.5000005215406,-133.500001981854,22.));
#2058=CARTESIAN_POINT('',(105.500001564622,-133.500001981854,22.));
#2059=CARTESIAN_POINT('',(34.5000005215406,-32.5000004917383,22.));
#2060=CARTESIAN_POINT('',(34.5000005215406,-133.500001981854,22.));
#2061=CARTESIAN_POINT('',(34.5000005215406,-32.5000004917383,22.));
#2062=CARTESIAN_POINT('',(34.8000004842877,-30.5000004544854,22.));
#2063=CARTESIAN_POINT('Origin',(32.5000004842877,-30.5000004544854,22.));
#2064=CARTESIAN_POINT('',(109.800001601875,-30.5000004544854,22.));
#2065=CARTESIAN_POINT('Origin',(107.500001601875,-30.5000004544854,22.));
#2066=CARTESIAN_POINT('',(109.800001601875,-135.500002019107,22.));
#2067=CARTESIAN_POINT('Origin',(107.500001601875,-135.500002019107,22.));
#2068=CARTESIAN_POINT('',(34.8000004842878,-135.500002019107,22.));
#2069=CARTESIAN_POINT('Origin',(32.5000004842878,-135.500002019107,22.));
#2070=CARTESIAN_POINT('Origin',(67.1250009834766,-27.5000004917383,7.25000015646219));
#2071=CARTESIAN_POINT('',(67.1250009834766,-32.5000004917383,7.25000015646219));
#2072=CARTESIAN_POINT('',(67.1250009834766,-27.5000004917383,7.25000015646219));
#2073=CARTESIAN_POINT('',(50.8125007525086,-32.5000004917383,7.2500001564622));
#2074=CARTESIAN_POINT('Origin',(67.1250009834766,-27.5000004917383,9.12500015646219));
#2075=CARTESIAN_POINT('Origin',(67.1250009834766,-32.5000004917383,9.12500015646219));
#2076=CARTESIAN_POINT('Origin',(32.5000004842878,-135.500002019107,22.));
#2077=CARTESIAN_POINT('',(34.8000004842878,-135.500002019107,0.));
#2078=CARTESIAN_POINT('',(34.8000004842878,-135.500002019107,22.));
#2079=CARTESIAN_POINT('Origin',(32.5000004842878,-135.500002019107,0.));
#2080=CARTESIAN_POINT('Origin',(32.5000004842878,-135.500002019107,0.));
#2081=CARTESIAN_POINT('Origin',(107.500001601875,-135.500002019107,22.));
#2082=CARTESIAN_POINT('',(109.800001601875,-135.500002019107,0.));
#2083=CARTESIAN_POINT('',(109.800001601875,-135.500002019107,22.));
#2084=CARTESIAN_POINT('Origin',(107.500001601875,-135.500002019107,0.));
#2085=CARTESIAN_POINT('Origin',(107.500001601875,-135.500002019107,0.));
#2086=CARTESIAN_POINT('Origin',(107.500001601875,-30.5000004544854,22.));
#2087=CARTESIAN_POINT('',(109.800001601875,-30.5000004544854,0.));
#2088=CARTESIAN_POINT('',(109.800001601875,-30.5000004544854,22.));
#2089=CARTESIAN_POINT('Origin',(107.500001601875,-30.5000004544854,0.));
#2090=CARTESIAN_POINT('Origin',(107.500001601875,-30.5000004544854,0.));
#2091=CARTESIAN_POINT('Origin',(32.5000004842877,-30.5000004544854,22.));
#2092=CARTESIAN_POINT('',(34.8000004842877,-30.5000004544854,0.));
#2093=CARTESIAN_POINT('',(34.8000004842877,-30.5000004544854,22.));
#2094=CARTESIAN_POINT('Origin',(32.5000004842877,-30.5000004544854,0.));
#2095=CARTESIAN_POINT('Origin',(32.5000004842877,-30.5000004544854,0.));
#2096=CARTESIAN_POINT('Origin',(34.5000005215406,-32.5000004917383,0.));
#2097=CARTESIAN_POINT('',(39.0000005811453,-32.500000551343,12.));
#2098=CARTESIAN_POINT('',(34.5000005215406,-32.5000004917383,12.));
#2099=CARTESIAN_POINT('',(34.5000005215406,-32.5000004917383,12.));
#2100=CARTESIAN_POINT('',(39.0000005811453,-32.500000551343,0.));
#2101=CARTESIAN_POINT('',(39.0000005811453,-32.500000551343,0.));
#2102=CARTESIAN_POINT('',(101.000001505017,-32.500000551343,0.));
#2103=CARTESIAN_POINT('',(52.250000782311,-32.5000004917383,0.));
#2104=CARTESIAN_POINT('',(101.000001505017,-32.500000551343,12.));
#2105=CARTESIAN_POINT('',(101.000001505017,-32.500000551343,0.));
#2106=CARTESIAN_POINT('',(105.500001564622,-32.5000004917383,12.));
#2107=CARTESIAN_POINT('',(34.5000005215406,-32.5000004917383,12.));
#2108=CARTESIAN_POINT('',(105.500001564622,-32.5000004917383,0.));
#2109=CARTESIAN_POINT('',(34.5000005215406,-32.5000004917383,0.));
#2110=CARTESIAN_POINT('Origin',(34.5000005215406,-133.500001981854,0.));
#2111=CARTESIAN_POINT('',(34.5000005811453,-129.00000192225,0.));
#2112=CARTESIAN_POINT('',(34.5000005811453,-129.00000192225,12.));
#2113=CARTESIAN_POINT('',(34.5000005811453,-129.00000192225,0.));
#2114=CARTESIAN_POINT('',(34.5000005811453,-37.000000551343,0.));
#2115=CARTESIAN_POINT('',(34.5000005215406,-108.250001609325,0.));
#2116=CARTESIAN_POINT('',(34.5000005811453,-37.000000551343,12.));
#2117=CARTESIAN_POINT('',(34.5000005811453,-37.000000551343,0.));
#2118=CARTESIAN_POINT('',(34.5000005215406,-133.500001981854,12.));
#2119=CARTESIAN_POINT('',(34.5000005215406,-133.500001981854,12.));
#2120=CARTESIAN_POINT('',(34.5000005215406,-133.500001981854,0.));
#2121=CARTESIAN_POINT('',(34.5000005215406,-133.500001981854,12.));
#2122=CARTESIAN_POINT('Origin',(105.500001564622,-133.500001981854,0.));
#2123=CARTESIAN_POINT('',(39.0000005811453,-133.50000192225,12.));
#2124=CARTESIAN_POINT('',(105.500001564622,-133.500001981854,12.));
#2125=CARTESIAN_POINT('',(105.500001564622,-133.500001981854,12.));
#2126=CARTESIAN_POINT('',(105.500001564622,-133.500001981854,0.));
#2127=CARTESIAN_POINT('',(101.000001505017,-133.50000192225,12.));
#2128=CARTESIAN_POINT('',(105.500001564622,-133.500001981854,12.));
#2129=CARTESIAN_POINT('',(101.000001505017,-133.50000192225,0.));
#2130=CARTESIAN_POINT('',(101.000001505017,-133.50000192225,0.));
#2131=CARTESIAN_POINT('',(39.0000005811453,-133.50000192225,0.));
#2132=CARTESIAN_POINT('',(87.7500013038516,-133.500001981854,0.));
#2133=CARTESIAN_POINT('',(39.0000005811453,-133.50000192225,0.));
#2134=CARTESIAN_POINT('Origin',(105.500001564622,-32.5000004917383,0.));
#2135=CARTESIAN_POINT('',(105.500001505017,-129.00000192225,12.));
#2136=CARTESIAN_POINT('',(105.500001564622,-32.5000004917383,12.));
#2137=CARTESIAN_POINT('',(105.500001505017,-37.000000551343,12.));
#2138=CARTESIAN_POINT('',(105.500001564622,-32.5000004917383,12.));
#2139=CARTESIAN_POINT('',(105.500001505017,-37.000000551343,0.));
#2140=CARTESIAN_POINT('',(105.500001505017,-37.000000551343,0.));
#2141=CARTESIAN_POINT('',(105.500001505017,-129.00000192225,0.));
#2142=CARTESIAN_POINT('',(105.500001564622,-57.7500008642673,0.));
#2143=CARTESIAN_POINT('',(105.500001505017,-129.00000192225,0.));
#2144=CARTESIAN_POINT('Origin',(101.000001505017,-37.000000551343,0.));
#2145=CARTESIAN_POINT('',(98.7000015050173,-37.000000551343,12.));
#2146=CARTESIAN_POINT('Origin',(101.000001505017,-37.000000551343,12.));
#2147=CARTESIAN_POINT('',(98.7000015050173,-37.000000551343,0.));
#2148=CARTESIAN_POINT('',(98.7000015050173,-37.000000551343,0.));
#2149=CARTESIAN_POINT('Origin',(101.000001505017,-37.000000551343,0.));
#2150=CARTESIAN_POINT('Origin',(101.000001505017,-37.000000551343,0.));
#2151=CARTESIAN_POINT('Origin',(101.000001505017,-37.000000551343,0.));
#2152=CARTESIAN_POINT('Origin',(101.000001505017,-37.000000551343,12.));
#2153=CARTESIAN_POINT('Origin',(101.00000153482,-37.0000005215406,12.));
#2154=CARTESIAN_POINT('Origin',(70.0000010430813,-83.0000012367964,0.));
#2155=CARTESIAN_POINT('Origin',(39.0000005811453,-129.00000192225,0.));
#2156=CARTESIAN_POINT('Origin',(101.000001505017,-129.00000192225,0.));
#2157=CARTESIAN_POINT('Origin',(39.0000005811453,-37.000000551343,0.));
#2158=CARTESIAN_POINT('Origin',(101.000001505017,-129.00000192225,0.));
#2159=CARTESIAN_POINT('',(98.7000015050173,-129.00000192225,12.));
#2160=CARTESIAN_POINT('Origin',(101.000001505017,-129.00000192225,12.));
#2161=CARTESIAN_POINT('',(98.7000015050173,-129.00000192225,0.));
#2162=CARTESIAN_POINT('',(98.7000015050173,-129.00000192225,0.));
#2163=CARTESIAN_POINT('Origin',(101.000001505017,-129.00000192225,0.));
#2164=CARTESIAN_POINT('Origin',(101.000001505017,-129.00000192225,0.));
#2165=CARTESIAN_POINT('Origin',(101.000001505017,-129.00000192225,12.));
#2166=CARTESIAN_POINT('Origin',(101.00000153482,-129.000001952052,12.));
#2167=CARTESIAN_POINT('Origin',(70.0000010430813,-83.0000012367964,0.));
#2168=CARTESIAN_POINT('Origin',(39.0000005811453,-37.000000551343,0.));
#2169=CARTESIAN_POINT('',(36.7000005811453,-37.000000551343,12.));
#2170=CARTESIAN_POINT('Origin',(39.0000005811453,-37.000000551343,12.));
#2171=CARTESIAN_POINT('',(36.7000005811453,-37.000000551343,0.));
#2172=CARTESIAN_POINT('',(36.7000005811453,-37.000000551343,0.));
#2173=CARTESIAN_POINT('Origin',(39.0000005811453,-37.000000551343,0.));
#2174=CARTESIAN_POINT('Origin',(39.0000005811453,-37.000000551343,0.));
#2175=CARTESIAN_POINT('Origin',(39.0000005811453,-37.000000551343,12.));
#2176=CARTESIAN_POINT('Origin',(39.000000551343,-37.0000005215406,12.));
#2177=CARTESIAN_POINT('Origin',(70.0000010430813,-83.0000012367964,0.));
#2178=CARTESIAN_POINT('Origin',(39.0000005811453,-129.00000192225,0.));
#2179=CARTESIAN_POINT('',(36.7000005811453,-129.00000192225,12.));
#2180=CARTESIAN_POINT('Origin',(39.0000005811453,-129.00000192225,12.));
#2181=CARTESIAN_POINT('',(36.7000005811453,-129.00000192225,0.));
#2182=CARTESIAN_POINT('',(36.7000005811453,-129.00000192225,0.));
#2183=CARTESIAN_POINT('Origin',(39.0000005811453,-129.00000192225,0.));
#2184=CARTESIAN_POINT('Origin',(39.0000005811453,-129.00000192225,0.));
#2185=CARTESIAN_POINT('Origin',(39.0000005811453,-129.00000192225,12.));
#2186=CARTESIAN_POINT('Origin',(39.000000551343,-129.000001952052,12.));
#2187=CARTESIAN_POINT('Origin',(70.0000010430813,-83.0000012367964,0.));
#2188=CARTESIAN_POINT('Origin',(29.5000005215406,-138.500001981854,0.));
#2189=CARTESIAN_POINT('Origin',(110.500001564622,-27.5000004917383,0.));
#2190=CARTESIAN_POINT('Origin',(70.0000010430813,-83.0000012367964,0.));
#2191=CARTESIAN_POINT('',(50.9499999999999,-118.1,13.595));
#2192=CARTESIAN_POINT('',(50.9499999999999,-79.9999999999999,13.595));
#2193=CARTESIAN_POINT('',(89.0499999999998,-44.9999999999999,13.595));
#2194=CARTESIAN_POINT('',(89.0499999999998,-118.1,13.595));
#2195=CARTESIAN_POINT('',(69.9999999999999,-60.9499999999999,13.595));
#2196=CARTESIAN_POINT('',(89.0499999999998,-60.9499999999999,13.595));
#2197=CARTESIAN_POINT('',(69.9999999999999,-79.9999999999999,13.595));
#2198=CARTESIAN_POINT('',(89.0499999999998,-99.0499999999998,13.595));
#2199=CARTESIAN_POINT('',(69.9999999999999,-118.1,13.595));
#2200=CARTESIAN_POINT('',(69.9999999999999,-99.0499999999998,13.595));
#2201=CARTESIAN_POINT('',(60.4399999999999,-44.7999999999999,16.095));
#2202=CARTESIAN_POINT('',(89.0499999999998,-79.9999999999999,13.595));
#2203=CARTESIAN_POINT('',(50.9499999999999,-99.0499999999998,13.595));
#2204=CARTESIAN_POINT('',(50.9499999999999,-60.9499999999999,13.595));
#2205=CARTESIAN_POINT('',(69.9999999999999,-44.9999999999999,11.915));
#2206=CARTESIAN_POINT('',(1.66400347195057E-31,-9.82994643609685E-33,12.));
#2207=UNCERTAINTY_MEASURE_WITH_UNIT(LENGTH_MEASURE(0.01),#2283,
'DISTANCE_ACCURACY_VALUE',
'Maximum model space distance between geometric entities at asserted c
onnectivities');
#2208=UNCERTAINTY_MEASURE_WITH_UNIT(LENGTH_MEASURE(0.01),#2283,
'DISTANCE_ACCURACY_VALUE',
'Maximum model space distance between geometric entities at asserted c
onnectivities');
#2209=UNCERTAINTY_MEASURE_WITH_UNIT(LENGTH_MEASURE(0.01),#2283,
'DISTANCE_ACCURACY_VALUE',
'Maximum model space distance between geometric entities at asserted c
onnectivities');
#2210=UNCERTAINTY_MEASURE_WITH_UNIT(LENGTH_MEASURE(0.01),#2283,
'DISTANCE_ACCURACY_VALUE',
'Maximum model space distance between geometric entities at asserted c
onnectivities');
#2211=UNCERTAINTY_MEASURE_WITH_UNIT(LENGTH_MEASURE(0.01),#2283,
'DISTANCE_ACCURACY_VALUE',
'Maximum model space distance between geometric entities at asserted c
onnectivities');
#2212=UNCERTAINTY_MEASURE_WITH_UNIT(LENGTH_MEASURE(0.01),#2283,
'DISTANCE_ACCURACY_VALUE',
'Maximum model space distance between geometric entities at asserted c
onnectivities');
#2213=UNCERTAINTY_MEASURE_WITH_UNIT(LENGTH_MEASURE(0.01),#2283,
'DISTANCE_ACCURACY_VALUE',
'Maximum model space distance between geometric entities at asserted c
onnectivities');
#2214=UNCERTAINTY_MEASURE_WITH_UNIT(LENGTH_MEASURE(0.01),#2283,
'DISTANCE_ACCURACY_VALUE',
'Maximum model space distance between geometric entities at asserted c
onnectivities');
#2215=UNCERTAINTY_MEASURE_WITH_UNIT(LENGTH_MEASURE(0.01),#2283,
'DISTANCE_ACCURACY_VALUE',
'Maximum model space distance between geometric entities at asserted c
onnectivities');
#2216=UNCERTAINTY_MEASURE_WITH_UNIT(LENGTH_MEASURE(0.01),#2283,
'DISTANCE_ACCURACY_VALUE',
'Maximum model space distance between geometric entities at asserted c
onnectivities');
#2217=UNCERTAINTY_MEASURE_WITH_UNIT(LENGTH_MEASURE(0.01),#2283,
'DISTANCE_ACCURACY_VALUE',
'Maximum model space distance between geometric entities at asserted c
onnectivities');
#2218=UNCERTAINTY_MEASURE_WITH_UNIT(LENGTH_MEASURE(0.01),#2283,
'DISTANCE_ACCURACY_VALUE',
'Maximum model space distance between geometric entities at asserted c
onnectivities');
#2219=UNCERTAINTY_MEASURE_WITH_UNIT(LENGTH_MEASURE(0.01),#2283,
'DISTANCE_ACCURACY_VALUE',
'Maximum model space distance between geometric entities at asserted c
onnectivities');
#2220=UNCERTAINTY_MEASURE_WITH_UNIT(LENGTH_MEASURE(0.01),#2283,
'DISTANCE_ACCURACY_VALUE',
'Maximum model space distance between geometric entities at asserted c
onnectivities');
#2221=UNCERTAINTY_MEASURE_WITH_UNIT(LENGTH_MEASURE(0.01),#2283,
'DISTANCE_ACCURACY_VALUE',
'Maximum model space distance between geometric entities at asserted c
onnectivities');
#2222=UNCERTAINTY_MEASURE_WITH_UNIT(LENGTH_MEASURE(0.01),#2283,
'DISTANCE_ACCURACY_VALUE',
'Maximum model space distance between geometric entities at asserted c
onnectivities');
#2223=UNCERTAINTY_MEASURE_WITH_UNIT(LENGTH_MEASURE(0.01),#2283,
'DISTANCE_ACCURACY_VALUE',
'Maximum model space distance between geometric entities at asserted c
onnectivities');
#2224=UNCERTAINTY_MEASURE_WITH_UNIT(LENGTH_MEASURE(0.01),#2283,
'DISTANCE_ACCURACY_VALUE',
'Maximum model space distance between geometric entities at asserted c
onnectivities');
#2225=UNCERTAINTY_MEASURE_WITH_UNIT(LENGTH_MEASURE(0.01),#2283,
'DISTANCE_ACCURACY_VALUE',
'Maximum model space distance between geometric entities at asserted c
onnectivities');
#2226=UNCERTAINTY_MEASURE_WITH_UNIT(LENGTH_MEASURE(0.01),#2283,
'DISTANCE_ACCURACY_VALUE',
'Maximum model space distance between geometric entities at asserted c
onnectivities');
#2227=UNCERTAINTY_MEASURE_WITH_UNIT(LENGTH_MEASURE(0.01),#2283,
'DISTANCE_ACCURACY_VALUE',
'Maximum model space distance between geometric entities at asserted c
onnectivities');
#2228=UNCERTAINTY_MEASURE_WITH_UNIT(LENGTH_MEASURE(0.01),#2283,
'DISTANCE_ACCURACY_VALUE',
'Maximum model space distance between geometric entities at asserted c
onnectivities');
#2229=UNCERTAINTY_MEASURE_WITH_UNIT(LENGTH_MEASURE(0.01),#2283,
'DISTANCE_ACCURACY_VALUE',
'Maximum model space distance between geometric entities at asserted c
onnectivities');
#2230=UNCERTAINTY_MEASURE_WITH_UNIT(LENGTH_MEASURE(0.01),#2283,
'DISTANCE_ACCURACY_VALUE',
'Maximum model space distance between geometric entities at asserted c
onnectivities');
#2231=UNCERTAINTY_MEASURE_WITH_UNIT(LENGTH_MEASURE(0.01),#2283,
'DISTANCE_ACCURACY_VALUE',
'Maximum model space distance between geometric entities at asserted c
onnectivities');
#2232=UNCERTAINTY_MEASURE_WITH_UNIT(LENGTH_MEASURE(0.01),#2283,
'DISTANCE_ACCURACY_VALUE',
'Maximum model space distance between geometric entities at asserted c
onnectivities');
#2233=UNCERTAINTY_MEASURE_WITH_UNIT(LENGTH_MEASURE(0.01),#2283,
'DISTANCE_ACCURACY_VALUE',
'Maximum model space distance between geometric entities at asserted c
onnectivities');
#2234=UNCERTAINTY_MEASURE_WITH_UNIT(LENGTH_MEASURE(0.01),#2283,
'DISTANCE_ACCURACY_VALUE',
'Maximum model space distance between geometric entities at asserted c
onnectivities');
#2235=UNCERTAINTY_MEASURE_WITH_UNIT(LENGTH_MEASURE(0.01),#2283,
'DISTANCE_ACCURACY_VALUE',
'Maximum model space distance between geometric entities at asserted c
onnectivities');
#2236=UNCERTAINTY_MEASURE_WITH_UNIT(LENGTH_MEASURE(0.01),#2283,
'DISTANCE_ACCURACY_VALUE',
'Maximum model space distance between geometric entities at asserted c
onnectivities');
#2237=UNCERTAINTY_MEASURE_WITH_UNIT(LENGTH_MEASURE(0.01),#2283,
'DISTANCE_ACCURACY_VALUE',
'Maximum model space distance between geometric entities at asserted c
onnectivities');
#2238=UNCERTAINTY_MEASURE_WITH_UNIT(LENGTH_MEASURE(0.01),#2283,
'DISTANCE_ACCURACY_VALUE',
'Maximum model space distance between geometric entities at asserted c
onnectivities');
#2239=UNCERTAINTY_MEASURE_WITH_UNIT(LENGTH_MEASURE(0.01),#2283,
'DISTANCE_ACCURACY_VALUE',
'Maximum model space distance between geometric entities at asserted c
onnectivities');
#2240=UNCERTAINTY_MEASURE_WITH_UNIT(LENGTH_MEASURE(0.01),#2283,
'DISTANCE_ACCURACY_VALUE',
'Maximum model space distance between geometric entities at asserted c
onnectivities');
#2241=UNCERTAINTY_MEASURE_WITH_UNIT(LENGTH_MEASURE(0.01),#2283,
'DISTANCE_ACCURACY_VALUE',
'Maximum model space distance between geometric entities at asserted c
onnectivities');
#2242=UNCERTAINTY_MEASURE_WITH_UNIT(LENGTH_MEASURE(0.01),#2283,
'DISTANCE_ACCURACY_VALUE',
'Maximum model space distance between geometric entities at asserted c
onnectivities');
#2243=UNCERTAINTY_MEASURE_WITH_UNIT(LENGTH_MEASURE(0.01),#2283,
'DISTANCE_ACCURACY_VALUE',
'Maximum model space distance between geometric entities at asserted c
onnectivities');
#2244=UNCERTAINTY_MEASURE_WITH_UNIT(LENGTH_MEASURE(0.01),#2283,
'DISTANCE_ACCURACY_VALUE',
'Maximum model space distance between geometric entities at asserted c
onnectivities');
#2245=(
GEOMETRIC_REPRESENTATION_CONTEXT(3)
GLOBAL_UNCERTAINTY_ASSIGNED_CONTEXT((#2207))
GLOBAL_UNIT_ASSIGNED_CONTEXT((#2283,#2285,#2286))
REPRESENTATION_CONTEXT('','3D')
);
#2246=(
GEOMETRIC_REPRESENTATION_CONTEXT(3)
GLOBAL_UNCERTAINTY_ASSIGNED_CONTEXT((#2208))
GLOBAL_UNIT_ASSIGNED_CONTEXT((#2283,#2285,#2286))
REPRESENTATION_CONTEXT('','3D')
);
#2247=(
GEOMETRIC_REPRESENTATION_CONTEXT(3)
GLOBAL_UNCERTAINTY_ASSIGNED_CONTEXT((#2209))
GLOBAL_UNIT_ASSIGNED_CONTEXT((#2283,#2285,#2286))
REPRESENTATION_CONTEXT('','3D')
);
#2248=(
GEOMETRIC_REPRESENTATION_CONTEXT(3)
GLOBAL_UNCERTAINTY_ASSIGNED_CONTEXT((#2210))
GLOBAL_UNIT_ASSIGNED_CONTEXT((#2283,#2285,#2286))
REPRESENTATION_CONTEXT('','3D')
);
#2249=(
GEOMETRIC_REPRESENTATION_CONTEXT(3)
GLOBAL_UNCERTAINTY_ASSIGNED_CONTEXT((#2211))
GLOBAL_UNIT_ASSIGNED_CONTEXT((#2283,#2285,#2286))
REPRESENTATION_CONTEXT('','3D')
);
#2250=(
GEOMETRIC_REPRESENTATION_CONTEXT(3)
GLOBAL_UNCERTAINTY_ASSIGNED_CONTEXT((#2212))
GLOBAL_UNIT_ASSIGNED_CONTEXT((#2283,#2285,#2286))
REPRESENTATION_CONTEXT('','3D')
);
#2251=(
GEOMETRIC_REPRESENTATION_CONTEXT(3)
GLOBAL_UNCERTAINTY_ASSIGNED_CONTEXT((#2213))
GLOBAL_UNIT_ASSIGNED_CONTEXT((#2283,#2285,#2286))
REPRESENTATION_CONTEXT('','3D')
);
#2252=(
GEOMETRIC_REPRESENTATION_CONTEXT(3)
GLOBAL_UNCERTAINTY_ASSIGNED_CONTEXT((#2214))
GLOBAL_UNIT_ASSIGNED_CONTEXT((#2283,#2285,#2286))
REPRESENTATION_CONTEXT('','3D')
);
#2253=(
GEOMETRIC_REPRESENTATION_CONTEXT(3)
GLOBAL_UNCERTAINTY_ASSIGNED_CONTEXT((#2215))
GLOBAL_UNIT_ASSIGNED_CONTEXT((#2283,#2285,#2286))
REPRESENTATION_CONTEXT('','3D')
);
#2254=(
GEOMETRIC_REPRESENTATION_CONTEXT(3)
GLOBAL_UNCERTAINTY_ASSIGNED_CONTEXT((#2216))
GLOBAL_UNIT_ASSIGNED_CONTEXT((#2283,#2285,#2286))
REPRESENTATION_CONTEXT('','3D')
);
#2255=(
GEOMETRIC_REPRESENTATION_CONTEXT(3)
GLOBAL_UNCERTAINTY_ASSIGNED_CONTEXT((#2217))
GLOBAL_UNIT_ASSIGNED_CONTEXT((#2283,#2285,#2286))
REPRESENTATION_CONTEXT('','3D')
);
#2256=(
GEOMETRIC_REPRESENTATION_CONTEXT(3)
GLOBAL_UNCERTAINTY_ASSIGNED_CONTEXT((#2218))
GLOBAL_UNIT_ASSIGNED_CONTEXT((#2283,#2285,#2286))
REPRESENTATION_CONTEXT('','3D')
);
#2257=(
GEOMETRIC_REPRESENTATION_CONTEXT(3)
GLOBAL_UNCERTAINTY_ASSIGNED_CONTEXT((#2219))
GLOBAL_UNIT_ASSIGNED_CONTEXT((#2283,#2285,#2286))
REPRESENTATION_CONTEXT('','3D')
);
#2258=(
GEOMETRIC_REPRESENTATION_CONTEXT(3)
GLOBAL_UNCERTAINTY_ASSIGNED_CONTEXT((#2220))
GLOBAL_UNIT_ASSIGNED_CONTEXT((#2283,#2285,#2286))
REPRESENTATION_CONTEXT('','3D')
);
#2259=(
GEOMETRIC_REPRESENTATION_CONTEXT(3)
GLOBAL_UNCERTAINTY_ASSIGNED_CONTEXT((#2221))
GLOBAL_UNIT_ASSIGNED_CONTEXT((#2283,#2285,#2286))
REPRESENTATION_CONTEXT('','3D')
);
#2260=(
GEOMETRIC_REPRESENTATION_CONTEXT(3)
GLOBAL_UNCERTAINTY_ASSIGNED_CONTEXT((#2222))
GLOBAL_UNIT_ASSIGNED_CONTEXT((#2283,#2285,#2286))
REPRESENTATION_CONTEXT('','3D')
);
#2261=(
GEOMETRIC_REPRESENTATION_CONTEXT(3)
GLOBAL_UNCERTAINTY_ASSIGNED_CONTEXT((#2223))
GLOBAL_UNIT_ASSIGNED_CONTEXT((#2283,#2285,#2286))
REPRESENTATION_CONTEXT('','3D')
);
#2262=(
GEOMETRIC_REPRESENTATION_CONTEXT(3)
GLOBAL_UNCERTAINTY_ASSIGNED_CONTEXT((#2224))
GLOBAL_UNIT_ASSIGNED_CONTEXT((#2283,#2285,#2286))
REPRESENTATION_CONTEXT('','3D')
);
#2263=(
GEOMETRIC_REPRESENTATION_CONTEXT(3)
GLOBAL_UNCERTAINTY_ASSIGNED_CONTEXT((#2225))
GLOBAL_UNIT_ASSIGNED_CONTEXT((#2283,#2285,#2286))
REPRESENTATION_CONTEXT('','3D')
);
#2264=(
GEOMETRIC_REPRESENTATION_CONTEXT(3)
GLOBAL_UNCERTAINTY_ASSIGNED_CONTEXT((#2226))
GLOBAL_UNIT_ASSIGNED_CONTEXT((#2283,#2285,#2286))
REPRESENTATION_CONTEXT('','3D')
);
#2265=(
GEOMETRIC_REPRESENTATION_CONTEXT(3)
GLOBAL_UNCERTAINTY_ASSIGNED_CONTEXT((#2227))
GLOBAL_UNIT_ASSIGNED_CONTEXT((#2283,#2285,#2286))
REPRESENTATION_CONTEXT('','3D')
);
#2266=(
GEOMETRIC_REPRESENTATION_CONTEXT(3)
GLOBAL_UNCERTAINTY_ASSIGNED_CONTEXT((#2228))
GLOBAL_UNIT_ASSIGNED_CONTEXT((#2283,#2285,#2286))
REPRESENTATION_CONTEXT('','3D')
);
#2267=(
GEOMETRIC_REPRESENTATION_CONTEXT(3)
GLOBAL_UNCERTAINTY_ASSIGNED_CONTEXT((#2229))
GLOBAL_UNIT_ASSIGNED_CONTEXT((#2283,#2285,#2286))
REPRESENTATION_CONTEXT('','3D')
);
#2268=(
GEOMETRIC_REPRESENTATION_CONTEXT(3)
GLOBAL_UNCERTAINTY_ASSIGNED_CONTEXT((#2230))
GLOBAL_UNIT_ASSIGNED_CONTEXT((#2283,#2285,#2286))
REPRESENTATION_CONTEXT('','3D')
);
#2269=(
GEOMETRIC_REPRESENTATION_CONTEXT(3)
GLOBAL_UNCERTAINTY_ASSIGNED_CONTEXT((#2231))
GLOBAL_UNIT_ASSIGNED_CONTEXT((#2283,#2285,#2286))
REPRESENTATION_CONTEXT('','3D')
);
#2270=(
GEOMETRIC_REPRESENTATION_CONTEXT(3)
GLOBAL_UNCERTAINTY_ASSIGNED_CONTEXT((#2232))
GLOBAL_UNIT_ASSIGNED_CONTEXT((#2283,#2285,#2286))
REPRESENTATION_CONTEXT('','3D')
);
#2271=(
GEOMETRIC_REPRESENTATION_CONTEXT(3)
GLOBAL_UNCERTAINTY_ASSIGNED_CONTEXT((#2233))
GLOBAL_UNIT_ASSIGNED_CONTEXT((#2283,#2285,#2286))
REPRESENTATION_CONTEXT('','3D')
);
#2272=(
GEOMETRIC_REPRESENTATION_CONTEXT(3)
GLOBAL_UNCERTAINTY_ASSIGNED_CONTEXT((#2234))
GLOBAL_UNIT_ASSIGNED_CONTEXT((#2283,#2285,#2286))
REPRESENTATION_CONTEXT('','3D')
);
#2273=(
GEOMETRIC_REPRESENTATION_CONTEXT(3)
GLOBAL_UNCERTAINTY_ASSIGNED_CONTEXT((#2235))
GLOBAL_UNIT_ASSIGNED_CONTEXT((#2283,#2285,#2286))
REPRESENTATION_CONTEXT('','3D')
);
#2274=(
GEOMETRIC_REPRESENTATION_CONTEXT(3)
GLOBAL_UNCERTAINTY_ASSIGNED_CONTEXT((#2236))
GLOBAL_UNIT_ASSIGNED_CONTEXT((#2283,#2285,#2286))
REPRESENTATION_CONTEXT('','3D')
);
#2275=(
GEOMETRIC_REPRESENTATION_CONTEXT(3)
GLOBAL_UNCERTAINTY_ASSIGNED_CONTEXT((#2237))
GLOBAL_UNIT_ASSIGNED_CONTEXT((#2283,#2285,#2286))
REPRESENTATION_CONTEXT('','3D')
);
#2276=(
GEOMETRIC_REPRESENTATION_CONTEXT(3)
GLOBAL_UNCERTAINTY_ASSIGNED_CONTEXT((#2238))
GLOBAL_UNIT_ASSIGNED_CONTEXT((#2283,#2285,#2286))
REPRESENTATION_CONTEXT('','3D')
);
#2277=(
GEOMETRIC_REPRESENTATION_CONTEXT(3)
GLOBAL_UNCERTAINTY_ASSIGNED_CONTEXT((#2239))
GLOBAL_UNIT_ASSIGNED_CONTEXT((#2283,#2285,#2286))
REPRESENTATION_CONTEXT('','3D')
);
#2278=(
GEOMETRIC_REPRESENTATION_CONTEXT(3)
GLOBAL_UNCERTAINTY_ASSIGNED_CONTEXT((#2240))
GLOBAL_UNIT_ASSIGNED_CONTEXT((#2283,#2285,#2286))
REPRESENTATION_CONTEXT('','3D')
);
#2279=(
GEOMETRIC_REPRESENTATION_CONTEXT(3)
GLOBAL_UNCERTAINTY_ASSIGNED_CONTEXT((#2241))
GLOBAL_UNIT_ASSIGNED_CONTEXT((#2283,#2285,#2286))
REPRESENTATION_CONTEXT('','3D')
);
#2280=(
GEOMETRIC_REPRESENTATION_CONTEXT(3)
GLOBAL_UNCERTAINTY_ASSIGNED_CONTEXT((#2242))
GLOBAL_UNIT_ASSIGNED_CONTEXT((#2283,#2285,#2286))
REPRESENTATION_CONTEXT('','3D')
);
#2281=(
GEOMETRIC_REPRESENTATION_CONTEXT(3)
GLOBAL_UNCERTAINTY_ASSIGNED_CONTEXT((#2243))
GLOBAL_UNIT_ASSIGNED_CONTEXT((#2283,#2285,#2286))
REPRESENTATION_CONTEXT('','3D')
);
#2282=(
GEOMETRIC_REPRESENTATION_CONTEXT(3)
GLOBAL_UNCERTAINTY_ASSIGNED_CONTEXT((#2244))
GLOBAL_UNIT_ASSIGNED_CONTEXT((#2283,#2285,#2286))
REPRESENTATION_CONTEXT('','3D')
);
#2283=(
LENGTH_UNIT()
NAMED_UNIT(*)
SI_UNIT(.MILLI.,.METRE.)
);
#2284=(
LENGTH_UNIT()
NAMED_UNIT(*)
SI_UNIT($,.METRE.)
);
#2285=(
NAMED_UNIT(*)
PLANE_ANGLE_UNIT()
SI_UNIT($,.RADIAN.)
);
#2286=(
NAMED_UNIT(*)
SI_UNIT($,.STERADIAN.)
SOLID_ANGLE_UNIT()
);
#2287=SHAPE_DEFINITION_REPRESENTATION(#2324,#2420);
#2288=SHAPE_DEFINITION_REPRESENTATION(#2325,#2421);
#2289=SHAPE_DEFINITION_REPRESENTATION(#2326,#2422);
#2290=SHAPE_DEFINITION_REPRESENTATION(#2327,#2423);
#2291=SHAPE_DEFINITION_REPRESENTATION(#2328,#2424);
#2292=SHAPE_DEFINITION_REPRESENTATION(#2330,#2425);
#2293=SHAPE_DEFINITION_REPRESENTATION(#2331,#2426);
#2294=SHAPE_DEFINITION_REPRESENTATION(#2332,#2427);
#2295=SHAPE_DEFINITION_REPRESENTATION(#2333,#2428);
#2296=SHAPE_DEFINITION_REPRESENTATION(#2334,#2429);
#2297=SHAPE_DEFINITION_REPRESENTATION(#2335,#2430);
#2298=SHAPE_DEFINITION_REPRESENTATION(#2336,#2431);
#2299=SHAPE_DEFINITION_REPRESENTATION(#2337,#2432);
#2300=SHAPE_DEFINITION_REPRESENTATION(#2338,#2433);
#2301=SHAPE_DEFINITION_REPRESENTATION(#2339,#2434);
#2302=SHAPE_DEFINITION_REPRESENTATION(#2340,#2435);
#2303=SHAPE_DEFINITION_REPRESENTATION(#2341,#2436);
#2304=SHAPE_DEFINITION_REPRESENTATION(#2342,#2437);
#2305=SHAPE_DEFINITION_REPRESENTATION(#2360,#2438);
#2306=SHAPE_DEFINITION_REPRESENTATION(#2361,#2439);
#2307=SHAPE_DEFINITION_REPRESENTATION(#2362,#2440);
#2308=SHAPE_DEFINITION_REPRESENTATION(#2363,#2441);
#2309=SHAPE_DEFINITION_REPRESENTATION(#2376,#2442);
#2310=SHAPE_DEFINITION_REPRESENTATION(#2377,#2443);
#2311=SHAPE_DEFINITION_REPRESENTATION(#2378,#2444);
#2312=SHAPE_DEFINITION_REPRESENTATION(#2379,#2445);
#2313=SHAPE_DEFINITION_REPRESENTATION(#2380,#2446);
#2314=SHAPE_DEFINITION_REPRESENTATION(#2381,#2447);
#2315=SHAPE_DEFINITION_REPRESENTATION(#2382,#2448);
#2316=SHAPE_DEFINITION_REPRESENTATION(#2383,#2449);
#2317=SHAPE_DEFINITION_REPRESENTATION(#2384,#2450);
#2318=SHAPE_DEFINITION_REPRESENTATION(#2385,#2451);
#2319=SHAPE_DEFINITION_REPRESENTATION(#2386,#2452);
#2320=SHAPE_DEFINITION_REPRESENTATION(#2392,#2453);
#2321=SHAPE_DEFINITION_REPRESENTATION(#2393,#2454);
#2322=SHAPE_DEFINITION_REPRESENTATION(#2399,#2455);
#2323=SHAPE_DEFINITION_REPRESENTATION(#2403,#2456);
#2324=PRODUCT_DEFINITION_SHAPE('',$,#2458);
#2325=PRODUCT_DEFINITION_SHAPE('',$,#2459);
#2326=PRODUCT_DEFINITION_SHAPE('',$,#2460);
#2327=PRODUCT_DEFINITION_SHAPE('',$,#2461);
#2328=PRODUCT_DEFINITION_SHAPE('',$,#2462);
#2329=PRODUCT_DEFINITION_SHAPE($,$,#1002);
#2330=PRODUCT_DEFINITION_SHAPE('',$,#2463);
#2331=PRODUCT_DEFINITION_SHAPE('',$,#2464);
#2332=PRODUCT_DEFINITION_SHAPE('',$,#2465);
#2333=PRODUCT_DEFINITION_SHAPE('',$,#2466);
#2334=PRODUCT_DEFINITION_SHAPE('',$,#2467);
#2335=PRODUCT_DEFINITION_SHAPE('',$,#2468);
#2336=PRODUCT_DEFINITION_SHAPE('',$,#2469);
#2337=PRODUCT_DEFINITION_SHAPE('',$,#2470);
#2338=PRODUCT_DEFINITION_SHAPE('',$,#2471);
#2339=PRODUCT_DEFINITION_SHAPE('',$,#2472);
#2340=PRODUCT_DEFINITION_SHAPE('',$,#2473);
#2341=PRODUCT_DEFINITION_SHAPE('',$,#2474);
#2342=PRODUCT_DEFINITION_SHAPE('',$,#2475);
#2343=PRODUCT_DEFINITION_SHAPE($,$,#1003);
#2344=PRODUCT_DEFINITION_SHAPE($,$,#1004);
#2345=PRODUCT_DEFINITION_SHAPE($,$,#1005);
#2346=PRODUCT_DEFINITION_SHAPE($,$,#1006);
#2347=PRODUCT_DEFINITION_SHAPE($,$,#1007);
#2348=PRODUCT_DEFINITION_SHAPE($,$,#1008);
#2349=PRODUCT_DEFINITION_SHAPE($,$,#1009);
#2350=PRODUCT_DEFINITION_SHAPE($,$,#1010);
#2351=PRODUCT_DEFINITION_SHAPE($,$,#1011);
#2352=PRODUCT_DEFINITION_SHAPE($,$,#1012);
#2353=PRODUCT_DEFINITION_SHAPE($,$,#1013);
#2354=PRODUCT_DEFINITION_SHAPE($,$,#1014);
#2355=PRODUCT_DEFINITION_SHAPE($,$,#1015);
#2356=PRODUCT_DEFINITION_SHAPE($,$,#1016);
#2357=PRODUCT_DEFINITION_SHAPE($,$,#1017);
#2358=PRODUCT_DEFINITION_SHAPE($,$,#1018);
#2359=PRODUCT_DEFINITION_SHAPE($,$,#1019);
#2360=PRODUCT_DEFINITION_SHAPE('',$,#2476);
#2361=PRODUCT_DEFINITION_SHAPE('',$,#2477);
#2362=PRODUCT_DEFINITION_SHAPE('',$,#2478);
#2363=PRODUCT_DEFINITION_SHAPE('',$,#2479);
#2364=PRODUCT_DEFINITION_SHAPE($,$,#1020);
#2365=PRODUCT_DEFINITION_SHAPE($,$,#1021);
#2366=PRODUCT_DEFINITION_SHAPE($,$,#1022);
#2367=PRODUCT_DEFINITION_SHAPE($,$,#1023);
#2368=PRODUCT_DEFINITION_SHAPE($,$,#1024);
#2369=PRODUCT_DEFINITION_SHAPE($,$,#1025);
#2370=PRODUCT_DEFINITION_SHAPE($,$,#1026);
#2371=PRODUCT_DEFINITION_SHAPE($,$,#1027);
#2372=PRODUCT_DEFINITION_SHAPE($,$,#1028);
#2373=PRODUCT_DEFINITION_SHAPE($,$,#1029);
#2374=PRODUCT_DEFINITION_SHAPE($,$,#1030);
#2375=PRODUCT_DEFINITION_SHAPE($,$,#1031);
#2376=PRODUCT_DEFINITION_SHAPE('',$,#2480);
#2377=PRODUCT_DEFINITION_SHAPE('',$,#2481);
#2378=PRODUCT_DEFINITION_SHAPE('',$,#2482);
#2379=PRODUCT_DEFINITION_SHAPE('',$,#2483);
#2380=PRODUCT_DEFINITION_SHAPE('',$,#2484);
#2381=PRODUCT_DEFINITION_SHAPE('',$,#2485);
#2382=PRODUCT_DEFINITION_SHAPE('',$,#2486);
#2383=PRODUCT_DEFINITION_SHAPE('',$,#2487);
#2384=PRODUCT_DEFINITION_SHAPE('',$,#2488);
#2385=PRODUCT_DEFINITION_SHAPE('',$,#2489);
#2386=PRODUCT_DEFINITION_SHAPE('',$,#2490);
#2387=PRODUCT_DEFINITION_SHAPE($,$,#1032);
#2388=PRODUCT_DEFINITION_SHAPE($,$,#1033);
#2389=PRODUCT_DEFINITION_SHAPE($,$,#1034);
#2390=PRODUCT_DEFINITION_SHAPE($,$,#1035);
#2391=PRODUCT_DEFINITION_SHAPE($,$,#1036);
#2392=PRODUCT_DEFINITION_SHAPE('',$,#2491);
#2393=PRODUCT_DEFINITION_SHAPE('',$,#2492);
#2394=PRODUCT_DEFINITION_SHAPE($,$,#1037);
#2395=PRODUCT_DEFINITION_SHAPE($,$,#1038);
#2396=PRODUCT_DEFINITION_SHAPE($,$,#1039);
#2397=PRODUCT_DEFINITION_SHAPE($,$,#1040);
#2398=PRODUCT_DEFINITION_SHAPE($,$,#1041);
#2399=PRODUCT_DEFINITION_SHAPE('',$,#2493);
#2400=PRODUCT_DEFINITION_SHAPE($,$,#1042);
#2401=PRODUCT_DEFINITION_SHAPE($,$,#1043);
#2402=PRODUCT_DEFINITION_SHAPE($,$,#1044);
#2403=PRODUCT_DEFINITION_SHAPE('',$,#2494);
#2404=PRODUCT_DEFINITION_SHAPE($,$,#1045);
#2405=PRODUCT_DEFINITION_SHAPE($,$,#1046);
#2406=PRODUCT_DEFINITION_SHAPE($,$,#1047);
#2407=PRODUCT_DEFINITION_SHAPE($,$,#1048);
#2408=PRODUCT_DEFINITION_SHAPE($,$,#1049);
#2409=PRODUCT_DEFINITION_SHAPE($,$,#1050);
#2410=PRODUCT_DEFINITION_SHAPE($,$,#1051);
#2411=PRODUCT_DEFINITION_SHAPE($,$,#1052);
#2412=PRODUCT_DEFINITION_SHAPE($,$,#1053);
#2413=PRODUCT_DEFINITION_SHAPE($,$,#1054);
#2414=PRODUCT_DEFINITION_SHAPE($,$,#1055);
#2415=PRODUCT_DEFINITION_SHAPE($,$,#1056);
#2416=PRODUCT_DEFINITION_SHAPE($,$,#1057);
#2417=PRODUCT_DEFINITION_SHAPE($,$,#1058);
#2418=PRODUCT_DEFINITION_SHAPE($,$,#1059);
#2419=PRODUCT_DEFINITION_SHAPE($,$,#1060);
#2420=SHAPE_REPRESENTATION('',(#1249,#1419,#1420,#1421,#1422,#1423,#1424,
#1425,#1426,#1427,#1428,#1429,#1430,#1431,#1432,#1433,#1434),#2245);
#2421=SHAPE_REPRESENTATION('',(#1250,#1289),#2246);
#2422=SHAPE_REPRESENTATION('',(#1251,#1290),#2247);
#2423=SHAPE_REPRESENTATION('',(#1252,#1254),#2248);
#2424=SHAPE_REPRESENTATION('',(#1253),#2249);
#2425=SHAPE_REPRESENTATION('',(#1255,#1291),#2250);
#2426=SHAPE_REPRESENTATION('',(#1256,#1292),#2251);
#2427=SHAPE_REPRESENTATION('',(#1257,#1293),#2252);
#2428=SHAPE_REPRESENTATION('',(#1258,#1294),#2253);
#2429=SHAPE_REPRESENTATION('',(#1259,#1295),#2254);
#2430=SHAPE_REPRESENTATION('',(#1260,#1296),#2255);
#2431=SHAPE_REPRESENTATION('',(#1261,#1297),#2256);
#2432=SHAPE_REPRESENTATION('',(#1262,#1284),#2257);
#2433=SHAPE_REPRESENTATION('',(#1263,#1268,#1269,#1270,#1271,#1272,#1273,
#1274,#1275,#1276,#1277,#1278,#1279,#1280,#1281,#1282,#1283),#2258);
#2434=SHAPE_REPRESENTATION('',(#1264),#2259);
#2435=SHAPE_REPRESENTATION('',(#1265),#2260);
#2436=SHAPE_REPRESENTATION('',(#1266),#2261);
#2437=SHAPE_REPRESENTATION('',(#1267),#2262);
#2438=SHAPE_REPRESENTATION('',(#1285,#1298),#2263);
#2439=SHAPE_REPRESENTATION('',(#1286,#1299),#2264);
#2440=SHAPE_REPRESENTATION('',(#1287,#1300),#2265);
#2441=SHAPE_REPRESENTATION('',(#1288),#2266);
#2442=SHAPE_REPRESENTATION('',(#1301,#1327),#2267);
#2443=SHAPE_REPRESENTATION('',(#1302,#1325,#1326),#2268);
#2444=SHAPE_REPRESENTATION('',(#1303,#1319,#1320,#1321,#1322,#1323),#2269);
#2445=SHAPE_REPRESENTATION('',(#1304),#2270);
#2446=SHAPE_REPRESENTATION('',(#1305),#2271);
#2447=SHAPE_REPRESENTATION('',(#1306,#1312,#1313,#1314,#1315,#1316),#2272);
#2448=SHAPE_REPRESENTATION('',(#1307),#2273);
#2449=SHAPE_REPRESENTATION('',(#1308),#2274);
#2450=SHAPE_REPRESENTATION('',(#1309),#2275);
#2451=SHAPE_REPRESENTATION('',(#1310),#2276);
#2452=SHAPE_REPRESENTATION('',(#1311),#2277);
#2453=SHAPE_REPRESENTATION('',(#1317),#2278);
#2454=SHAPE_REPRESENTATION('',(#1318),#2279);
#2455=SHAPE_REPRESENTATION('',(#1324),#2280);
#2456=SHAPE_REPRESENTATION('',(#1328),#2281);
#2457=PRODUCT_DEFINITION_CONTEXT('part definition',#2570,'design');
#2458=PRODUCT_DEFINITION('2026-09-13-20-21-34-576','Pyae''s Macro Pad',
#2495,#2457);
#2459=PRODUCT_DEFINITION('2026-09-13-20-21-34-577','MX_PCB',#2496,#2457);
#2460=PRODUCT_DEFINITION('2026-09-13-20-21-34-577_1','MX_PCB',#2497,#2457);
#2461=PRODUCT_DEFINITION('2026-09-13-20-21-34-579','EC11',#2498,#2457);
#2462=PRODUCT_DEFINITION('2026-09-13-20-21-34-580','\X2\047D05EA00B110EB01F7\X0\',
#2499,#2457);
#2463=PRODUCT_DEFINITION('2026-09-13-20-21-34-577_2','MX_PCB',#2500,#2457);
#2464=PRODUCT_DEFINITION('2026-09-13-20-21-34-577_3','MX_PCB',#2501,#2457);
#2465=PRODUCT_DEFINITION('2026-09-13-20-21-34-577_4','MX_PCB',#2502,#2457);
#2466=PRODUCT_DEFINITION('2026-09-13-20-21-34-577_5','MX_PCB',#2503,#2457);
#2467=PRODUCT_DEFINITION('2026-09-13-20-21-34-577_6','MX_PCB',#2504,#2457);
#2468=PRODUCT_DEFINITION('2026-09-13-20-21-34-577_7','MX_PCB',#2505,#2457);
#2469=PRODUCT_DEFINITION('2026-09-13-20-21-34-577_8','MX_PCB',#2506,#2457);
#2470=PRODUCT_DEFINITION('2026-09-13-20-21-34-581','OLED_128x32',#2507,
#2457);
#2471=PRODUCT_DEFINITION('2026-09-13-20-21-34-582',
'OLED_0.91_128x32 (1)',#2508,#2457);
#2472=PRODUCT_DEFINITION('2026-09-13-20-21-34-583','OLED_0.91_128x32',#2509,
#2457);
#2473=PRODUCT_DEFINITION('2026-09-13-20-21-34-584',
'Pin Header 4 x 1 TH 2.54mm Pitch',#2510,#2457);
#2474=PRODUCT_DEFINITION('2026-09-13-20-21-34-585','RESC-0603',#2511,#2457);
#2475=PRODUCT_DEFINITION('2026-09-13-20-21-34-586','2SD0601A',#2512,#2457);
#2476=PRODUCT_DEFINITION('2026-09-13-20-21-34-577_9','MX_PCB',#2513,#2457);
#2477=PRODUCT_DEFINITION('2026-09-13-20-21-34-577_10','MX_PCB',#2514,#2457);
#2478=PRODUCT_DEFINITION('2026-09-13-20-21-34-577_11','MX_PCB',#2515,#2457);
#2479=PRODUCT_DEFINITION('2026-09-13-20-21-34-578',
'SW_Cherry_MX_PCB_cp',#2516,#2457);
#2480=PRODUCT_DEFINITION('2026-09-13-20-21-34-587','Seeed_XIAO_RP2040',
#2517,#2457);
#2481=PRODUCT_DEFINITION('2026-09-13-20-21-34-588',
'Seeed Studio XIAO RP2040 v26',#2518,#2457);
#2482=PRODUCT_DEFINITION('2026-09-13-20-21-34-589','main',#2519,#2457);
#2483=PRODUCT_DEFINITION('2026-09-13-20-21-34-590','type-c v2',#2520,#2457);
#2484=PRODUCT_DEFINITION('2026-09-13-20-21-34-591','smd_button v3',#2521,
#2457);
#2485=PRODUCT_DEFINITION('2026-09-13-20-21-34-592','SK6805-2.4x2.7 v1',
#2522,#2457);
#2486=PRODUCT_DEFINITION('2026-09-13-20-21-34-593','Shell',#2523,#2457);
#2487=PRODUCT_DEFINITION('2026-09-13-20-21-34-594','DOUT',#2524,#2457);
#2488=PRODUCT_DEFINITION('2026-09-13-20-21-34-595','DIN',#2525,#2457);
#2489=PRODUCT_DEFINITION('2026-09-13-20-21-34-596','VSS',#2526,#2457);
#2490=PRODUCT_DEFINITION('2026-09-13-20-21-34-597','VDD',#2527,#2457);
#2491=PRODUCT_DEFINITION('2026-09-13-20-21-34-598',
'smd_button v3(Mirror)',#2528,#2457);
#2492=PRODUCT_DEFINITION('2026-09-13-20-21-34-599','COMPOUND',#2529,#2457);
#2493=PRODUCT_DEFINITION('2026-09-13-20-21-34-600','COMPOUND (1)',#2530,
#2457);
#2494=PRODUCT_DEFINITION('2026-09-13-20-21-34-603','Pya5F53_PCB',#2531,
#2457);
#2495=PRODUCT_DEFINITION_FORMATION('',$,#2572);
#2496=PRODUCT_DEFINITION_FORMATION('',$,#2573);
#2497=PRODUCT_DEFINITION_FORMATION('',$,#2574);
#2498=PRODUCT_DEFINITION_FORMATION('',$,#2575);
#2499=PRODUCT_DEFINITION_FORMATION('',$,#2576);
#2500=PRODUCT_DEFINITION_FORMATION('',$,#2577);
#2501=PRODUCT_DEFINITION_FORMATION('',$,#2578);
#2502=PRODUCT_DEFINITION_FORMATION('',$,#2579);
#2503=PRODUCT_DEFINITION_FORMATION('',$,#2580);
#2504=PRODUCT_DEFINITION_FORMATION('',$,#2581);
#2505=PRODUCT_DEFINITION_FORMATION('',$,#2582);
#2506=PRODUCT_DEFINITION_FORMATION('',$,#2583);
#2507=PRODUCT_DEFINITION_FORMATION('',$,#2584);
#2508=PRODUCT_DEFINITION_FORMATION('',$,#2585);
#2509=PRODUCT_DEFINITION_FORMATION('',$,#2586);
#2510=PRODUCT_DEFINITION_FORMATION('',$,#2587);
#2511=PRODUCT_DEFINITION_FORMATION('',$,#2588);
#2512=PRODUCT_DEFINITION_FORMATION('',$,#2589);
#2513=PRODUCT_DEFINITION_FORMATION('',$,#2590);
#2514=PRODUCT_DEFINITION_FORMATION('',$,#2591);
#2515=PRODUCT_DEFINITION_FORMATION('',$,#2592);
#2516=PRODUCT_DEFINITION_FORMATION('',$,#2593);
#2517=PRODUCT_DEFINITION_FORMATION('',$,#2594);
#2518=PRODUCT_DEFINITION_FORMATION('',$,#2595);
#2519=PRODUCT_DEFINITION_FORMATION('',$,#2596);
#2520=PRODUCT_DEFINITION_FORMATION('',$,#2597);
#2521=PRODUCT_DEFINITION_FORMATION('',$,#2598);
#2522=PRODUCT_DEFINITION_FORMATION('',$,#2599);
#2523=PRODUCT_DEFINITION_FORMATION('',$,#2600);
#2524=PRODUCT_DEFINITION_FORMATION('',$,#2601);
#2525=PRODUCT_DEFINITION_FORMATION('',$,#2602);
#2526=PRODUCT_DEFINITION_FORMATION('',$,#2603);
#2527=PRODUCT_DEFINITION_FORMATION('',$,#2604);
#2528=PRODUCT_DEFINITION_FORMATION('',$,#2605);
#2529=PRODUCT_DEFINITION_FORMATION('',$,#2606);
#2530=PRODUCT_DEFINITION_FORMATION('',$,#2607);
#2531=PRODUCT_DEFINITION_FORMATION('',$,#2608);
#2532=PRODUCT_RELATED_PRODUCT_CATEGORY('Pyae''s Macro Pad',
'Pyae''s Macro Pad',(#2572));
#2533=PRODUCT_RELATED_PRODUCT_CATEGORY('MX_PCB','MX_PCB',(#2573));
#2534=PRODUCT_RELATED_PRODUCT_CATEGORY('MX_PCB','MX_PCB',(#2574));
#2535=PRODUCT_RELATED_PRODUCT_CATEGORY('EC11','EC11',(#2575));
#2536=PRODUCT_RELATED_PRODUCT_CATEGORY('\X2\047D05EA00B110EB01F7\X0\',
'\X2\047D05EA00B110EB01F7\X0\',(#2576));
#2537=PRODUCT_RELATED_PRODUCT_CATEGORY('MX_PCB','MX_PCB',(#2577));
#2538=PRODUCT_RELATED_PRODUCT_CATEGORY('MX_PCB','MX_PCB',(#2578));
#2539=PRODUCT_RELATED_PRODUCT_CATEGORY('MX_PCB','MX_PCB',(#2579));
#2540=PRODUCT_RELATED_PRODUCT_CATEGORY('MX_PCB','MX_PCB',(#2580));
#2541=PRODUCT_RELATED_PRODUCT_CATEGORY('MX_PCB','MX_PCB',(#2581));
#2542=PRODUCT_RELATED_PRODUCT_CATEGORY('MX_PCB','MX_PCB',(#2582));
#2543=PRODUCT_RELATED_PRODUCT_CATEGORY('MX_PCB','MX_PCB',(#2583));
#2544=PRODUCT_RELATED_PRODUCT_CATEGORY('OLED_128x32','OLED_128x32',(#2584));
#2545=PRODUCT_RELATED_PRODUCT_CATEGORY('OLED_0.91_128x32 (1)',
'OLED_0.91_128x32 (1)',(#2585));
#2546=PRODUCT_RELATED_PRODUCT_CATEGORY('OLED_0.91_128x32',
'OLED_0.91_128x32',(#2586));
#2547=PRODUCT_RELATED_PRODUCT_CATEGORY(
'Pin Header 4 x 1 TH 2.54mm Pitch','Pin Header 4 x 1 TH 2.54mm Pitch',(#2587));
#2548=PRODUCT_RELATED_PRODUCT_CATEGORY('RESC-0603','RESC-0603',(#2588));
#2549=PRODUCT_RELATED_PRODUCT_CATEGORY('2SD0601A','2SD0601A',(#2589));
#2550=PRODUCT_RELATED_PRODUCT_CATEGORY('MX_PCB','MX_PCB',(#2590));
#2551=PRODUCT_RELATED_PRODUCT_CATEGORY('MX_PCB','MX_PCB',(#2591));
#2552=PRODUCT_RELATED_PRODUCT_CATEGORY('MX_PCB','MX_PCB',(#2592));
#2553=PRODUCT_RELATED_PRODUCT_CATEGORY('SW_Cherry_MX_PCB_cp',
'SW_Cherry_MX_PCB_cp',(#2593));
#2554=PRODUCT_RELATED_PRODUCT_CATEGORY('Seeed_XIAO_RP2040',
'Seeed_XIAO_RP2040',(#2594));
#2555=PRODUCT_RELATED_PRODUCT_CATEGORY('Seeed Studio XIAO RP2040 v26',
'Seeed Studio XIAO RP2040 v26',(#2595));
#2556=PRODUCT_RELATED_PRODUCT_CATEGORY('main','main',(#2596));
#2557=PRODUCT_RELATED_PRODUCT_CATEGORY('type-c v2','type-c v2',(#2597));
#2558=PRODUCT_RELATED_PRODUCT_CATEGORY('smd_button v3','smd_button v3',
(#2598));
#2559=PRODUCT_RELATED_PRODUCT_CATEGORY('SK6805-2.4x2.7 v1',
'SK6805-2.4x2.7 v1',(#2599));
#2560=PRODUCT_RELATED_PRODUCT_CATEGORY('Shell','Shell',(#2600));
#2561=PRODUCT_RELATED_PRODUCT_CATEGORY('DOUT','DOUT',(#2601));
#2562=PRODUCT_RELATED_PRODUCT_CATEGORY('DIN','DIN',(#2602));
#2563=PRODUCT_RELATED_PRODUCT_CATEGORY('VSS','VSS',(#2603));
#2564=PRODUCT_RELATED_PRODUCT_CATEGORY('VDD','VDD',(#2604));
#2565=PRODUCT_RELATED_PRODUCT_CATEGORY('smd_button v3(Mirror)',
'smd_button v3(Mirror)',(#2605));
#2566=PRODUCT_RELATED_PRODUCT_CATEGORY('COMPOUND','COMPOUND',(#2606));
#2567=PRODUCT_RELATED_PRODUCT_CATEGORY('COMPOUND (1)','COMPOUND (1)',(#2607));
#2568=PRODUCT_RELATED_PRODUCT_CATEGORY('Pya5F53_PCB','Pya5F53_PCB',(#2608));
#2569=APPLICATION_PROTOCOL_DEFINITION('international standard',
'automotive_design',2009,#2570);
#2570=APPLICATION_CONTEXT(
'Core Data for Automotive Mechanical Design Process');
#2571=PRODUCT_CONTEXT('part definition',#2570,'mechanical');
#2572=PRODUCT('2026-09-13-20-21-34-576','Pyae''s Macro Pad',
'KiCad electronic assembly',(#2571));
#2573=PRODUCT('2026-09-13-20-21-34-577','MX_PCB',$,(#2571));
#2574=PRODUCT('2026-09-13-20-21-34-577_1','MX_PCB',$,(#2571));
#2575=PRODUCT('2026-09-13-20-21-34-579','EC11',$,(#2571));
#2576=PRODUCT('2026-09-13-20-21-34-580','\X2\047D05EA00B110EB01F7\X0\',
$,(#2571));
#2577=PRODUCT('2026-09-13-20-21-34-577_2','MX_PCB',$,(#2571));
#2578=PRODUCT('2026-09-13-20-21-34-577_3','MX_PCB',$,(#2571));
#2579=PRODUCT('2026-09-13-20-21-34-577_4','MX_PCB',$,(#2571));
#2580=PRODUCT('2026-09-13-20-21-34-577_5','MX_PCB',$,(#2571));
#2581=PRODUCT('2026-09-13-20-21-34-577_6','MX_PCB',$,(#2571));
#2582=PRODUCT('2026-09-13-20-21-34-577_7','MX_PCB',$,(#2571));
#2583=PRODUCT('2026-09-13-20-21-34-577_8','MX_PCB',$,(#2571));
#2584=PRODUCT('2026-09-13-20-21-34-581','OLED_128x32',$,(#2571));
#2585=PRODUCT('2026-09-13-20-21-34-582','OLED_0.91_128x32 (1)',$,(#2571));
#2586=PRODUCT('2026-09-13-20-21-34-583','OLED_0.91_128x32',$,(#2571));
#2587=PRODUCT('2026-09-13-20-21-34-584',
'Pin Header 4 x 1 TH 2.54mm Pitch',$,(#2571));
#2588=PRODUCT('2026-09-13-20-21-34-585','RESC-0603',$,(#2571));
#2589=PRODUCT('2026-09-13-20-21-34-586','2SD0601A',$,(#2571));
#2590=PRODUCT('2026-09-13-20-21-34-577_9','MX_PCB',$,(#2571));
#2591=PRODUCT('2026-09-13-20-21-34-577_10','MX_PCB',$,(#2571));
#2592=PRODUCT('2026-09-13-20-21-34-577_11','MX_PCB',$,(#2571));
#2593=PRODUCT('2026-09-13-20-21-34-578','SW_Cherry_MX_PCB_cp',$,(#2571));
#2594=PRODUCT('2026-09-13-20-21-34-587','Seeed_XIAO_RP2040',$,(#2571));
#2595=PRODUCT('2026-09-13-20-21-34-588','Seeed Studio XIAO RP2040 v26',
$,(#2571));
#2596=PRODUCT('2026-09-13-20-21-34-589','main',$,(#2571));
#2597=PRODUCT('2026-09-13-20-21-34-590','type-c v2',$,(#2571));
#2598=PRODUCT('2026-09-13-20-21-34-591','smd_button v3',$,(#2571));
#2599=PRODUCT('2026-09-13-20-21-34-592','SK6805-2.4x2.7 v1',$,(#2571));
#2600=PRODUCT('2026-09-13-20-21-34-593','Shell',$,(#2571));
#2601=PRODUCT('2026-09-13-20-21-34-594','DOUT',$,(#2571));
#2602=PRODUCT('2026-09-13-20-21-34-595','DIN',$,(#2571));
#2603=PRODUCT('2026-09-13-20-21-34-596','VSS',$,(#2571));
#2604=PRODUCT('2026-09-13-20-21-34-597','VDD',$,(#2571));
#2605=PRODUCT('2026-09-13-20-21-34-598','smd_button v3(Mirror)',$,(#2571));
#2606=PRODUCT('2026-09-13-20-21-34-599','COMPOUND',$,(#2571));
#2607=PRODUCT('2026-09-13-20-21-34-600','COMPOUND (1)',$,(#2571));
#2608=PRODUCT('2026-09-13-20-21-34-603','Pya5F53_PCB',$,(#2571));
#2609=PRESENTATION_STYLE_ASSIGNMENT((#2610));
#2610=SURFACE_STYLE_USAGE(.BOTH.,#2611);
#2611=SURFACE_SIDE_STYLE('',(#2612));
#2612=SURFACE_STYLE_FILL_AREA(#2613);
#2613=FILL_AREA_STYLE('Steel - Satin',(#2614));
#2614=FILL_AREA_STYLE_COLOUR('Steel - Satin',#2615);
#2615=COLOUR_RGB('Steel - Satin',0.627450980392157,0.627450980392157,0.627450980392157);
ENDSEC;
END-ISO-10303-21;
