ISO-10303-21;
HEADER;
/* Generated by software containing ST-Developer
 * from STEP Tools, Inc. (www.steptools.com) 
 */

FILE_DESCRIPTION(
/* description */ ('KiCad electronic assembly'),
/* implementation_level */ '2;1');

FILE_NAME(
/* name */ 'Pyae''s Macro Pad (Plate).step',
/* time_stamp */ '2026-09-13T14:51:59-07:00',
/* author */ (''),
/* organization */ (''),
/* preprocessor_version */ 'ST-DEVELOPER v20.2',
/* originating_system */ 'Autodesk Translation Framework v15.15.0.0',
/* authorisation */ '');

FILE_SCHEMA (('AUTOMOTIVE_DESIGN { 1 0 10303 214 3 1 1 }'));
ENDSEC;

DATA;
#10=MECHANICAL_DESIGN_GEOMETRIC_PRESENTATION_REPRESENTATION('',(#13),#2303);
#11=SHAPE_REPRESENTATION_RELATIONSHIP('SRR','None',#2441,#12);
#12=ADVANCED_BREP_SHAPE_REPRESENTATION('',(#14),#2266);
#13=STYLED_ITEM('',(#2630),#14);
#14=MANIFOLD_SOLID_BREP('Body2',#799);
#15=FACE_BOUND('',#124,.T.);
#16=FACE_BOUND('',#125,.T.);
#17=FACE_BOUND('',#126,.T.);
#18=FACE_BOUND('',#127,.T.);
#19=FACE_BOUND('',#128,.T.);
#20=FACE_BOUND('',#146,.T.);
#21=PLANE('',#1342);
#22=PLANE('',#1345);
#23=PLANE('',#1355);
#24=PLANE('',#1356);
#25=PLANE('',#1363);
#26=PLANE('',#1364);
#27=PLANE('',#1365);
#28=PLANE('',#1366);
#29=PLANE('',#1367);
#30=PLANE('',#1368);
#31=PLANE('',#1369);
#32=PLANE('',#1370);
#33=PLANE('',#1371);
#34=PLANE('',#1372);
#35=PLANE('',#1373);
#36=PLANE('',#1374);
#37=PLANE('',#1378);
#38=PLANE('',#1379);
#39=TOROIDAL_SURFACE('',#1314,1.5,1.);
#40=TOROIDAL_SURFACE('',#1323,1.5,1.);
#41=TOROIDAL_SURFACE('',#1332,1.5,1.);
#42=TOROIDAL_SURFACE('',#1338,1.5,1.);
#43=B_SPLINE_CURVE_WITH_KNOTS('',3,(#1899,#1900,#1901,#1902,#1903,#1904,
#1905,#1906),.UNSPECIFIED.,.F.,.F.,(4,2,2,4),(0.503041277860716,0.513719197037054,
0.620827500202447,0.670749176107172),.UNSPECIFIED.);
#44=B_SPLINE_CURVE_WITH_KNOTS('',3,(#1922,#1923,#1924,#1925),
 .UNSPECIFIED.,.F.,.F.,(4,4),(0.570905824297728,0.620827500202457),
 .UNSPECIFIED.);
#45=B_SPLINE_CURVE_WITH_KNOTS('',3,(#1926,#1927,#1928,#1929,#1930,#1931),
 .UNSPECIFIED.,.F.,.F.,(4,2,4),(0.620827500202457,0.727935803367852,0.738613722544196),
 .UNSPECIFIED.);
#46=B_SPLINE_CURVE_WITH_KNOTS('',3,(#1936,#1937,#1938,#1939,#1940,#1941,
#1942,#1943,#1944,#1945),.UNSPECIFIED.,.F.,.F.,(4,2,2,2,4),(0.191834432910925,
0.227413854513879,0.275325605875785,0.324578978052241,0.332716694448597),
 .UNSPECIFIED.);
#47=B_SPLINE_CURVE_WITH_KNOTS('',3,(#1949,#1950,#1951,#1952,#1953,#1954),
 .UNSPECIFIED.,.F.,.F.,(4,2,4),(0.50304127786071,0.513719197037052,0.620827500202445),
 .UNSPECIFIED.);
#48=B_SPLINE_CURVE_WITH_KNOTS('',3,(#1956,#1957,#1958,#1959),
 .UNSPECIFIED.,.F.,.F.,(4,4),(0.620827500202445,0.670749176107158),
 .UNSPECIFIED.);
#49=B_SPLINE_CURVE_WITH_KNOTS('',3,(#1974,#1975,#1976,#1977,#1978,#1979,
#1980,#1981),.UNSPECIFIED.,.F.,.F.,(4,2,2,4),(0.570905824297752,0.620827500202479,
0.727935803367876,0.738613722544238),.UNSPECIFIED.);
#50=B_SPLINE_CURVE_WITH_KNOTS('',3,(#1986,#1987,#1988,#1989,#1990,#1991,
#1992,#1993,#1994,#1995),.UNSPECIFIED.,.F.,.F.,(4,2,2,2,4),(0.191834432909841,
0.227413854512483,0.275325605873906,0.324578978049775,0.332716694446052),
 .UNSPECIFIED.);
#51=B_SPLINE_CURVE_WITH_KNOTS('',3,(#1999,#2000,#2001,#2002,#2003,#2004,
#2005,#2006),.UNSPECIFIED.,.F.,.F.,(4,2,2,4),(0.503041277860716,0.513719197037071,
0.620827500202466,0.670749176107194),.UNSPECIFIED.);
#52=B_SPLINE_CURVE_WITH_KNOTS('',3,(#2021,#2022,#2023,#2024,#2025,#2026,
#2027,#2028),.UNSPECIFIED.,.F.,.F.,(4,2,2,4),(0.570905824297729,0.620827500202443,
0.727935803367836,0.73861372254417),.UNSPECIFIED.);
#53=B_SPLINE_CURVE_WITH_KNOTS('',3,(#2033,#2034,#2035,#2036,#2037,#2038,
#2039,#2040,#2041,#2042),.UNSPECIFIED.,.F.,.F.,(4,2,2,2,4),(0.705096691686442,
0.743581508594351,0.790000262518233,0.83765996567417,0.841201294113551),
 .UNSPECIFIED.);
#54=B_SPLINE_CURVE_WITH_KNOTS('',3,(#2046,#2047,#2048,#2049,#2050,#2051,
#2052,#2053),.UNSPECIFIED.,.F.,.F.,(4,2,2,4),(0.503041277860715,0.513719197037055,
0.620827500202448,0.670749176107174),.UNSPECIFIED.);
#55=B_SPLINE_CURVE_WITH_KNOTS('',3,(#2059,#2060,#2061,#2062,#2063,#2064,
#2065,#2066),.UNSPECIFIED.,.F.,.F.,(4,2,2,4),(0.570905824297722,0.620827500202448,
0.727935803367841,0.738613722544182),.UNSPECIFIED.);
#56=B_SPLINE_CURVE_WITH_KNOTS('',3,(#2071,#2072,#2073,#2074,#2075,#2076,
#2077,#2078,#2079,#2080),.UNSPECIFIED.,.F.,.F.,(4,2,2,2,4),(0.70509669170042,
0.743581508608619,0.790000262532713,0.837659965688724,0.84120129412809),
 .UNSPECIFIED.);
#57=FACE_OUTER_BOUND('',#99,.T.);
#58=FACE_OUTER_BOUND('',#100,.T.);
#59=FACE_OUTER_BOUND('',#101,.T.);
#60=FACE_OUTER_BOUND('',#102,.T.);
#61=FACE_OUTER_BOUND('',#103,.T.);
#62=FACE_OUTER_BOUND('',#104,.T.);
#63=FACE_OUTER_BOUND('',#105,.T.);
#64=FACE_OUTER_BOUND('',#106,.T.);
#65=FACE_OUTER_BOUND('',#107,.T.);
#66=FACE_OUTER_BOUND('',#108,.T.);
#67=FACE_OUTER_BOUND('',#109,.T.);
#68=FACE_OUTER_BOUND('',#110,.T.);
#69=FACE_OUTER_BOUND('',#111,.T.);
#70=FACE_OUTER_BOUND('',#112,.T.);
#71=FACE_OUTER_BOUND('',#113,.T.);
#72=FACE_OUTER_BOUND('',#114,.T.);
#73=FACE_OUTER_BOUND('',#115,.T.);
#74=FACE_OUTER_BOUND('',#116,.T.);
#75=FACE_OUTER_BOUND('',#117,.T.);
#76=FACE_OUTER_BOUND('',#118,.T.);
#77=FACE_OUTER_BOUND('',#119,.T.);
#78=FACE_OUTER_BOUND('',#120,.T.);
#79=FACE_OUTER_BOUND('',#121,.T.);
#80=FACE_OUTER_BOUND('',#122,.T.);
#81=FACE_OUTER_BOUND('',#123,.T.);
#82=FACE_OUTER_BOUND('',#129,.T.);
#83=FACE_OUTER_BOUND('',#130,.T.);
#84=FACE_OUTER_BOUND('',#131,.T.);
#85=FACE_OUTER_BOUND('',#132,.T.);
#86=FACE_OUTER_BOUND('',#133,.T.);
#87=FACE_OUTER_BOUND('',#134,.T.);
#88=FACE_OUTER_BOUND('',#135,.T.);
#89=FACE_OUTER_BOUND('',#136,.T.);
#90=FACE_OUTER_BOUND('',#137,.T.);
#91=FACE_OUTER_BOUND('',#138,.T.);
#92=FACE_OUTER_BOUND('',#139,.T.);
#93=FACE_OUTER_BOUND('',#140,.T.);
#94=FACE_OUTER_BOUND('',#141,.T.);
#95=FACE_OUTER_BOUND('',#142,.T.);
#96=FACE_OUTER_BOUND('',#143,.T.);
#97=FACE_OUTER_BOUND('',#144,.T.);
#98=FACE_OUTER_BOUND('',#145,.T.);
#99=EDGE_LOOP('',(#505,#506,#507,#508));
#100=EDGE_LOOP('',(#509,#510,#511,#512));
#101=EDGE_LOOP('',(#513,#514,#515,#516));
#102=EDGE_LOOP('',(#517,#518,#519,#520,#521));
#103=EDGE_LOOP('',(#522,#523,#524,#525));
#104=EDGE_LOOP('',(#526,#527,#528,#529,#530));
#105=EDGE_LOOP('',(#531,#532,#533,#534));
#106=EDGE_LOOP('',(#535,#536,#537,#538));
#107=EDGE_LOOP('',(#539,#540,#541,#542));
#108=EDGE_LOOP('',(#543,#544,#545,#546));
#109=EDGE_LOOP('',(#547,#548,#549,#550));
#110=EDGE_LOOP('',(#551,#552,#553,#554));
#111=EDGE_LOOP('',(#555,#556,#557,#558));
#112=EDGE_LOOP('',(#559,#560,#561,#562));
#113=EDGE_LOOP('',(#563,#564,#565,#566));
#114=EDGE_LOOP('',(#567,#568,#569,#570));
#115=EDGE_LOOP('',(#571,#572,#573,#574));
#116=EDGE_LOOP('',(#575,#576,#577,#578,#579,#580));
#117=EDGE_LOOP('',(#581,#582,#583,#584));
#118=EDGE_LOOP('',(#585,#586,#587,#588,#589,#590));
#119=EDGE_LOOP('',(#591,#592,#593,#594,#595,#596,#597,#598));
#120=EDGE_LOOP('',(#599,#600,#601,#602,#603,#604,#605,#606));
#121=EDGE_LOOP('',(#607,#608,#609,#610));
#122=EDGE_LOOP('',(#611,#612,#613,#614,#615,#616));
#123=EDGE_LOOP('',(#617,#618,#619,#620,#621,#622,#623,#624));
#124=EDGE_LOOP('',(#625));
#125=EDGE_LOOP('',(#626));
#126=EDGE_LOOP('',(#627));
#127=EDGE_LOOP('',(#628,#629,#630,#631,#632,#633,#634,#635,#636,#637,#638,
#639));
#128=EDGE_LOOP('',(#640));
#129=EDGE_LOOP('',(#641,#642,#643,#644));
#130=EDGE_LOOP('',(#645,#646,#647,#648,#649,#650,#651,#652));
#131=EDGE_LOOP('',(#653,#654,#655,#656));
#132=EDGE_LOOP('',(#657,#658,#659,#660));
#133=EDGE_LOOP('',(#661,#662,#663,#664));
#134=EDGE_LOOP('',(#665,#666,#667,#668));
#135=EDGE_LOOP('',(#669,#670,#671,#672));
#136=EDGE_LOOP('',(#673,#674,#675,#676));
#137=EDGE_LOOP('',(#677,#678,#679,#680));
#138=EDGE_LOOP('',(#681,#682,#683,#684));
#139=EDGE_LOOP('',(#685,#686,#687,#688));
#140=EDGE_LOOP('',(#689,#690,#691,#692));
#141=EDGE_LOOP('',(#693,#694,#695,#696));
#142=EDGE_LOOP('',(#697,#698,#699,#700));
#143=EDGE_LOOP('',(#701,#702,#703,#704,#705,#706,#707,#708));
#144=EDGE_LOOP('',(#709,#710,#711,#712,#713,#714));
#145=EDGE_LOOP('',(#715,#716,#717,#718,#719,#720,#721,#722,#723,#724));
#146=EDGE_LOOP('',(#725,#726,#727,#728,#729,#730,#731,#732,#733,#734,#735,
#736));
#147=LINE('',#1893,#215);
#148=LINE('',#1896,#216);
#149=LINE('',#1909,#217);
#150=LINE('',#1915,#218);
#151=LINE('',#1918,#219);
#152=LINE('',#1933,#220);
#153=LINE('',#1962,#221);
#154=LINE('',#1968,#222);
#155=LINE('',#1971,#223);
#156=LINE('',#1983,#224);
#157=LINE('',#2009,#225);
#158=LINE('',#2015,#226);
#159=LINE('',#2018,#227);
#160=LINE('',#2030,#228);
#161=LINE('',#2056,#229);
#162=LINE('',#2068,#230);
#163=LINE('',#2084,#231);
#164=LINE('',#2087,#232);
#165=LINE('',#2090,#233);
#166=LINE('',#2091,#234);
#167=LINE('',#2094,#235);
#168=LINE('',#2098,#236);
#169=LINE('',#2099,#237);
#170=LINE('',#2103,#238);
#171=LINE('',#2109,#239);
#172=LINE('',#2114,#240);
#173=LINE('',#2117,#241);
#174=LINE('',#2120,#242);
#175=LINE('',#2121,#243);
#176=LINE('',#2123,#244);
#177=LINE('',#2129,#245);
#178=LINE('',#2131,#246);
#179=LINE('',#2133,#247);
#180=LINE('',#2135,#248);
#181=LINE('',#2137,#249);
#182=LINE('',#2139,#250);
#183=LINE('',#2141,#251);
#184=LINE('',#2143,#252);
#185=LINE('',#2145,#253);
#186=LINE('',#2147,#254);
#187=LINE('',#2149,#255);
#188=LINE('',#2150,#256);
#189=LINE('',#2156,#257);
#190=LINE('',#2159,#258);
#191=LINE('',#2161,#259);
#192=LINE('',#2162,#260);
#193=LINE('',#2165,#261);
#194=LINE('',#2166,#262);
#195=LINE('',#2169,#263);
#196=LINE('',#2170,#264);
#197=LINE('',#2173,#265);
#198=LINE('',#2174,#266);
#199=LINE('',#2177,#267);
#200=LINE('',#2178,#268);
#201=LINE('',#2181,#269);
#202=LINE('',#2182,#270);
#203=LINE('',#2185,#271);
#204=LINE('',#2186,#272);
#205=LINE('',#2189,#273);
#206=LINE('',#2190,#274);
#207=LINE('',#2193,#275);
#208=LINE('',#2194,#276);
#209=LINE('',#2197,#277);
#210=LINE('',#2198,#278);
#211=LINE('',#2201,#279);
#212=LINE('',#2202,#280);
#213=LINE('',#2204,#281);
#214=LINE('',#2208,#282);
#215=VECTOR('',#1560,10.);
#216=VECTOR('',#1563,10.);
#217=VECTOR('',#1568,10.);
#218=VECTOR('',#1573,10.);
#219=VECTOR('',#1576,10.);
#220=VECTOR('',#1579,10.);
#221=VECTOR('',#1590,10.);
#222=VECTOR('',#1595,10.);
#223=VECTOR('',#1598,10.);
#224=VECTOR('',#1601,10.);
#225=VECTOR('',#1612,10.);
#226=VECTOR('',#1617,10.);
#227=VECTOR('',#1620,10.);
#228=VECTOR('',#1623,10.);
#229=VECTOR('',#1634,10.);
#230=VECTOR('',#1637,10.);
#231=VECTOR('',#1646,10.);
#232=VECTOR('',#1649,10.);
#233=VECTOR('',#1652,10.);
#234=VECTOR('',#1653,10.);
#235=VECTOR('',#1656,10.);
#236=VECTOR('',#1661,10.);
#237=VECTOR('',#1662,10.);
#238=VECTOR('',#1667,2.3);
#239=VECTOR('',#1674,2.3);
#240=VECTOR('',#1681,10.);
#241=VECTOR('',#1684,10.);
#242=VECTOR('',#1687,10.);
#243=VECTOR('',#1688,10.);
#244=VECTOR('',#1691,10.);
#245=VECTOR('',#1696,10.);
#246=VECTOR('',#1697,10.);
#247=VECTOR('',#1698,10.);
#248=VECTOR('',#1699,10.);
#249=VECTOR('',#1700,10.);
#250=VECTOR('',#1701,10.);
#251=VECTOR('',#1702,10.);
#252=VECTOR('',#1703,10.);
#253=VECTOR('',#1704,10.);
#254=VECTOR('',#1705,10.);
#255=VECTOR('',#1706,10.);
#256=VECTOR('',#1707,10.);
#257=VECTOR('',#1716,2.3);
#258=VECTOR('',#1719,10.);
#259=VECTOR('',#1720,10.);
#260=VECTOR('',#1721,10.);
#261=VECTOR('',#1724,10.);
#262=VECTOR('',#1725,10.);
#263=VECTOR('',#1728,10.);
#264=VECTOR('',#1729,10.);
#265=VECTOR('',#1732,10.);
#266=VECTOR('',#1733,10.);
#267=VECTOR('',#1736,10.);
#268=VECTOR('',#1737,10.);
#269=VECTOR('',#1740,10.);
#270=VECTOR('',#1741,10.);
#271=VECTOR('',#1744,10.);
#272=VECTOR('',#1745,10.);
#273=VECTOR('',#1748,10.);
#274=VECTOR('',#1749,10.);
#275=VECTOR('',#1752,10.);
#276=VECTOR('',#1753,10.);
#277=VECTOR('',#1756,10.);
#278=VECTOR('',#1757,10.);
#279=VECTOR('',#1760,10.);
#280=VECTOR('',#1761,10.);
#281=VECTOR('',#1764,10.);
#282=VECTOR('',#1769,2.3);
#283=CIRCLE('',#1305,1.00000000000001);
#284=CIRCLE('',#1306,1.);
#285=CIRCLE('',#1308,1.);
#286=CIRCLE('',#1310,1.00000000000001);
#287=CIRCLE('',#1311,0.999999999999996);
#288=CIRCLE('',#1313,0.999999999999979);
#289=CIRCLE('',#1315,2.5);
#290=CIRCLE('',#1317,1.);
#291=CIRCLE('',#1319,1.00000000000001);
#292=CIRCLE('',#1320,0.999999999999996);
#293=CIRCLE('',#1322,0.999999999999979);
#294=CIRCLE('',#1324,2.5);
#295=CIRCLE('',#1326,1.);
#296=CIRCLE('',#1328,1.00000000000001);
#297=CIRCLE('',#1329,1.);
#298=CIRCLE('',#1331,0.999999999999996);
#299=CIRCLE('',#1333,2.5);
#300=CIRCLE('',#1335,1.);
#301=CIRCLE('',#1337,0.999999999999996);
#302=CIRCLE('',#1339,2.5);
#303=CIRCLE('',#1341,2.5);
#304=CIRCLE('',#1344,2.5);
#305=CIRCLE('',#1347,2.3);
#306=CIRCLE('',#1348,2.3);
#307=CIRCLE('',#1350,2.3);
#308=CIRCLE('',#1351,2.3);
#309=CIRCLE('',#1352,2.3);
#310=CIRCLE('',#1354,2.5);
#311=CIRCLE('',#1357,2.5);
#312=CIRCLE('',#1358,2.3);
#313=CIRCLE('',#1359,2.3);
#314=CIRCLE('',#1362,2.3);
#315=CIRCLE('',#1376,2.3);
#316=CIRCLE('',#1377,2.3);
#317=VERTEX_POINT('',#1889);
#318=VERTEX_POINT('',#1890);
#319=VERTEX_POINT('',#1892);
#320=VERTEX_POINT('',#1894);
#321=VERTEX_POINT('',#1898);
#322=VERTEX_POINT('',#1907);
#323=VERTEX_POINT('',#1911);
#324=VERTEX_POINT('',#1912);
#325=VERTEX_POINT('',#1914);
#326=VERTEX_POINT('',#1916);
#327=VERTEX_POINT('',#1920);
#328=VERTEX_POINT('',#1921);
#329=VERTEX_POINT('',#1932);
#330=VERTEX_POINT('',#1948);
#331=VERTEX_POINT('',#1955);
#332=VERTEX_POINT('',#1960);
#333=VERTEX_POINT('',#1964);
#334=VERTEX_POINT('',#1965);
#335=VERTEX_POINT('',#1967);
#336=VERTEX_POINT('',#1969);
#337=VERTEX_POINT('',#1973);
#338=VERTEX_POINT('',#1982);
#339=VERTEX_POINT('',#1998);
#340=VERTEX_POINT('',#2007);
#341=VERTEX_POINT('',#2011);
#342=VERTEX_POINT('',#2012);
#343=VERTEX_POINT('',#2014);
#344=VERTEX_POINT('',#2016);
#345=VERTEX_POINT('',#2020);
#346=VERTEX_POINT('',#2029);
#347=VERTEX_POINT('',#2045);
#348=VERTEX_POINT('',#2054);
#349=VERTEX_POINT('',#2058);
#350=VERTEX_POINT('',#2067);
#351=VERTEX_POINT('',#2083);
#352=VERTEX_POINT('',#2085);
#353=VERTEX_POINT('',#2089);
#354=VERTEX_POINT('',#2093);
#355=VERTEX_POINT('',#2097);
#356=VERTEX_POINT('',#2102);
#357=VERTEX_POINT('',#2106);
#358=VERTEX_POINT('',#2108);
#359=VERTEX_POINT('',#2113);
#360=VERTEX_POINT('',#2115);
#361=VERTEX_POINT('',#2119);
#362=VERTEX_POINT('',#2125);
#363=VERTEX_POINT('',#2127);
#364=VERTEX_POINT('',#2128);
#365=VERTEX_POINT('',#2130);
#366=VERTEX_POINT('',#2132);
#367=VERTEX_POINT('',#2134);
#368=VERTEX_POINT('',#2136);
#369=VERTEX_POINT('',#2138);
#370=VERTEX_POINT('',#2140);
#371=VERTEX_POINT('',#2142);
#372=VERTEX_POINT('',#2144);
#373=VERTEX_POINT('',#2146);
#374=VERTEX_POINT('',#2148);
#375=VERTEX_POINT('',#2151);
#376=VERTEX_POINT('',#2158);
#377=VERTEX_POINT('',#2160);
#378=VERTEX_POINT('',#2164);
#379=VERTEX_POINT('',#2168);
#380=VERTEX_POINT('',#2172);
#381=VERTEX_POINT('',#2176);
#382=VERTEX_POINT('',#2180);
#383=VERTEX_POINT('',#2184);
#384=VERTEX_POINT('',#2188);
#385=VERTEX_POINT('',#2192);
#386=VERTEX_POINT('',#2196);
#387=VERTEX_POINT('',#2200);
#388=VERTEX_POINT('',#2206);
#389=EDGE_CURVE('',#317,#318,#283,.T.);
#390=EDGE_CURVE('',#318,#319,#147,.T.);
#391=EDGE_CURVE('',#319,#320,#284,.T.);
#392=EDGE_CURVE('',#320,#317,#148,.T.);
#393=EDGE_CURVE('',#317,#321,#43,.T.);
#394=EDGE_CURVE('',#321,#322,#285,.T.);
#395=EDGE_CURVE('',#322,#318,#149,.T.);
#396=EDGE_CURVE('',#323,#324,#286,.T.);
#397=EDGE_CURVE('',#324,#325,#150,.T.);
#398=EDGE_CURVE('',#325,#326,#287,.T.);
#399=EDGE_CURVE('',#326,#323,#151,.T.);
#400=EDGE_CURVE('',#327,#328,#44,.T.);
#401=EDGE_CURVE('',#328,#326,#45,.T.);
#402=EDGE_CURVE('',#325,#329,#152,.T.);
#403=EDGE_CURVE('',#329,#327,#288,.T.);
#404=EDGE_CURVE('',#321,#327,#46,.T.);
#405=EDGE_CURVE('',#329,#322,#289,.T.);
#406=EDGE_CURVE('',#323,#330,#47,.T.);
#407=EDGE_CURVE('',#330,#331,#48,.T.);
#408=EDGE_CURVE('',#331,#332,#290,.T.);
#409=EDGE_CURVE('',#332,#324,#153,.T.);
#410=EDGE_CURVE('',#333,#334,#291,.T.);
#411=EDGE_CURVE('',#334,#335,#154,.T.);
#412=EDGE_CURVE('',#335,#336,#292,.T.);
#413=EDGE_CURVE('',#336,#333,#155,.T.);
#414=EDGE_CURVE('',#337,#336,#49,.T.);
#415=EDGE_CURVE('',#335,#338,#156,.T.);
#416=EDGE_CURVE('',#338,#337,#293,.T.);
#417=EDGE_CURVE('',#331,#337,#50,.T.);
#418=EDGE_CURVE('',#338,#332,#294,.T.);
#419=EDGE_CURVE('',#333,#339,#51,.T.);
#420=EDGE_CURVE('',#339,#340,#295,.T.);
#421=EDGE_CURVE('',#340,#334,#157,.T.);
#422=EDGE_CURVE('',#341,#342,#296,.T.);
#423=EDGE_CURVE('',#342,#343,#158,.T.);
#424=EDGE_CURVE('',#343,#344,#297,.T.);
#425=EDGE_CURVE('',#344,#341,#159,.T.);
#426=EDGE_CURVE('',#345,#344,#52,.T.);
#427=EDGE_CURVE('',#343,#346,#160,.T.);
#428=EDGE_CURVE('',#346,#345,#298,.T.);
#429=EDGE_CURVE('',#339,#345,#53,.T.);
#430=EDGE_CURVE('',#346,#340,#299,.T.);
#431=EDGE_CURVE('',#341,#347,#54,.T.);
#432=EDGE_CURVE('',#347,#348,#300,.T.);
#433=EDGE_CURVE('',#348,#342,#161,.T.);
#434=EDGE_CURVE('',#349,#320,#55,.T.);
#435=EDGE_CURVE('',#319,#350,#162,.T.);
#436=EDGE_CURVE('',#350,#349,#301,.T.);
#437=EDGE_CURVE('',#347,#349,#56,.T.);
#438=EDGE_CURVE('',#350,#348,#302,.T.);
#439=EDGE_CURVE('',#338,#351,#163,.T.);
#440=EDGE_CURVE('',#351,#352,#303,.T.);
#441=EDGE_CURVE('',#352,#332,#164,.T.);
#442=EDGE_CURVE('',#353,#340,#165,.T.);
#443=EDGE_CURVE('',#351,#353,#166,.T.);
#444=EDGE_CURVE('',#346,#354,#167,.T.);
#445=EDGE_CURVE('',#354,#353,#304,.T.);
#446=EDGE_CURVE('',#355,#348,#168,.T.);
#447=EDGE_CURVE('',#354,#355,#169,.T.);
#448=EDGE_CURVE('',#326,#317,#305,.T.);
#449=EDGE_CURVE('',#328,#356,#170,.T.);
#450=EDGE_CURVE('',#356,#356,#306,.T.);
#451=EDGE_CURVE('',#357,#341,#307,.T.);
#452=EDGE_CURVE('',#357,#358,#171,.T.);
#453=EDGE_CURVE('',#358,#358,#308,.T.);
#454=EDGE_CURVE('',#320,#357,#309,.T.);
#455=EDGE_CURVE('',#329,#359,#172,.T.);
#456=EDGE_CURVE('',#359,#360,#310,.T.);
#457=EDGE_CURVE('',#360,#322,#173,.T.);
#458=EDGE_CURVE('',#361,#360,#174,.T.);
#459=EDGE_CURVE('',#350,#361,#175,.T.);
#460=EDGE_CURVE('',#359,#352,#176,.T.);
#461=EDGE_CURVE('',#361,#355,#311,.T.);
#462=EDGE_CURVE('',#362,#362,#312,.T.);
#463=EDGE_CURVE('',#363,#364,#177,.T.);
#464=EDGE_CURVE('',#365,#363,#178,.T.);
#465=EDGE_CURVE('',#366,#365,#179,.T.);
#466=EDGE_CURVE('',#367,#366,#180,.T.);
#467=EDGE_CURVE('',#368,#367,#181,.T.);
#468=EDGE_CURVE('',#369,#368,#182,.T.);
#469=EDGE_CURVE('',#370,#369,#183,.T.);
#470=EDGE_CURVE('',#371,#370,#184,.T.);
#471=EDGE_CURVE('',#372,#371,#185,.T.);
#472=EDGE_CURVE('',#373,#372,#186,.T.);
#473=EDGE_CURVE('',#374,#373,#187,.T.);
#474=EDGE_CURVE('',#364,#374,#188,.T.);
#475=EDGE_CURVE('',#375,#375,#313,.T.);
#476=EDGE_CURVE('',#336,#323,#314,.T.);
#477=EDGE_CURVE('',#330,#375,#189,.T.);
#478=EDGE_CURVE('',#363,#376,#190,.T.);
#479=EDGE_CURVE('',#377,#376,#191,.T.);
#480=EDGE_CURVE('',#365,#377,#192,.T.);
#481=EDGE_CURVE('',#378,#377,#193,.T.);
#482=EDGE_CURVE('',#366,#378,#194,.T.);
#483=EDGE_CURVE('',#379,#378,#195,.T.);
#484=EDGE_CURVE('',#367,#379,#196,.T.);
#485=EDGE_CURVE('',#380,#379,#197,.T.);
#486=EDGE_CURVE('',#368,#380,#198,.T.);
#487=EDGE_CURVE('',#381,#380,#199,.T.);
#488=EDGE_CURVE('',#369,#381,#200,.T.);
#489=EDGE_CURVE('',#382,#381,#201,.T.);
#490=EDGE_CURVE('',#370,#382,#202,.T.);
#491=EDGE_CURVE('',#383,#382,#203,.T.);
#492=EDGE_CURVE('',#371,#383,#204,.T.);
#493=EDGE_CURVE('',#384,#383,#205,.T.);
#494=EDGE_CURVE('',#372,#384,#206,.T.);
#495=EDGE_CURVE('',#385,#384,#207,.T.);
#496=EDGE_CURVE('',#373,#385,#208,.T.);
#497=EDGE_CURVE('',#386,#385,#209,.T.);
#498=EDGE_CURVE('',#374,#386,#210,.T.);
#499=EDGE_CURVE('',#387,#386,#211,.T.);
#500=EDGE_CURVE('',#364,#387,#212,.T.);
#501=EDGE_CURVE('',#376,#387,#213,.T.);
#502=EDGE_CURVE('',#388,#333,#315,.T.);
#503=EDGE_CURVE('',#388,#362,#214,.T.);
#504=EDGE_CURVE('',#344,#388,#316,.T.);
#505=ORIENTED_EDGE('',*,*,#389,.T.);
#506=ORIENTED_EDGE('',*,*,#390,.T.);
#507=ORIENTED_EDGE('',*,*,#391,.T.);
#508=ORIENTED_EDGE('',*,*,#392,.T.);
#509=ORIENTED_EDGE('',*,*,#393,.T.);
#510=ORIENTED_EDGE('',*,*,#394,.T.);
#511=ORIENTED_EDGE('',*,*,#395,.T.);
#512=ORIENTED_EDGE('',*,*,#389,.F.);
#513=ORIENTED_EDGE('',*,*,#396,.T.);
#514=ORIENTED_EDGE('',*,*,#397,.T.);
#515=ORIENTED_EDGE('',*,*,#398,.T.);
#516=ORIENTED_EDGE('',*,*,#399,.T.);
#517=ORIENTED_EDGE('',*,*,#400,.T.);
#518=ORIENTED_EDGE('',*,*,#401,.T.);
#519=ORIENTED_EDGE('',*,*,#398,.F.);
#520=ORIENTED_EDGE('',*,*,#402,.T.);
#521=ORIENTED_EDGE('',*,*,#403,.T.);
#522=ORIENTED_EDGE('',*,*,#404,.T.);
#523=ORIENTED_EDGE('',*,*,#403,.F.);
#524=ORIENTED_EDGE('',*,*,#405,.T.);
#525=ORIENTED_EDGE('',*,*,#394,.F.);
#526=ORIENTED_EDGE('',*,*,#406,.T.);
#527=ORIENTED_EDGE('',*,*,#407,.T.);
#528=ORIENTED_EDGE('',*,*,#408,.T.);
#529=ORIENTED_EDGE('',*,*,#409,.T.);
#530=ORIENTED_EDGE('',*,*,#396,.F.);
#531=ORIENTED_EDGE('',*,*,#410,.T.);
#532=ORIENTED_EDGE('',*,*,#411,.T.);
#533=ORIENTED_EDGE('',*,*,#412,.T.);
#534=ORIENTED_EDGE('',*,*,#413,.T.);
#535=ORIENTED_EDGE('',*,*,#414,.T.);
#536=ORIENTED_EDGE('',*,*,#412,.F.);
#537=ORIENTED_EDGE('',*,*,#415,.T.);
#538=ORIENTED_EDGE('',*,*,#416,.T.);
#539=ORIENTED_EDGE('',*,*,#417,.T.);
#540=ORIENTED_EDGE('',*,*,#416,.F.);
#541=ORIENTED_EDGE('',*,*,#418,.T.);
#542=ORIENTED_EDGE('',*,*,#408,.F.);
#543=ORIENTED_EDGE('',*,*,#419,.T.);
#544=ORIENTED_EDGE('',*,*,#420,.T.);
#545=ORIENTED_EDGE('',*,*,#421,.T.);
#546=ORIENTED_EDGE('',*,*,#410,.F.);
#547=ORIENTED_EDGE('',*,*,#422,.T.);
#548=ORIENTED_EDGE('',*,*,#423,.T.);
#549=ORIENTED_EDGE('',*,*,#424,.T.);
#550=ORIENTED_EDGE('',*,*,#425,.T.);
#551=ORIENTED_EDGE('',*,*,#426,.T.);
#552=ORIENTED_EDGE('',*,*,#424,.F.);
#553=ORIENTED_EDGE('',*,*,#427,.T.);
#554=ORIENTED_EDGE('',*,*,#428,.T.);
#555=ORIENTED_EDGE('',*,*,#429,.T.);
#556=ORIENTED_EDGE('',*,*,#428,.F.);
#557=ORIENTED_EDGE('',*,*,#430,.T.);
#558=ORIENTED_EDGE('',*,*,#420,.F.);
#559=ORIENTED_EDGE('',*,*,#431,.T.);
#560=ORIENTED_EDGE('',*,*,#432,.T.);
#561=ORIENTED_EDGE('',*,*,#433,.T.);
#562=ORIENTED_EDGE('',*,*,#422,.F.);
#563=ORIENTED_EDGE('',*,*,#434,.T.);
#564=ORIENTED_EDGE('',*,*,#391,.F.);
#565=ORIENTED_EDGE('',*,*,#435,.T.);
#566=ORIENTED_EDGE('',*,*,#436,.T.);
#567=ORIENTED_EDGE('',*,*,#437,.T.);
#568=ORIENTED_EDGE('',*,*,#436,.F.);
#569=ORIENTED_EDGE('',*,*,#438,.T.);
#570=ORIENTED_EDGE('',*,*,#432,.F.);
#571=ORIENTED_EDGE('',*,*,#418,.F.);
#572=ORIENTED_EDGE('',*,*,#439,.T.);
#573=ORIENTED_EDGE('',*,*,#440,.T.);
#574=ORIENTED_EDGE('',*,*,#441,.T.);
#575=ORIENTED_EDGE('',*,*,#415,.F.);
#576=ORIENTED_EDGE('',*,*,#411,.F.);
#577=ORIENTED_EDGE('',*,*,#421,.F.);
#578=ORIENTED_EDGE('',*,*,#442,.F.);
#579=ORIENTED_EDGE('',*,*,#443,.F.);
#580=ORIENTED_EDGE('',*,*,#439,.F.);
#581=ORIENTED_EDGE('',*,*,#430,.F.);
#582=ORIENTED_EDGE('',*,*,#444,.T.);
#583=ORIENTED_EDGE('',*,*,#445,.T.);
#584=ORIENTED_EDGE('',*,*,#442,.T.);
#585=ORIENTED_EDGE('',*,*,#427,.F.);
#586=ORIENTED_EDGE('',*,*,#423,.F.);
#587=ORIENTED_EDGE('',*,*,#433,.F.);
#588=ORIENTED_EDGE('',*,*,#446,.F.);
#589=ORIENTED_EDGE('',*,*,#447,.F.);
#590=ORIENTED_EDGE('',*,*,#444,.F.);
#591=ORIENTED_EDGE('',*,*,#400,.F.);
#592=ORIENTED_EDGE('',*,*,#404,.F.);
#593=ORIENTED_EDGE('',*,*,#393,.F.);
#594=ORIENTED_EDGE('',*,*,#448,.F.);
#595=ORIENTED_EDGE('',*,*,#401,.F.);
#596=ORIENTED_EDGE('',*,*,#449,.T.);
#597=ORIENTED_EDGE('',*,*,#450,.T.);
#598=ORIENTED_EDGE('',*,*,#449,.F.);
#599=ORIENTED_EDGE('',*,*,#434,.F.);
#600=ORIENTED_EDGE('',*,*,#437,.F.);
#601=ORIENTED_EDGE('',*,*,#431,.F.);
#602=ORIENTED_EDGE('',*,*,#451,.F.);
#603=ORIENTED_EDGE('',*,*,#452,.T.);
#604=ORIENTED_EDGE('',*,*,#453,.T.);
#605=ORIENTED_EDGE('',*,*,#452,.F.);
#606=ORIENTED_EDGE('',*,*,#454,.F.);
#607=ORIENTED_EDGE('',*,*,#405,.F.);
#608=ORIENTED_EDGE('',*,*,#455,.T.);
#609=ORIENTED_EDGE('',*,*,#456,.T.);
#610=ORIENTED_EDGE('',*,*,#457,.T.);
#611=ORIENTED_EDGE('',*,*,#395,.F.);
#612=ORIENTED_EDGE('',*,*,#457,.F.);
#613=ORIENTED_EDGE('',*,*,#458,.F.);
#614=ORIENTED_EDGE('',*,*,#459,.F.);
#615=ORIENTED_EDGE('',*,*,#435,.F.);
#616=ORIENTED_EDGE('',*,*,#390,.F.);
#617=ORIENTED_EDGE('',*,*,#456,.F.);
#618=ORIENTED_EDGE('',*,*,#460,.T.);
#619=ORIENTED_EDGE('',*,*,#440,.F.);
#620=ORIENTED_EDGE('',*,*,#443,.T.);
#621=ORIENTED_EDGE('',*,*,#445,.F.);
#622=ORIENTED_EDGE('',*,*,#447,.T.);
#623=ORIENTED_EDGE('',*,*,#461,.F.);
#624=ORIENTED_EDGE('',*,*,#458,.T.);
#625=ORIENTED_EDGE('',*,*,#453,.F.);
#626=ORIENTED_EDGE('',*,*,#450,.F.);
#627=ORIENTED_EDGE('',*,*,#462,.F.);
#628=ORIENTED_EDGE('',*,*,#463,.F.);
#629=ORIENTED_EDGE('',*,*,#464,.F.);
#630=ORIENTED_EDGE('',*,*,#465,.F.);
#631=ORIENTED_EDGE('',*,*,#466,.F.);
#632=ORIENTED_EDGE('',*,*,#467,.F.);
#633=ORIENTED_EDGE('',*,*,#468,.F.);
#634=ORIENTED_EDGE('',*,*,#469,.F.);
#635=ORIENTED_EDGE('',*,*,#470,.F.);
#636=ORIENTED_EDGE('',*,*,#471,.F.);
#637=ORIENTED_EDGE('',*,*,#472,.F.);
#638=ORIENTED_EDGE('',*,*,#473,.F.);
#639=ORIENTED_EDGE('',*,*,#474,.F.);
#640=ORIENTED_EDGE('',*,*,#475,.F.);
#641=ORIENTED_EDGE('',*,*,#438,.F.);
#642=ORIENTED_EDGE('',*,*,#459,.T.);
#643=ORIENTED_EDGE('',*,*,#461,.T.);
#644=ORIENTED_EDGE('',*,*,#446,.T.);
#645=ORIENTED_EDGE('',*,*,#406,.F.);
#646=ORIENTED_EDGE('',*,*,#476,.F.);
#647=ORIENTED_EDGE('',*,*,#414,.F.);
#648=ORIENTED_EDGE('',*,*,#417,.F.);
#649=ORIENTED_EDGE('',*,*,#407,.F.);
#650=ORIENTED_EDGE('',*,*,#477,.T.);
#651=ORIENTED_EDGE('',*,*,#475,.T.);
#652=ORIENTED_EDGE('',*,*,#477,.F.);
#653=ORIENTED_EDGE('',*,*,#464,.T.);
#654=ORIENTED_EDGE('',*,*,#478,.T.);
#655=ORIENTED_EDGE('',*,*,#479,.F.);
#656=ORIENTED_EDGE('',*,*,#480,.F.);
#657=ORIENTED_EDGE('',*,*,#465,.T.);
#658=ORIENTED_EDGE('',*,*,#480,.T.);
#659=ORIENTED_EDGE('',*,*,#481,.F.);
#660=ORIENTED_EDGE('',*,*,#482,.F.);
#661=ORIENTED_EDGE('',*,*,#466,.T.);
#662=ORIENTED_EDGE('',*,*,#482,.T.);
#663=ORIENTED_EDGE('',*,*,#483,.F.);
#664=ORIENTED_EDGE('',*,*,#484,.F.);
#665=ORIENTED_EDGE('',*,*,#467,.T.);
#666=ORIENTED_EDGE('',*,*,#484,.T.);
#667=ORIENTED_EDGE('',*,*,#485,.F.);
#668=ORIENTED_EDGE('',*,*,#486,.F.);
#669=ORIENTED_EDGE('',*,*,#468,.T.);
#670=ORIENTED_EDGE('',*,*,#486,.T.);
#671=ORIENTED_EDGE('',*,*,#487,.F.);
#672=ORIENTED_EDGE('',*,*,#488,.F.);
#673=ORIENTED_EDGE('',*,*,#469,.T.);
#674=ORIENTED_EDGE('',*,*,#488,.T.);
#675=ORIENTED_EDGE('',*,*,#489,.F.);
#676=ORIENTED_EDGE('',*,*,#490,.F.);
#677=ORIENTED_EDGE('',*,*,#470,.T.);
#678=ORIENTED_EDGE('',*,*,#490,.T.);
#679=ORIENTED_EDGE('',*,*,#491,.F.);
#680=ORIENTED_EDGE('',*,*,#492,.F.);
#681=ORIENTED_EDGE('',*,*,#471,.T.);
#682=ORIENTED_EDGE('',*,*,#492,.T.);
#683=ORIENTED_EDGE('',*,*,#493,.F.);
#684=ORIENTED_EDGE('',*,*,#494,.F.);
#685=ORIENTED_EDGE('',*,*,#472,.T.);
#686=ORIENTED_EDGE('',*,*,#494,.T.);
#687=ORIENTED_EDGE('',*,*,#495,.F.);
#688=ORIENTED_EDGE('',*,*,#496,.F.);
#689=ORIENTED_EDGE('',*,*,#473,.T.);
#690=ORIENTED_EDGE('',*,*,#496,.T.);
#691=ORIENTED_EDGE('',*,*,#497,.F.);
#692=ORIENTED_EDGE('',*,*,#498,.F.);
#693=ORIENTED_EDGE('',*,*,#474,.T.);
#694=ORIENTED_EDGE('',*,*,#498,.T.);
#695=ORIENTED_EDGE('',*,*,#499,.F.);
#696=ORIENTED_EDGE('',*,*,#500,.F.);
#697=ORIENTED_EDGE('',*,*,#463,.T.);
#698=ORIENTED_EDGE('',*,*,#500,.T.);
#699=ORIENTED_EDGE('',*,*,#501,.F.);
#700=ORIENTED_EDGE('',*,*,#478,.F.);
#701=ORIENTED_EDGE('',*,*,#419,.F.);
#702=ORIENTED_EDGE('',*,*,#502,.F.);
#703=ORIENTED_EDGE('',*,*,#503,.T.);
#704=ORIENTED_EDGE('',*,*,#462,.T.);
#705=ORIENTED_EDGE('',*,*,#503,.F.);
#706=ORIENTED_EDGE('',*,*,#504,.F.);
#707=ORIENTED_EDGE('',*,*,#426,.F.);
#708=ORIENTED_EDGE('',*,*,#429,.F.);
#709=ORIENTED_EDGE('',*,*,#409,.F.);
#710=ORIENTED_EDGE('',*,*,#441,.F.);
#711=ORIENTED_EDGE('',*,*,#460,.F.);
#712=ORIENTED_EDGE('',*,*,#455,.F.);
#713=ORIENTED_EDGE('',*,*,#402,.F.);
#714=ORIENTED_EDGE('',*,*,#397,.F.);
#715=ORIENTED_EDGE('',*,*,#399,.F.);
#716=ORIENTED_EDGE('',*,*,#448,.T.);
#717=ORIENTED_EDGE('',*,*,#392,.F.);
#718=ORIENTED_EDGE('',*,*,#454,.T.);
#719=ORIENTED_EDGE('',*,*,#451,.T.);
#720=ORIENTED_EDGE('',*,*,#425,.F.);
#721=ORIENTED_EDGE('',*,*,#504,.T.);
#722=ORIENTED_EDGE('',*,*,#502,.T.);
#723=ORIENTED_EDGE('',*,*,#413,.F.);
#724=ORIENTED_EDGE('',*,*,#476,.T.);
#725=ORIENTED_EDGE('',*,*,#501,.T.);
#726=ORIENTED_EDGE('',*,*,#499,.T.);
#727=ORIENTED_EDGE('',*,*,#497,.T.);
#728=ORIENTED_EDGE('',*,*,#495,.T.);
#729=ORIENTED_EDGE('',*,*,#493,.T.);
#730=ORIENTED_EDGE('',*,*,#491,.T.);
#731=ORIENTED_EDGE('',*,*,#489,.T.);
#732=ORIENTED_EDGE('',*,*,#487,.T.);
#733=ORIENTED_EDGE('',*,*,#485,.T.);
#734=ORIENTED_EDGE('',*,*,#483,.T.);
#735=ORIENTED_EDGE('',*,*,#481,.T.);
#736=ORIENTED_EDGE('',*,*,#479,.T.);
#737=CYLINDRICAL_SURFACE('',#1304,1.);
#738=CYLINDRICAL_SURFACE('',#1307,1.);
#739=CYLINDRICAL_SURFACE('',#1309,1.);
#740=CYLINDRICAL_SURFACE('',#1312,1.);
#741=CYLINDRICAL_SURFACE('',#1316,1.);
#742=CYLINDRICAL_SURFACE('',#1318,1.);
#743=CYLINDRICAL_SURFACE('',#1321,1.);
#744=CYLINDRICAL_SURFACE('',#1325,1.);
#745=CYLINDRICAL_SURFACE('',#1327,1.);
#746=CYLINDRICAL_SURFACE('',#1330,1.);
#747=CYLINDRICAL_SURFACE('',#1334,1.);
#748=CYLINDRICAL_SURFACE('',#1336,1.);
#749=CYLINDRICAL_SURFACE('',#1340,2.5);
#750=CYLINDRICAL_SURFACE('',#1343,2.5);
#751=CYLINDRICAL_SURFACE('',#1346,2.3);
#752=CYLINDRICAL_SURFACE('',#1349,2.3);
#753=CYLINDRICAL_SURFACE('',#1353,2.5);
#754=CYLINDRICAL_SURFACE('',#1360,2.5);
#755=CYLINDRICAL_SURFACE('',#1361,2.3);
#756=CYLINDRICAL_SURFACE('',#1375,2.3);
#757=ADVANCED_FACE('',(#57),#737,.T.);
#758=ADVANCED_FACE('',(#58),#738,.T.);
#759=ADVANCED_FACE('',(#59),#739,.T.);
#760=ADVANCED_FACE('',(#60),#740,.T.);
#761=ADVANCED_FACE('',(#61),#39,.T.);
#762=ADVANCED_FACE('',(#62),#741,.T.);
#763=ADVANCED_FACE('',(#63),#742,.T.);
#764=ADVANCED_FACE('',(#64),#743,.T.);
#765=ADVANCED_FACE('',(#65),#40,.T.);
#766=ADVANCED_FACE('',(#66),#744,.T.);
#767=ADVANCED_FACE('',(#67),#745,.T.);
#768=ADVANCED_FACE('',(#68),#746,.T.);
#769=ADVANCED_FACE('',(#69),#41,.T.);
#770=ADVANCED_FACE('',(#70),#747,.T.);
#771=ADVANCED_FACE('',(#71),#748,.T.);
#772=ADVANCED_FACE('',(#72),#42,.T.);
#773=ADVANCED_FACE('',(#73),#749,.T.);
#774=ADVANCED_FACE('',(#74),#21,.T.);
#775=ADVANCED_FACE('',(#75),#750,.T.);
#776=ADVANCED_FACE('',(#76),#22,.T.);
#777=ADVANCED_FACE('',(#77),#751,.F.);
#778=ADVANCED_FACE('',(#78),#752,.F.);
#779=ADVANCED_FACE('',(#79),#753,.T.);
#780=ADVANCED_FACE('',(#80),#23,.T.);
#781=ADVANCED_FACE('',(#81,#15,#16,#17,#18,#19),#24,.F.);
#782=ADVANCED_FACE('',(#82),#754,.T.);
#783=ADVANCED_FACE('',(#83),#755,.F.);
#784=ADVANCED_FACE('',(#84),#25,.T.);
#785=ADVANCED_FACE('',(#85),#26,.T.);
#786=ADVANCED_FACE('',(#86),#27,.T.);
#787=ADVANCED_FACE('',(#87),#28,.T.);
#788=ADVANCED_FACE('',(#88),#29,.T.);
#789=ADVANCED_FACE('',(#89),#30,.T.);
#790=ADVANCED_FACE('',(#90),#31,.T.);
#791=ADVANCED_FACE('',(#91),#32,.T.);
#792=ADVANCED_FACE('',(#92),#33,.T.);
#793=ADVANCED_FACE('',(#93),#34,.T.);
#794=ADVANCED_FACE('',(#94),#35,.T.);
#795=ADVANCED_FACE('',(#95),#36,.T.);
#796=ADVANCED_FACE('',(#96),#756,.F.);
#797=ADVANCED_FACE('',(#97),#37,.T.);
#798=ADVANCED_FACE('',(#98,#20),#38,.T.);
#799=CLOSED_SHELL('',(#757,#758,#759,#760,#761,#762,#763,#764,#765,#766,
#767,#768,#769,#770,#771,#772,#773,#774,#775,#776,#777,#778,#779,#780,#781,
#782,#783,#784,#785,#786,#787,#788,#789,#790,#791,#792,#793,#794,#795,#796,
#797,#798));
#800=ITEM_DEFINED_TRANSFORMATION($,$,#1228,#1229);
#801=ITEM_DEFINED_TRANSFORMATION($,$,#1239,#1243);
#802=ITEM_DEFINED_TRANSFORMATION($,$,#1240,#1244);
#803=ITEM_DEFINED_TRANSFORMATION($,$,#1241,#1245);
#804=ITEM_DEFINED_TRANSFORMATION($,$,#1241,#1246);
#805=ITEM_DEFINED_TRANSFORMATION($,$,#1241,#1247);
#806=ITEM_DEFINED_TRANSFORMATION($,$,#1241,#1248);
#807=ITEM_DEFINED_TRANSFORMATION($,$,#1241,#1249);
#808=ITEM_DEFINED_TRANSFORMATION($,$,#1241,#1250);
#809=ITEM_DEFINED_TRANSFORMATION($,$,#1241,#1251);
#810=ITEM_DEFINED_TRANSFORMATION($,$,#1241,#1252);
#811=ITEM_DEFINED_TRANSFORMATION($,$,#1241,#1253);
#812=ITEM_DEFINED_TRANSFORMATION($,$,#1241,#1254);
#813=ITEM_DEFINED_TRANSFORMATION($,$,#1241,#1255);
#814=ITEM_DEFINED_TRANSFORMATION($,$,#1241,#1256);
#815=ITEM_DEFINED_TRANSFORMATION($,$,#1241,#1257);
#816=ITEM_DEFINED_TRANSFORMATION($,$,#1242,#1258);
#817=ITEM_DEFINED_TRANSFORMATION($,$,#1238,#1259);
#818=ITEM_DEFINED_TRANSFORMATION($,$,#1263,#1264);
#819=ITEM_DEFINED_TRANSFORMATION($,$,#1263,#1265);
#820=ITEM_DEFINED_TRANSFORMATION($,$,#1263,#1266);
#821=ITEM_DEFINED_TRANSFORMATION($,$,#1263,#1267);
#822=ITEM_DEFINED_TRANSFORMATION($,$,#1263,#1268);
#823=ITEM_DEFINED_TRANSFORMATION($,$,#1263,#1269);
#824=ITEM_DEFINED_TRANSFORMATION($,$,#1263,#1270);
#825=ITEM_DEFINED_TRANSFORMATION($,$,#1263,#1271);
#826=ITEM_DEFINED_TRANSFORMATION($,$,#1263,#1272);
#827=ITEM_DEFINED_TRANSFORMATION($,$,#1263,#1273);
#828=ITEM_DEFINED_TRANSFORMATION($,$,#1263,#1274);
#829=ITEM_DEFINED_TRANSFORMATION($,$,#1263,#1275);
#830=ITEM_DEFINED_TRANSFORMATION($,$,#1282,#1287);
#831=ITEM_DEFINED_TRANSFORMATION($,$,#1283,#1288);
#832=ITEM_DEFINED_TRANSFORMATION($,$,#1284,#1289);
#833=ITEM_DEFINED_TRANSFORMATION($,$,#1285,#1290);
#834=ITEM_DEFINED_TRANSFORMATION($,$,#1286,#1291);
#835=ITEM_DEFINED_TRANSFORMATION($,$,#1279,#1294);
#836=ITEM_DEFINED_TRANSFORMATION($,$,#1280,#1295);
#837=ITEM_DEFINED_TRANSFORMATION($,$,#1281,#1296);
#838=ITEM_DEFINED_TRANSFORMATION($,$,#1292,#1297);
#839=ITEM_DEFINED_TRANSFORMATION($,$,#1293,#1298);
#840=ITEM_DEFINED_TRANSFORMATION($,$,#1278,#1300);
#841=ITEM_DEFINED_TRANSFORMATION($,$,#1299,#1301);
#842=ITEM_DEFINED_TRANSFORMATION($,$,#1277,#1302);
#843=ITEM_DEFINED_TRANSFORMATION($,$,#1225,#1380);
#844=ITEM_DEFINED_TRANSFORMATION($,$,#1226,#1381);
#845=ITEM_DEFINED_TRANSFORMATION($,$,#1227,#1382);
#846=ITEM_DEFINED_TRANSFORMATION($,$,#1230,#1383);
#847=ITEM_DEFINED_TRANSFORMATION($,$,#1231,#1384);
#848=ITEM_DEFINED_TRANSFORMATION($,$,#1232,#1385);
#849=ITEM_DEFINED_TRANSFORMATION($,$,#1233,#1386);
#850=ITEM_DEFINED_TRANSFORMATION($,$,#1234,#1387);
#851=ITEM_DEFINED_TRANSFORMATION($,$,#1235,#1388);
#852=ITEM_DEFINED_TRANSFORMATION($,$,#1236,#1389);
#853=ITEM_DEFINED_TRANSFORMATION($,$,#1237,#1390);
#854=ITEM_DEFINED_TRANSFORMATION($,$,#1260,#1391);
#855=ITEM_DEFINED_TRANSFORMATION($,$,#1261,#1392);
#856=ITEM_DEFINED_TRANSFORMATION($,$,#1262,#1393);
#857=ITEM_DEFINED_TRANSFORMATION($,$,#1276,#1394);
#858=ITEM_DEFINED_TRANSFORMATION($,$,#1303,#1395);
#859=(
REPRESENTATION_RELATIONSHIP($,$,#2445,#2444)
REPRESENTATION_RELATIONSHIP_WITH_TRANSFORMATION(#800)
SHAPE_REPRESENTATION_RELATIONSHIP()
);
#860=(
REPRESENTATION_RELATIONSHIP($,$,#2455,#2454)
REPRESENTATION_RELATIONSHIP_WITH_TRANSFORMATION(#801)
SHAPE_REPRESENTATION_RELATIONSHIP()
);
#861=(
REPRESENTATION_RELATIONSHIP($,$,#2456,#2454)
REPRESENTATION_RELATIONSHIP_WITH_TRANSFORMATION(#802)
SHAPE_REPRESENTATION_RELATIONSHIP()
);
#862=(
REPRESENTATION_RELATIONSHIP($,$,#2457,#2454)
REPRESENTATION_RELATIONSHIP_WITH_TRANSFORMATION(#803)
SHAPE_REPRESENTATION_RELATIONSHIP()
);
#863=(
REPRESENTATION_RELATIONSHIP($,$,#2457,#2454)
REPRESENTATION_RELATIONSHIP_WITH_TRANSFORMATION(#804)
SHAPE_REPRESENTATION_RELATIONSHIP()
);
#864=(
REPRESENTATION_RELATIONSHIP($,$,#2457,#2454)
REPRESENTATION_RELATIONSHIP_WITH_TRANSFORMATION(#805)
SHAPE_REPRESENTATION_RELATIONSHIP()
);
#865=(
REPRESENTATION_RELATIONSHIP($,$,#2457,#2454)
REPRESENTATION_RELATIONSHIP_WITH_TRANSFORMATION(#806)
SHAPE_REPRESENTATION_RELATIONSHIP()
);
#866=(
REPRESENTATION_RELATIONSHIP($,$,#2457,#2454)
REPRESENTATION_RELATIONSHIP_WITH_TRANSFORMATION(#807)
SHAPE_REPRESENTATION_RELATIONSHIP()
);
#867=(
REPRESENTATION_RELATIONSHIP($,$,#2457,#2454)
REPRESENTATION_RELATIONSHIP_WITH_TRANSFORMATION(#808)
SHAPE_REPRESENTATION_RELATIONSHIP()
);
#868=(
REPRESENTATION_RELATIONSHIP($,$,#2457,#2454)
REPRESENTATION_RELATIONSHIP_WITH_TRANSFORMATION(#809)
SHAPE_REPRESENTATION_RELATIONSHIP()
);
#869=(
REPRESENTATION_RELATIONSHIP($,$,#2457,#2454)
REPRESENTATION_RELATIONSHIP_WITH_TRANSFORMATION(#810)
SHAPE_REPRESENTATION_RELATIONSHIP()
);
#870=(
REPRESENTATION_RELATIONSHIP($,$,#2457,#2454)
REPRESENTATION_RELATIONSHIP_WITH_TRANSFORMATION(#811)
SHAPE_REPRESENTATION_RELATIONSHIP()
);
#871=(
REPRESENTATION_RELATIONSHIP($,$,#2457,#2454)
REPRESENTATION_RELATIONSHIP_WITH_TRANSFORMATION(#812)
SHAPE_REPRESENTATION_RELATIONSHIP()
);
#872=(
REPRESENTATION_RELATIONSHIP($,$,#2457,#2454)
REPRESENTATION_RELATIONSHIP_WITH_TRANSFORMATION(#813)
SHAPE_REPRESENTATION_RELATIONSHIP()
);
#873=(
REPRESENTATION_RELATIONSHIP($,$,#2457,#2454)
REPRESENTATION_RELATIONSHIP_WITH_TRANSFORMATION(#814)
SHAPE_REPRESENTATION_RELATIONSHIP()
);
#874=(
REPRESENTATION_RELATIONSHIP($,$,#2457,#2454)
REPRESENTATION_RELATIONSHIP_WITH_TRANSFORMATION(#815)
SHAPE_REPRESENTATION_RELATIONSHIP()
);
#875=(
REPRESENTATION_RELATIONSHIP($,$,#2458,#2454)
REPRESENTATION_RELATIONSHIP_WITH_TRANSFORMATION(#816)
SHAPE_REPRESENTATION_RELATIONSHIP()
);
#876=(
REPRESENTATION_RELATIONSHIP($,$,#2454,#2453)
REPRESENTATION_RELATIONSHIP_WITH_TRANSFORMATION(#817)
SHAPE_REPRESENTATION_RELATIONSHIP()
);
#877=(
REPRESENTATION_RELATIONSHIP($,$,#2462,#2442)
REPRESENTATION_RELATIONSHIP_WITH_TRANSFORMATION(#818)
SHAPE_REPRESENTATION_RELATIONSHIP()
);
#878=(
REPRESENTATION_RELATIONSHIP($,$,#2462,#2443)
REPRESENTATION_RELATIONSHIP_WITH_TRANSFORMATION(#819)
SHAPE_REPRESENTATION_RELATIONSHIP()
);
#879=(
REPRESENTATION_RELATIONSHIP($,$,#2462,#2446)
REPRESENTATION_RELATIONSHIP_WITH_TRANSFORMATION(#820)
SHAPE_REPRESENTATION_RELATIONSHIP()
);
#880=(
REPRESENTATION_RELATIONSHIP($,$,#2462,#2447)
REPRESENTATION_RELATIONSHIP_WITH_TRANSFORMATION(#821)
SHAPE_REPRESENTATION_RELATIONSHIP()
);
#881=(
REPRESENTATION_RELATIONSHIP($,$,#2462,#2448)
REPRESENTATION_RELATIONSHIP_WITH_TRANSFORMATION(#822)
SHAPE_REPRESENTATION_RELATIONSHIP()
);
#882=(
REPRESENTATION_RELATIONSHIP($,$,#2462,#2449)
REPRESENTATION_RELATIONSHIP_WITH_TRANSFORMATION(#823)
SHAPE_REPRESENTATION_RELATIONSHIP()
);
#883=(
REPRESENTATION_RELATIONSHIP($,$,#2462,#2450)
REPRESENTATION_RELATIONSHIP_WITH_TRANSFORMATION(#824)
SHAPE_REPRESENTATION_RELATIONSHIP()
);
#884=(
REPRESENTATION_RELATIONSHIP($,$,#2462,#2451)
REPRESENTATION_RELATIONSHIP_WITH_TRANSFORMATION(#825)
SHAPE_REPRESENTATION_RELATIONSHIP()
);
#885=(
REPRESENTATION_RELATIONSHIP($,$,#2462,#2452)
REPRESENTATION_RELATIONSHIP_WITH_TRANSFORMATION(#826)
SHAPE_REPRESENTATION_RELATIONSHIP()
);
#886=(
REPRESENTATION_RELATIONSHIP($,$,#2462,#2459)
REPRESENTATION_RELATIONSHIP_WITH_TRANSFORMATION(#827)
SHAPE_REPRESENTATION_RELATIONSHIP()
);
#887=(
REPRESENTATION_RELATIONSHIP($,$,#2462,#2460)
REPRESENTATION_RELATIONSHIP_WITH_TRANSFORMATION(#828)
SHAPE_REPRESENTATION_RELATIONSHIP()
);
#888=(
REPRESENTATION_RELATIONSHIP($,$,#2462,#2461)
REPRESENTATION_RELATIONSHIP_WITH_TRANSFORMATION(#829)
SHAPE_REPRESENTATION_RELATIONSHIP()
);
#889=(
REPRESENTATION_RELATIONSHIP($,$,#2469,#2468)
REPRESENTATION_RELATIONSHIP_WITH_TRANSFORMATION(#830)
SHAPE_REPRESENTATION_RELATIONSHIP()
);
#890=(
REPRESENTATION_RELATIONSHIP($,$,#2470,#2468)
REPRESENTATION_RELATIONSHIP_WITH_TRANSFORMATION(#831)
SHAPE_REPRESENTATION_RELATIONSHIP()
);
#891=(
REPRESENTATION_RELATIONSHIP($,$,#2471,#2468)
REPRESENTATION_RELATIONSHIP_WITH_TRANSFORMATION(#832)
SHAPE_REPRESENTATION_RELATIONSHIP()
);
#892=(
REPRESENTATION_RELATIONSHIP($,$,#2472,#2468)
REPRESENTATION_RELATIONSHIP_WITH_TRANSFORMATION(#833)
SHAPE_REPRESENTATION_RELATIONSHIP()
);
#893=(
REPRESENTATION_RELATIONSHIP($,$,#2473,#2468)
REPRESENTATION_RELATIONSHIP_WITH_TRANSFORMATION(#834)
SHAPE_REPRESENTATION_RELATIONSHIP()
);
#894=(
REPRESENTATION_RELATIONSHIP($,$,#2466,#2465)
REPRESENTATION_RELATIONSHIP_WITH_TRANSFORMATION(#835)
SHAPE_REPRESENTATION_RELATIONSHIP()
);
#895=(
REPRESENTATION_RELATIONSHIP($,$,#2467,#2465)
REPRESENTATION_RELATIONSHIP_WITH_TRANSFORMATION(#836)
SHAPE_REPRESENTATION_RELATIONSHIP()
);
#896=(
REPRESENTATION_RELATIONSHIP($,$,#2468,#2465)
REPRESENTATION_RELATIONSHIP_WITH_TRANSFORMATION(#837)
SHAPE_REPRESENTATION_RELATIONSHIP()
);
#897=(
REPRESENTATION_RELATIONSHIP($,$,#2474,#2465)
REPRESENTATION_RELATIONSHIP_WITH_TRANSFORMATION(#838)
SHAPE_REPRESENTATION_RELATIONSHIP()
);
#898=(
REPRESENTATION_RELATIONSHIP($,$,#2475,#2465)
REPRESENTATION_RELATIONSHIP_WITH_TRANSFORMATION(#839)
SHAPE_REPRESENTATION_RELATIONSHIP()
);
#899=(
REPRESENTATION_RELATIONSHIP($,$,#2465,#2464)
REPRESENTATION_RELATIONSHIP_WITH_TRANSFORMATION(#840)
SHAPE_REPRESENTATION_RELATIONSHIP()
);
#900=(
REPRESENTATION_RELATIONSHIP($,$,#2476,#2464)
REPRESENTATION_RELATIONSHIP_WITH_TRANSFORMATION(#841)
SHAPE_REPRESENTATION_RELATIONSHIP()
);
#901=(
REPRESENTATION_RELATIONSHIP($,$,#2464,#2463)
REPRESENTATION_RELATIONSHIP_WITH_TRANSFORMATION(#842)
SHAPE_REPRESENTATION_RELATIONSHIP()
);
#902=(
REPRESENTATION_RELATIONSHIP($,$,#2442,#2441)
REPRESENTATION_RELATIONSHIP_WITH_TRANSFORMATION(#843)
SHAPE_REPRESENTATION_RELATIONSHIP()
);
#903=(
REPRESENTATION_RELATIONSHIP($,$,#2443,#2441)
REPRESENTATION_RELATIONSHIP_WITH_TRANSFORMATION(#844)
SHAPE_REPRESENTATION_RELATIONSHIP()
);
#904=(
REPRESENTATION_RELATIONSHIP($,$,#2444,#2441)
REPRESENTATION_RELATIONSHIP_WITH_TRANSFORMATION(#845)
SHAPE_REPRESENTATION_RELATIONSHIP()
);
#905=(
REPRESENTATION_RELATIONSHIP($,$,#2446,#2441)
REPRESENTATION_RELATIONSHIP_WITH_TRANSFORMATION(#846)
SHAPE_REPRESENTATION_RELATIONSHIP()
);
#906=(
REPRESENTATION_RELATIONSHIP($,$,#2447,#2441)
REPRESENTATION_RELATIONSHIP_WITH_TRANSFORMATION(#847)
SHAPE_REPRESENTATION_RELATIONSHIP()
);
#907=(
REPRESENTATION_RELATIONSHIP($,$,#2448,#2441)
REPRESENTATION_RELATIONSHIP_WITH_TRANSFORMATION(#848)
SHAPE_REPRESENTATION_RELATIONSHIP()
);
#908=(
REPRESENTATION_RELATIONSHIP($,$,#2449,#2441)
REPRESENTATION_RELATIONSHIP_WITH_TRANSFORMATION(#849)
SHAPE_REPRESENTATION_RELATIONSHIP()
);
#909=(
REPRESENTATION_RELATIONSHIP($,$,#2450,#2441)
REPRESENTATION_RELATIONSHIP_WITH_TRANSFORMATION(#850)
SHAPE_REPRESENTATION_RELATIONSHIP()
);
#910=(
REPRESENTATION_RELATIONSHIP($,$,#2451,#2441)
REPRESENTATION_RELATIONSHIP_WITH_TRANSFORMATION(#851)
SHAPE_REPRESENTATION_RELATIONSHIP()
);
#911=(
REPRESENTATION_RELATIONSHIP($,$,#2452,#2441)
REPRESENTATION_RELATIONSHIP_WITH_TRANSFORMATION(#852)
SHAPE_REPRESENTATION_RELATIONSHIP()
);
#912=(
REPRESENTATION_RELATIONSHIP($,$,#2453,#2441)
REPRESENTATION_RELATIONSHIP_WITH_TRANSFORMATION(#853)
SHAPE_REPRESENTATION_RELATIONSHIP()
);
#913=(
REPRESENTATION_RELATIONSHIP($,$,#2459,#2441)
REPRESENTATION_RELATIONSHIP_WITH_TRANSFORMATION(#854)
SHAPE_REPRESENTATION_RELATIONSHIP()
);
#914=(
REPRESENTATION_RELATIONSHIP($,$,#2460,#2441)
REPRESENTATION_RELATIONSHIP_WITH_TRANSFORMATION(#855)
SHAPE_REPRESENTATION_RELATIONSHIP()
);
#915=(
REPRESENTATION_RELATIONSHIP($,$,#2461,#2441)
REPRESENTATION_RELATIONSHIP_WITH_TRANSFORMATION(#856)
SHAPE_REPRESENTATION_RELATIONSHIP()
);
#916=(
REPRESENTATION_RELATIONSHIP($,$,#2463,#2441)
REPRESENTATION_RELATIONSHIP_WITH_TRANSFORMATION(#857)
SHAPE_REPRESENTATION_RELATIONSHIP()
);
#917=(
REPRESENTATION_RELATIONSHIP($,$,#2477,#2441)
REPRESENTATION_RELATIONSHIP_WITH_TRANSFORMATION(#858)
SHAPE_REPRESENTATION_RELATIONSHIP()
);
#918=CONTEXT_DEPENDENT_SHAPE_REPRESENTATION(#859,#2350);
#919=CONTEXT_DEPENDENT_SHAPE_REPRESENTATION(#860,#2364);
#920=CONTEXT_DEPENDENT_SHAPE_REPRESENTATION(#861,#2365);
#921=CONTEXT_DEPENDENT_SHAPE_REPRESENTATION(#862,#2366);
#922=CONTEXT_DEPENDENT_SHAPE_REPRESENTATION(#863,#2367);
#923=CONTEXT_DEPENDENT_SHAPE_REPRESENTATION(#864,#2368);
#924=CONTEXT_DEPENDENT_SHAPE_REPRESENTATION(#865,#2369);
#925=CONTEXT_DEPENDENT_SHAPE_REPRESENTATION(#866,#2370);
#926=CONTEXT_DEPENDENT_SHAPE_REPRESENTATION(#867,#2371);
#927=CONTEXT_DEPENDENT_SHAPE_REPRESENTATION(#868,#2372);
#928=CONTEXT_DEPENDENT_SHAPE_REPRESENTATION(#869,#2373);
#929=CONTEXT_DEPENDENT_SHAPE_REPRESENTATION(#870,#2374);
#930=CONTEXT_DEPENDENT_SHAPE_REPRESENTATION(#871,#2375);
#931=CONTEXT_DEPENDENT_SHAPE_REPRESENTATION(#872,#2376);
#932=CONTEXT_DEPENDENT_SHAPE_REPRESENTATION(#873,#2377);
#933=CONTEXT_DEPENDENT_SHAPE_REPRESENTATION(#874,#2378);
#934=CONTEXT_DEPENDENT_SHAPE_REPRESENTATION(#875,#2379);
#935=CONTEXT_DEPENDENT_SHAPE_REPRESENTATION(#876,#2380);
#936=CONTEXT_DEPENDENT_SHAPE_REPRESENTATION(#877,#2385);
#937=CONTEXT_DEPENDENT_SHAPE_REPRESENTATION(#878,#2386);
#938=CONTEXT_DEPENDENT_SHAPE_REPRESENTATION(#879,#2387);
#939=CONTEXT_DEPENDENT_SHAPE_REPRESENTATION(#880,#2388);
#940=CONTEXT_DEPENDENT_SHAPE_REPRESENTATION(#881,#2389);
#941=CONTEXT_DEPENDENT_SHAPE_REPRESENTATION(#882,#2390);
#942=CONTEXT_DEPENDENT_SHAPE_REPRESENTATION(#883,#2391);
#943=CONTEXT_DEPENDENT_SHAPE_REPRESENTATION(#884,#2392);
#944=CONTEXT_DEPENDENT_SHAPE_REPRESENTATION(#885,#2393);
#945=CONTEXT_DEPENDENT_SHAPE_REPRESENTATION(#886,#2394);
#946=CONTEXT_DEPENDENT_SHAPE_REPRESENTATION(#887,#2395);
#947=CONTEXT_DEPENDENT_SHAPE_REPRESENTATION(#888,#2396);
#948=CONTEXT_DEPENDENT_SHAPE_REPRESENTATION(#889,#2408);
#949=CONTEXT_DEPENDENT_SHAPE_REPRESENTATION(#890,#2409);
#950=CONTEXT_DEPENDENT_SHAPE_REPRESENTATION(#891,#2410);
#951=CONTEXT_DEPENDENT_SHAPE_REPRESENTATION(#892,#2411);
#952=CONTEXT_DEPENDENT_SHAPE_REPRESENTATION(#893,#2412);
#953=CONTEXT_DEPENDENT_SHAPE_REPRESENTATION(#894,#2415);
#954=CONTEXT_DEPENDENT_SHAPE_REPRESENTATION(#895,#2416);
#955=CONTEXT_DEPENDENT_SHAPE_REPRESENTATION(#896,#2417);
#956=CONTEXT_DEPENDENT_SHAPE_REPRESENTATION(#897,#2418);
#957=CONTEXT_DEPENDENT_SHAPE_REPRESENTATION(#898,#2419);
#958=CONTEXT_DEPENDENT_SHAPE_REPRESENTATION(#899,#2421);
#959=CONTEXT_DEPENDENT_SHAPE_REPRESENTATION(#900,#2422);
#960=CONTEXT_DEPENDENT_SHAPE_REPRESENTATION(#901,#2423);
#961=CONTEXT_DEPENDENT_SHAPE_REPRESENTATION(#902,#2425);
#962=CONTEXT_DEPENDENT_SHAPE_REPRESENTATION(#903,#2426);
#963=CONTEXT_DEPENDENT_SHAPE_REPRESENTATION(#904,#2427);
#964=CONTEXT_DEPENDENT_SHAPE_REPRESENTATION(#905,#2428);
#965=CONTEXT_DEPENDENT_SHAPE_REPRESENTATION(#906,#2429);
#966=CONTEXT_DEPENDENT_SHAPE_REPRESENTATION(#907,#2430);
#967=CONTEXT_DEPENDENT_SHAPE_REPRESENTATION(#908,#2431);
#968=CONTEXT_DEPENDENT_SHAPE_REPRESENTATION(#909,#2432);
#969=CONTEXT_DEPENDENT_SHAPE_REPRESENTATION(#910,#2433);
#970=CONTEXT_DEPENDENT_SHAPE_REPRESENTATION(#911,#2434);
#971=CONTEXT_DEPENDENT_SHAPE_REPRESENTATION(#912,#2435);
#972=CONTEXT_DEPENDENT_SHAPE_REPRESENTATION(#913,#2436);
#973=CONTEXT_DEPENDENT_SHAPE_REPRESENTATION(#914,#2437);
#974=CONTEXT_DEPENDENT_SHAPE_REPRESENTATION(#915,#2438);
#975=CONTEXT_DEPENDENT_SHAPE_REPRESENTATION(#916,#2439);
#976=CONTEXT_DEPENDENT_SHAPE_REPRESENTATION(#917,#2440);
#977=NEXT_ASSEMBLY_USAGE_OCCURRENCE('\X2\047D05EA00B110EB01F7\X0\:1',
'\X2\047D05EA00B110EB01F7\X0\:1','\X2\047D05EA00B110EB01F7\X0\:1',#2482,
#2483,'\X2\047D05EA00B110EB01F7\X0\:1');
#978=NEXT_ASSEMBLY_USAGE_OCCURRENCE('OLED_0.91_128x32:1',
'OLED_0.91_128x32:1','OLED_0.91_128x32:1',#2492,#2493,
'OLED_0.91_128x32:1');
#979=NEXT_ASSEMBLY_USAGE_OCCURRENCE(
'Pin Header 4 x 1 TH 2.54mm Pitch:1',
'Pin Header 4 x 1 TH 2.54mm Pitch:1',
'Pin Header 4 x 1 TH 2.54mm Pitch:1',#2492,#2494,
'Pin Header 4 x 1 TH 2.54mm Pitch:1');
#980=NEXT_ASSEMBLY_USAGE_OCCURRENCE('RESC-0603:1','RESC-0603:1',
'RESC-0603:1',#2492,#2495,'RESC-0603:1');
#981=NEXT_ASSEMBLY_USAGE_OCCURRENCE('RESC-0603:2','RESC-0603:2',
'RESC-0603:2',#2492,#2495,'RESC-0603:2');
#982=NEXT_ASSEMBLY_USAGE_OCCURRENCE('RESC-0603:3','RESC-0603:3',
'RESC-0603:3',#2492,#2495,'RESC-0603:3');
#983=NEXT_ASSEMBLY_USAGE_OCCURRENCE('RESC-0603:4','RESC-0603:4',
'RESC-0603:4',#2492,#2495,'RESC-0603:4');
#984=NEXT_ASSEMBLY_USAGE_OCCURRENCE('RESC-0603:5','RESC-0603:5',
'RESC-0603:5',#2492,#2495,'RESC-0603:5');
#985=NEXT_ASSEMBLY_USAGE_OCCURRENCE('RESC-0603:6','RESC-0603:6',
'RESC-0603:6',#2492,#2495,'RESC-0603:6');
#986=NEXT_ASSEMBLY_USAGE_OCCURRENCE('RESC-0603:7','RESC-0603:7',
'RESC-0603:7',#2492,#2495,'RESC-0603:7');
#987=NEXT_ASSEMBLY_USAGE_OCCURRENCE('RESC-0603:8','RESC-0603:8',
'RESC-0603:8',#2492,#2495,'RESC-0603:8');
#988=NEXT_ASSEMBLY_USAGE_OCCURRENCE('RESC-0603:9','RESC-0603:9',
'RESC-0603:9',#2492,#2495,'RESC-0603:9');
#989=NEXT_ASSEMBLY_USAGE_OCCURRENCE('RESC-0603:10','RESC-0603:10',
'RESC-0603:10',#2492,#2495,'RESC-0603:10');
#990=NEXT_ASSEMBLY_USAGE_OCCURRENCE('RESC-0603:11','RESC-0603:11',
'RESC-0603:11',#2492,#2495,'RESC-0603:11');
#991=NEXT_ASSEMBLY_USAGE_OCCURRENCE('RESC-0603:12','RESC-0603:12',
'RESC-0603:12',#2492,#2495,'RESC-0603:12');
#992=NEXT_ASSEMBLY_USAGE_OCCURRENCE('RESC-0603:13','RESC-0603:13',
'RESC-0603:13',#2492,#2495,'RESC-0603:13');
#993=NEXT_ASSEMBLY_USAGE_OCCURRENCE('2SD0601A:1','2SD0601A:1',
'2SD0601A:1',#2492,#2496,'2SD0601A:1');
#994=NEXT_ASSEMBLY_USAGE_OCCURRENCE('OLED_0.91_128x32 (1):1',
'OLED_0.91_128x32 (1):1','OLED_0.91_128x32 (1):1',#2491,#2492,
'OLED_0.91_128x32 (1):1');
#995=NEXT_ASSEMBLY_USAGE_OCCURRENCE('SW_Cherry_MX_PCB_cp:1',
'SW_Cherry_MX_PCB_cp:1','SW_Cherry_MX_PCB_cp:1',#2480,#2500,
'SW_Cherry_MX_PCB_cp:1');
#996=NEXT_ASSEMBLY_USAGE_OCCURRENCE('SW_Cherry_MX_PCB_cp:1',
'SW_Cherry_MX_PCB_cp:1','SW_Cherry_MX_PCB_cp:1',#2481,#2500,
'SW_Cherry_MX_PCB_cp:1');
#997=NEXT_ASSEMBLY_USAGE_OCCURRENCE('SW_Cherry_MX_PCB_cp:1',
'SW_Cherry_MX_PCB_cp:1','SW_Cherry_MX_PCB_cp:1',#2484,#2500,
'SW_Cherry_MX_PCB_cp:1');
#998=NEXT_ASSEMBLY_USAGE_OCCURRENCE('SW_Cherry_MX_PCB_cp:1',
'SW_Cherry_MX_PCB_cp:1','SW_Cherry_MX_PCB_cp:1',#2485,#2500,
'SW_Cherry_MX_PCB_cp:1');
#999=NEXT_ASSEMBLY_USAGE_OCCURRENCE('SW_Cherry_MX_PCB_cp:1',
'SW_Cherry_MX_PCB_cp:1','SW_Cherry_MX_PCB_cp:1',#2486,#2500,
'SW_Cherry_MX_PCB_cp:1');
#1000=NEXT_ASSEMBLY_USAGE_OCCURRENCE('SW_Cherry_MX_PCB_cp:1',
'SW_Cherry_MX_PCB_cp:1','SW_Cherry_MX_PCB_cp:1',#2487,#2500,
'SW_Cherry_MX_PCB_cp:1');
#1001=NEXT_ASSEMBLY_USAGE_OCCURRENCE('SW_Cherry_MX_PCB_cp:1',
'SW_Cherry_MX_PCB_cp:1','SW_Cherry_MX_PCB_cp:1',#2488,#2500,
'SW_Cherry_MX_PCB_cp:1');
#1002=NEXT_ASSEMBLY_USAGE_OCCURRENCE('SW_Cherry_MX_PCB_cp:1',
'SW_Cherry_MX_PCB_cp:1','SW_Cherry_MX_PCB_cp:1',#2489,#2500,
'SW_Cherry_MX_PCB_cp:1');
#1003=NEXT_ASSEMBLY_USAGE_OCCURRENCE('SW_Cherry_MX_PCB_cp:1',
'SW_Cherry_MX_PCB_cp:1','SW_Cherry_MX_PCB_cp:1',#2490,#2500,
'SW_Cherry_MX_PCB_cp:1');
#1004=NEXT_ASSEMBLY_USAGE_OCCURRENCE('SW_Cherry_MX_PCB_cp:1',
'SW_Cherry_MX_PCB_cp:1','SW_Cherry_MX_PCB_cp:1',#2497,#2500,
'SW_Cherry_MX_PCB_cp:1');
#1005=NEXT_ASSEMBLY_USAGE_OCCURRENCE('SW_Cherry_MX_PCB_cp:1',
'SW_Cherry_MX_PCB_cp:1','SW_Cherry_MX_PCB_cp:1',#2498,#2500,
'SW_Cherry_MX_PCB_cp:1');
#1006=NEXT_ASSEMBLY_USAGE_OCCURRENCE('SW_Cherry_MX_PCB_cp:1',
'SW_Cherry_MX_PCB_cp:1','SW_Cherry_MX_PCB_cp:1',#2499,#2500,
'SW_Cherry_MX_PCB_cp:1');
#1007=NEXT_ASSEMBLY_USAGE_OCCURRENCE('Shell:1','Shell:1','Shell:1',#2506,
#2507,'Shell:1');
#1008=NEXT_ASSEMBLY_USAGE_OCCURRENCE('DOUT:1','DOUT:1','DOUT:1',#2506,#2508,
'DOUT:1');
#1009=NEXT_ASSEMBLY_USAGE_OCCURRENCE('DIN:1','DIN:1','DIN:1',#2506,#2509,
'DIN:1');
#1010=NEXT_ASSEMBLY_USAGE_OCCURRENCE('VSS:1','VSS:1','VSS:1',#2506,#2510,
'VSS:1');
#1011=NEXT_ASSEMBLY_USAGE_OCCURRENCE('VDD:1','VDD:1','VDD:1',#2506,#2511,
'VDD:1');
#1012=NEXT_ASSEMBLY_USAGE_OCCURRENCE('type-c v2:1','type-c v2:1',
'type-c v2:1',#2503,#2504,'type-c v2:1');
#1013=NEXT_ASSEMBLY_USAGE_OCCURRENCE('smd_button v3:1',
'smd_button v3:1','smd_button v3:1',#2503,#2505,'smd_button v3:1');
#1014=NEXT_ASSEMBLY_USAGE_OCCURRENCE('SK6805-2.4x2.7 v1:1',
'SK6805-2.4x2.7 v1:1','SK6805-2.4x2.7 v1:1',#2503,#2506,
'SK6805-2.4x2.7 v1:1');
#1015=NEXT_ASSEMBLY_USAGE_OCCURRENCE('smd_button v3(Mirror):1',
'smd_button v3(Mirror):1','smd_button v3(Mirror):1',#2503,#2512,
'smd_button v3(Mirror):1');
#1016=NEXT_ASSEMBLY_USAGE_OCCURRENCE('COMPOUND:1','COMPOUND:1',
'COMPOUND:1',#2503,#2513,'COMPOUND:1');
#1017=NEXT_ASSEMBLY_USAGE_OCCURRENCE('main:1','main:1','main:1',#2502,#2503,
'main:1');
#1018=NEXT_ASSEMBLY_USAGE_OCCURRENCE('COMPOUND (1):1','COMPOUND (1):1',
'COMPOUND (1):1',#2502,#2514,'COMPOUND (1):1');
#1019=NEXT_ASSEMBLY_USAGE_OCCURRENCE('Seeed Studio XIAO RP2040 v26:1',
'Seeed Studio XIAO RP2040 v26:1','Seeed Studio XIAO RP2040 v26:1',#2501,
#2502,'Seeed Studio XIAO RP2040 v26:1');
#1020=NEXT_ASSEMBLY_USAGE_OCCURRENCE('MX_PCB:1','MX_PCB:1','MX_PCB:1',#2479,
#2480,'MX_PCB:1');
#1021=NEXT_ASSEMBLY_USAGE_OCCURRENCE('MX_PCB:2','MX_PCB:2','MX_PCB:2',#2479,
#2481,'MX_PCB:2');
#1022=NEXT_ASSEMBLY_USAGE_OCCURRENCE('EC11:1','EC11:1','EC11:1',#2479,#2482,
'EC11:1');
#1023=NEXT_ASSEMBLY_USAGE_OCCURRENCE('MX_PCB:3','MX_PCB:3','MX_PCB:3',#2479,
#2484,'MX_PCB:3');
#1024=NEXT_ASSEMBLY_USAGE_OCCURRENCE('MX_PCB:4','MX_PCB:4','MX_PCB:4',#2479,
#2485,'MX_PCB:4');
#1025=NEXT_ASSEMBLY_USAGE_OCCURRENCE('MX_PCB:5','MX_PCB:5','MX_PCB:5',#2479,
#2486,'MX_PCB:5');
#1026=NEXT_ASSEMBLY_USAGE_OCCURRENCE('MX_PCB:6','MX_PCB:6','MX_PCB:6',#2479,
#2487,'MX_PCB:6');
#1027=NEXT_ASSEMBLY_USAGE_OCCURRENCE('MX_PCB:7','MX_PCB:7','MX_PCB:7',#2479,
#2488,'MX_PCB:7');
#1028=NEXT_ASSEMBLY_USAGE_OCCURRENCE('MX_PCB:8','MX_PCB:8','MX_PCB:8',#2479,
#2489,'MX_PCB:8');
#1029=NEXT_ASSEMBLY_USAGE_OCCURRENCE('MX_PCB:9','MX_PCB:9','MX_PCB:9',#2479,
#2490,'MX_PCB:9');
#1030=NEXT_ASSEMBLY_USAGE_OCCURRENCE('OLED_128x32:1','OLED_128x32:1',
'OLED_128x32:1',#2479,#2491,'OLED_128x32:1');
#1031=NEXT_ASSEMBLY_USAGE_OCCURRENCE('MX_PCB:10','MX_PCB:10',
'MX_PCB:10',#2479,#2497,'MX_PCB:10');
#1032=NEXT_ASSEMBLY_USAGE_OCCURRENCE('MX_PCB:11','MX_PCB:11',
'MX_PCB:11',#2479,#2498,'MX_PCB:11');
#1033=NEXT_ASSEMBLY_USAGE_OCCURRENCE('MX_PCB:12','MX_PCB:12',
'MX_PCB:12',#2479,#2499,'MX_PCB:12');
#1034=NEXT_ASSEMBLY_USAGE_OCCURRENCE('Seeed_XIAO_RP2040:1',
'Seeed_XIAO_RP2040:1','Seeed_XIAO_RP2040:1',#2479,#2501,
'Seeed_XIAO_RP2040:1');
#1035=NEXT_ASSEMBLY_USAGE_OCCURRENCE('Pya5F53_PCB:1','Pya5F53_PCB:1',
'Pya5F53_PCB:1',#2479,#2515,'Pya5F53_PCB:1');
#1036=DERIVED_UNIT_ELEMENT(#1070,1.);
#1037=DERIVED_UNIT_ELEMENT(#2305,-3.);
#1038=DERIVED_UNIT_ELEMENT(#1070,1.);
#1039=DERIVED_UNIT_ELEMENT(#2305,-3.);
#1040=DERIVED_UNIT_ELEMENT(#1070,1.);
#1041=DERIVED_UNIT_ELEMENT(#2305,-3.);
#1042=DERIVED_UNIT_ELEMENT(#1070,1.);
#1043=DERIVED_UNIT_ELEMENT(#2305,-3.);
#1044=DERIVED_UNIT_ELEMENT(#1070,1.);
#1045=DERIVED_UNIT_ELEMENT(#2305,-3.);
#1046=DERIVED_UNIT_ELEMENT(#1070,1.);
#1047=DERIVED_UNIT_ELEMENT(#2305,-3.);
#1048=DERIVED_UNIT_ELEMENT(#1070,1.);
#1049=DERIVED_UNIT_ELEMENT(#2305,-3.);
#1050=DERIVED_UNIT_ELEMENT(#1070,1.);
#1051=DERIVED_UNIT_ELEMENT(#2305,-3.);
#1052=DERIVED_UNIT_ELEMENT(#1070,1.);
#1053=DERIVED_UNIT_ELEMENT(#2305,-3.);
#1054=DERIVED_UNIT_ELEMENT(#1070,1.);
#1055=DERIVED_UNIT_ELEMENT(#2305,-3.);
#1056=DERIVED_UNIT_ELEMENT(#1070,1.);
#1057=DERIVED_UNIT_ELEMENT(#2305,-3.);
#1058=DERIVED_UNIT_ELEMENT(#1070,1.);
#1059=DERIVED_UNIT_ELEMENT(#2305,-3.);
#1060=DERIVED_UNIT_ELEMENT(#1070,1.);
#1061=DERIVED_UNIT_ELEMENT(#2305,-3.);
#1062=DERIVED_UNIT_ELEMENT(#1070,1.);
#1063=DERIVED_UNIT_ELEMENT(#2305,-3.);
#1064=DERIVED_UNIT_ELEMENT(#1070,1.);
#1065=DERIVED_UNIT_ELEMENT(#2305,-3.);
#1066=DERIVED_UNIT_ELEMENT(#1070,1.);
#1067=DERIVED_UNIT_ELEMENT(#2305,-3.);
#1068=DERIVED_UNIT_ELEMENT(#1070,1.);
#1069=DERIVED_UNIT_ELEMENT(#2305,-3.);
#1070=(
MASS_UNIT()
NAMED_UNIT(*)
SI_UNIT(.KILO.,.GRAM.)
);
#1071=DERIVED_UNIT((#1036,#1037));
#1072=DERIVED_UNIT((#1038,#1039));
#1073=DERIVED_UNIT((#1040,#1041));
#1074=DERIVED_UNIT((#1042,#1043));
#1075=DERIVED_UNIT((#1044,#1045));
#1076=DERIVED_UNIT((#1046,#1047));
#1077=DERIVED_UNIT((#1048,#1049));
#1078=DERIVED_UNIT((#1050,#1051));
#1079=DERIVED_UNIT((#1052,#1053));
#1080=DERIVED_UNIT((#1054,#1055));
#1081=DERIVED_UNIT((#1056,#1057));
#1082=DERIVED_UNIT((#1058,#1059));
#1083=DERIVED_UNIT((#1060,#1061));
#1084=DERIVED_UNIT((#1062,#1063));
#1085=DERIVED_UNIT((#1064,#1065));
#1086=DERIVED_UNIT((#1066,#1067));
#1087=DERIVED_UNIT((#1068,#1069));
#1088=MEASURE_REPRESENTATION_ITEM('density measure',
POSITIVE_RATIO_MEASURE(7850.),#1071);
#1089=MEASURE_REPRESENTATION_ITEM('density measure',
POSITIVE_RATIO_MEASURE(7850.),#1072);
#1090=MEASURE_REPRESENTATION_ITEM('density measure',
POSITIVE_RATIO_MEASURE(7850.),#1073);
#1091=MEASURE_REPRESENTATION_ITEM('density measure',
POSITIVE_RATIO_MEASURE(7850.),#1074);
#1092=MEASURE_REPRESENTATION_ITEM('density measure',
POSITIVE_RATIO_MEASURE(7850.),#1075);
#1093=MEASURE_REPRESENTATION_ITEM('density measure',
POSITIVE_RATIO_MEASURE(7850.),#1076);
#1094=MEASURE_REPRESENTATION_ITEM('density measure',
POSITIVE_RATIO_MEASURE(7850.),#1077);
#1095=MEASURE_REPRESENTATION_ITEM('density measure',
POSITIVE_RATIO_MEASURE(7.85),#1078);
#1096=MEASURE_REPRESENTATION_ITEM('density measure',
POSITIVE_RATIO_MEASURE(7.85),#1079);
#1097=MEASURE_REPRESENTATION_ITEM('density measure',
POSITIVE_RATIO_MEASURE(7.85),#1080);
#1098=MEASURE_REPRESENTATION_ITEM('density measure',
POSITIVE_RATIO_MEASURE(7.85),#1081);
#1099=MEASURE_REPRESENTATION_ITEM('density measure',
POSITIVE_RATIO_MEASURE(7.85),#1082);
#1100=MEASURE_REPRESENTATION_ITEM('density measure',
POSITIVE_RATIO_MEASURE(7.85),#1083);
#1101=MEASURE_REPRESENTATION_ITEM('density measure',
POSITIVE_RATIO_MEASURE(7.85),#1084);
#1102=MEASURE_REPRESENTATION_ITEM('density measure',
POSITIVE_RATIO_MEASURE(7850.),#1085);
#1103=MEASURE_REPRESENTATION_ITEM('density measure',
POSITIVE_RATIO_MEASURE(7850.),#1086);
#1104=MEASURE_REPRESENTATION_ITEM('density measure',
POSITIVE_RATIO_MEASURE(7850.),#1087);
#1105=PROPERTY_DEFINITION_REPRESENTATION(#1190,#1139);
#1106=PROPERTY_DEFINITION_REPRESENTATION(#1191,#1140);
#1107=PROPERTY_DEFINITION_REPRESENTATION(#1192,#1141);
#1108=PROPERTY_DEFINITION_REPRESENTATION(#1193,#1142);
#1109=PROPERTY_DEFINITION_REPRESENTATION(#1194,#1143);
#1110=PROPERTY_DEFINITION_REPRESENTATION(#1195,#1144);
#1111=PROPERTY_DEFINITION_REPRESENTATION(#1196,#1145);
#1112=PROPERTY_DEFINITION_REPRESENTATION(#1197,#1146);
#1113=PROPERTY_DEFINITION_REPRESENTATION(#1198,#1147);
#1114=PROPERTY_DEFINITION_REPRESENTATION(#1199,#1148);
#1115=PROPERTY_DEFINITION_REPRESENTATION(#1200,#1149);
#1116=PROPERTY_DEFINITION_REPRESENTATION(#1201,#1150);
#1117=PROPERTY_DEFINITION_REPRESENTATION(#1202,#1151);
#1118=PROPERTY_DEFINITION_REPRESENTATION(#1203,#1152);
#1119=PROPERTY_DEFINITION_REPRESENTATION(#1204,#1153);
#1120=PROPERTY_DEFINITION_REPRESENTATION(#1205,#1154);
#1121=PROPERTY_DEFINITION_REPRESENTATION(#1206,#1155);
#1122=PROPERTY_DEFINITION_REPRESENTATION(#1207,#1156);
#1123=PROPERTY_DEFINITION_REPRESENTATION(#1208,#1157);
#1124=PROPERTY_DEFINITION_REPRESENTATION(#1209,#1158);
#1125=PROPERTY_DEFINITION_REPRESENTATION(#1210,#1159);
#1126=PROPERTY_DEFINITION_REPRESENTATION(#1211,#1160);
#1127=PROPERTY_DEFINITION_REPRESENTATION(#1212,#1161);
#1128=PROPERTY_DEFINITION_REPRESENTATION(#1213,#1162);
#1129=PROPERTY_DEFINITION_REPRESENTATION(#1214,#1163);
#1130=PROPERTY_DEFINITION_REPRESENTATION(#1215,#1164);
#1131=PROPERTY_DEFINITION_REPRESENTATION(#1216,#1165);
#1132=PROPERTY_DEFINITION_REPRESENTATION(#1217,#1166);
#1133=PROPERTY_DEFINITION_REPRESENTATION(#1218,#1167);
#1134=PROPERTY_DEFINITION_REPRESENTATION(#1219,#1168);
#1135=PROPERTY_DEFINITION_REPRESENTATION(#1220,#1169);
#1136=PROPERTY_DEFINITION_REPRESENTATION(#1221,#1170);
#1137=PROPERTY_DEFINITION_REPRESENTATION(#1222,#1171);
#1138=PROPERTY_DEFINITION_REPRESENTATION(#1223,#1172);
#1139=REPRESENTATION('material name',(#1173),#2270);
#1140=REPRESENTATION('density',(#1088),#2270);
#1141=REPRESENTATION('material name',(#1174),#2280);
#1142=REPRESENTATION('density',(#1089),#2280);
#1143=REPRESENTATION('material name',(#1175),#2281);
#1144=REPRESENTATION('density',(#1090),#2281);
#1145=REPRESENTATION('material name',(#1176),#2282);
#1146=REPRESENTATION('density',(#1091),#2282);
#1147=REPRESENTATION('material name',(#1177),#2283);
#1148=REPRESENTATION('density',(#1092),#2283);
#1149=REPRESENTATION('material name',(#1178),#2287);
#1150=REPRESENTATION('density',(#1093),#2287);
#1151=REPRESENTATION('material name',(#1179),#2291);
#1152=REPRESENTATION('density',(#1094),#2291);
#1153=REPRESENTATION('material name',(#1180),#2292);
#1154=REPRESENTATION('density',(#1095),#2292);
#1155=REPRESENTATION('material name',(#1181),#2294);
#1156=REPRESENTATION('density',(#1096),#2294);
#1157=REPRESENTATION('material name',(#1182),#2295);
#1158=REPRESENTATION('density',(#1097),#2295);
#1159=REPRESENTATION('material name',(#1183),#2296);
#1160=REPRESENTATION('density',(#1098),#2296);
#1161=REPRESENTATION('material name',(#1184),#2297);
#1162=REPRESENTATION('density',(#1099),#2297);
#1163=REPRESENTATION('material name',(#1185),#2298);
#1164=REPRESENTATION('density',(#1100),#2298);
#1165=REPRESENTATION('material name',(#1186),#2299);
#1166=REPRESENTATION('density',(#1101),#2299);
#1167=REPRESENTATION('material name',(#1187),#2300);
#1168=REPRESENTATION('density',(#1102),#2300);
#1169=REPRESENTATION('material name',(#1188),#2301);
#1170=REPRESENTATION('density',(#1103),#2301);
#1171=REPRESENTATION('material name',(#1189),#2302);
#1172=REPRESENTATION('density',(#1104),#2302);
#1173=DESCRIPTIVE_REPRESENTATION_ITEM('Steel','Steel');
#1174=DESCRIPTIVE_REPRESENTATION_ITEM('Steel','Steel');
#1175=DESCRIPTIVE_REPRESENTATION_ITEM('Steel','Steel');
#1176=DESCRIPTIVE_REPRESENTATION_ITEM('Steel','Steel');
#1177=DESCRIPTIVE_REPRESENTATION_ITEM('Steel','Steel');
#1178=DESCRIPTIVE_REPRESENTATION_ITEM('Steel','Steel');
#1179=DESCRIPTIVE_REPRESENTATION_ITEM('Steel','Steel');
#1180=DESCRIPTIVE_REPRESENTATION_ITEM('Steel','Steel');
#1181=DESCRIPTIVE_REPRESENTATION_ITEM('Steel','Steel');
#1182=DESCRIPTIVE_REPRESENTATION_ITEM('Steel','Steel');
#1183=DESCRIPTIVE_REPRESENTATION_ITEM('Steel','Steel');
#1184=DESCRIPTIVE_REPRESENTATION_ITEM('Steel','Steel');
#1185=DESCRIPTIVE_REPRESENTATION_ITEM('Steel','Steel');
#1186=DESCRIPTIVE_REPRESENTATION_ITEM('Steel','Steel');
#1187=DESCRIPTIVE_REPRESENTATION_ITEM('Steel','Steel');
#1188=DESCRIPTIVE_REPRESENTATION_ITEM('Steel','Steel');
#1189=DESCRIPTIVE_REPRESENTATION_ITEM('Steel','Steel');
#1190=PROPERTY_DEFINITION('material property','material name',#2483);
#1191=PROPERTY_DEFINITION('material property','density of part',#2483);
#1192=PROPERTY_DEFINITION('material property','material name',#2493);
#1193=PROPERTY_DEFINITION('material property','density of part',#2493);
#1194=PROPERTY_DEFINITION('material property','material name',#2494);
#1195=PROPERTY_DEFINITION('material property','density of part',#2494);
#1196=PROPERTY_DEFINITION('material property','material name',#2495);
#1197=PROPERTY_DEFINITION('material property','density of part',#2495);
#1198=PROPERTY_DEFINITION('material property','material name',#2496);
#1199=PROPERTY_DEFINITION('material property','density of part',#2496);
#1200=PROPERTY_DEFINITION('material property','material name',#2500);
#1201=PROPERTY_DEFINITION('material property','density of part',#2500);
#1202=PROPERTY_DEFINITION('material property','material name',#2504);
#1203=PROPERTY_DEFINITION('material property','density of part',#2504);
#1204=PROPERTY_DEFINITION('material property','material name',#2505);
#1205=PROPERTY_DEFINITION('material property','density of part',#2505);
#1206=PROPERTY_DEFINITION('material property','material name',#2507);
#1207=PROPERTY_DEFINITION('material property','density of part',#2507);
#1208=PROPERTY_DEFINITION('material property','material name',#2508);
#1209=PROPERTY_DEFINITION('material property','density of part',#2508);
#1210=PROPERTY_DEFINITION('material property','material name',#2509);
#1211=PROPERTY_DEFINITION('material property','density of part',#2509);
#1212=PROPERTY_DEFINITION('material property','material name',#2510);
#1213=PROPERTY_DEFINITION('material property','density of part',#2510);
#1214=PROPERTY_DEFINITION('material property','material name',#2511);
#1215=PROPERTY_DEFINITION('material property','density of part',#2511);
#1216=PROPERTY_DEFINITION('material property','material name',#2512);
#1217=PROPERTY_DEFINITION('material property','density of part',#2512);
#1218=PROPERTY_DEFINITION('material property','material name',#2513);
#1219=PROPERTY_DEFINITION('material property','density of part',#2513);
#1220=PROPERTY_DEFINITION('material property','material name',#2514);
#1221=PROPERTY_DEFINITION('material property','density of part',#2514);
#1222=PROPERTY_DEFINITION('material property','material name',#2515);
#1223=PROPERTY_DEFINITION('material property','density of part',#2515);
#1224=AXIS2_PLACEMENT_3D('',#1808,#1396,#1397);
#1225=AXIS2_PLACEMENT_3D('',#1809,#1398,#1399);
#1226=AXIS2_PLACEMENT_3D('',#1810,#1400,#1401);
#1227=AXIS2_PLACEMENT_3D('',#1811,#1402,#1403);
#1228=AXIS2_PLACEMENT_3D('',#1812,#1404,#1405);
#1229=AXIS2_PLACEMENT_3D('',#1813,#1406,#1407);
#1230=AXIS2_PLACEMENT_3D('',#1814,#1408,#1409);
#1231=AXIS2_PLACEMENT_3D('',#1815,#1410,#1411);
#1232=AXIS2_PLACEMENT_3D('',#1816,#1412,#1413);
#1233=AXIS2_PLACEMENT_3D('',#1817,#1414,#1415);
#1234=AXIS2_PLACEMENT_3D('',#1818,#1416,#1417);
#1235=AXIS2_PLACEMENT_3D('',#1819,#1418,#1419);
#1236=AXIS2_PLACEMENT_3D('',#1820,#1420,#1421);
#1237=AXIS2_PLACEMENT_3D('',#1821,#1422,#1423);
#1238=AXIS2_PLACEMENT_3D('',#1822,#1424,#1425);
#1239=AXIS2_PLACEMENT_3D('',#1823,#1426,#1427);
#1240=AXIS2_PLACEMENT_3D('',#1824,#1428,#1429);
#1241=AXIS2_PLACEMENT_3D('',#1825,#1430,#1431);
#1242=AXIS2_PLACEMENT_3D('',#1826,#1432,#1433);
#1243=AXIS2_PLACEMENT_3D('',#1827,#1434,#1435);
#1244=AXIS2_PLACEMENT_3D('',#1828,#1436,#1437);
#1245=AXIS2_PLACEMENT_3D('',#1829,#1438,#1439);
#1246=AXIS2_PLACEMENT_3D('',#1830,#1440,#1441);
#1247=AXIS2_PLACEMENT_3D('',#1831,#1442,#1443);
#1248=AXIS2_PLACEMENT_3D('',#1832,#1444,#1445);
#1249=AXIS2_PLACEMENT_3D('',#1833,#1446,#1447);
#1250=AXIS2_PLACEMENT_3D('',#1834,#1448,#1449);
#1251=AXIS2_PLACEMENT_3D('',#1835,#1450,#1451);
#1252=AXIS2_PLACEMENT_3D('',#1836,#1452,#1453);
#1253=AXIS2_PLACEMENT_3D('',#1837,#1454,#1455);
#1254=AXIS2_PLACEMENT_3D('',#1838,#1456,#1457);
#1255=AXIS2_PLACEMENT_3D('',#1839,#1458,#1459);
#1256=AXIS2_PLACEMENT_3D('',#1840,#1460,#1461);
#1257=AXIS2_PLACEMENT_3D('',#1841,#1462,#1463);
#1258=AXIS2_PLACEMENT_3D('',#1842,#1464,#1465);
#1259=AXIS2_PLACEMENT_3D('',#1843,#1466,#1467);
#1260=AXIS2_PLACEMENT_3D('',#1844,#1468,#1469);
#1261=AXIS2_PLACEMENT_3D('',#1845,#1470,#1471);
#1262=AXIS2_PLACEMENT_3D('',#1846,#1472,#1473);
#1263=AXIS2_PLACEMENT_3D('',#1847,#1474,#1475);
#1264=AXIS2_PLACEMENT_3D('',#1848,#1476,#1477);
#1265=AXIS2_PLACEMENT_3D('',#1849,#1478,#1479);
#1266=AXIS2_PLACEMENT_3D('',#1850,#1480,#1481);
#1267=AXIS2_PLACEMENT_3D('',#1851,#1482,#1483);
#1268=AXIS2_PLACEMENT_3D('',#1852,#1484,#1485);
#1269=AXIS2_PLACEMENT_3D('',#1853,#1486,#1487);
#1270=AXIS2_PLACEMENT_3D('',#1854,#1488,#1489);
#1271=AXIS2_PLACEMENT_3D('',#1855,#1490,#1491);
#1272=AXIS2_PLACEMENT_3D('',#1856,#1492,#1493);
#1273=AXIS2_PLACEMENT_3D('',#1857,#1494,#1495);
#1274=AXIS2_PLACEMENT_3D('',#1858,#1496,#1497);
#1275=AXIS2_PLACEMENT_3D('',#1859,#1498,#1499);
#1276=AXIS2_PLACEMENT_3D('',#1860,#1500,#1501);
#1277=AXIS2_PLACEMENT_3D('',#1861,#1502,#1503);
#1278=AXIS2_PLACEMENT_3D('',#1862,#1504,#1505);
#1279=AXIS2_PLACEMENT_3D('',#1863,#1506,#1507);
#1280=AXIS2_PLACEMENT_3D('',#1864,#1508,#1509);
#1281=AXIS2_PLACEMENT_3D('',#1865,#1510,#1511);
#1282=AXIS2_PLACEMENT_3D('',#1866,#1512,#1513);
#1283=AXIS2_PLACEMENT_3D('',#1867,#1514,#1515);
#1284=AXIS2_PLACEMENT_3D('',#1868,#1516,#1517);
#1285=AXIS2_PLACEMENT_3D('',#1869,#1518,#1519);
#1286=AXIS2_PLACEMENT_3D('',#1870,#1520,#1521);
#1287=AXIS2_PLACEMENT_3D('',#1871,#1522,#1523);
#1288=AXIS2_PLACEMENT_3D('',#1872,#1524,#1525);
#1289=AXIS2_PLACEMENT_3D('',#1873,#1526,#1527);
#1290=AXIS2_PLACEMENT_3D('',#1874,#1528,#1529);
#1291=AXIS2_PLACEMENT_3D('',#1875,#1530,#1531);
#1292=AXIS2_PLACEMENT_3D('',#1876,#1532,#1533);
#1293=AXIS2_PLACEMENT_3D('',#1877,#1534,#1535);
#1294=AXIS2_PLACEMENT_3D('',#1878,#1536,#1537);
#1295=AXIS2_PLACEMENT_3D('',#1879,#1538,#1539);
#1296=AXIS2_PLACEMENT_3D('',#1880,#1540,#1541);
#1297=AXIS2_PLACEMENT_3D('',#1881,#1542,#1543);
#1298=AXIS2_PLACEMENT_3D('',#1882,#1544,#1545);
#1299=AXIS2_PLACEMENT_3D('',#1883,#1546,#1547);
#1300=AXIS2_PLACEMENT_3D('',#1884,#1548,#1549);
#1301=AXIS2_PLACEMENT_3D('',#1885,#1550,#1551);
#1302=AXIS2_PLACEMENT_3D('',#1886,#1552,#1553);
#1303=AXIS2_PLACEMENT_3D('',#1887,#1554,#1555);
#1304=AXIS2_PLACEMENT_3D('',#1888,#1556,#1557);
#1305=AXIS2_PLACEMENT_3D('',#1891,#1558,#1559);
#1306=AXIS2_PLACEMENT_3D('',#1895,#1561,#1562);
#1307=AXIS2_PLACEMENT_3D('',#1897,#1564,#1565);
#1308=AXIS2_PLACEMENT_3D('',#1908,#1566,#1567);
#1309=AXIS2_PLACEMENT_3D('',#1910,#1569,#1570);
#1310=AXIS2_PLACEMENT_3D('',#1913,#1571,#1572);
#1311=AXIS2_PLACEMENT_3D('',#1917,#1574,#1575);
#1312=AXIS2_PLACEMENT_3D('',#1919,#1577,#1578);
#1313=AXIS2_PLACEMENT_3D('',#1934,#1580,#1581);
#1314=AXIS2_PLACEMENT_3D('',#1935,#1582,#1583);
#1315=AXIS2_PLACEMENT_3D('',#1946,#1584,#1585);
#1316=AXIS2_PLACEMENT_3D('',#1947,#1586,#1587);
#1317=AXIS2_PLACEMENT_3D('',#1961,#1588,#1589);
#1318=AXIS2_PLACEMENT_3D('',#1963,#1591,#1592);
#1319=AXIS2_PLACEMENT_3D('',#1966,#1593,#1594);
#1320=AXIS2_PLACEMENT_3D('',#1970,#1596,#1597);
#1321=AXIS2_PLACEMENT_3D('',#1972,#1599,#1600);
#1322=AXIS2_PLACEMENT_3D('',#1984,#1602,#1603);
#1323=AXIS2_PLACEMENT_3D('',#1985,#1604,#1605);
#1324=AXIS2_PLACEMENT_3D('',#1996,#1606,#1607);
#1325=AXIS2_PLACEMENT_3D('',#1997,#1608,#1609);
#1326=AXIS2_PLACEMENT_3D('',#2008,#1610,#1611);
#1327=AXIS2_PLACEMENT_3D('',#2010,#1613,#1614);
#1328=AXIS2_PLACEMENT_3D('',#2013,#1615,#1616);
#1329=AXIS2_PLACEMENT_3D('',#2017,#1618,#1619);
#1330=AXIS2_PLACEMENT_3D('',#2019,#1621,#1622);
#1331=AXIS2_PLACEMENT_3D('',#2031,#1624,#1625);
#1332=AXIS2_PLACEMENT_3D('',#2032,#1626,#1627);
#1333=AXIS2_PLACEMENT_3D('',#2043,#1628,#1629);
#1334=AXIS2_PLACEMENT_3D('',#2044,#1630,#1631);
#1335=AXIS2_PLACEMENT_3D('',#2055,#1632,#1633);
#1336=AXIS2_PLACEMENT_3D('',#2057,#1635,#1636);
#1337=AXIS2_PLACEMENT_3D('',#2069,#1638,#1639);
#1338=AXIS2_PLACEMENT_3D('',#2070,#1640,#1641);
#1339=AXIS2_PLACEMENT_3D('',#2081,#1642,#1643);
#1340=AXIS2_PLACEMENT_3D('',#2082,#1644,#1645);
#1341=AXIS2_PLACEMENT_3D('',#2086,#1647,#1648);
#1342=AXIS2_PLACEMENT_3D('',#2088,#1650,#1651);
#1343=AXIS2_PLACEMENT_3D('',#2092,#1654,#1655);
#1344=AXIS2_PLACEMENT_3D('',#2095,#1657,#1658);
#1345=AXIS2_PLACEMENT_3D('',#2096,#1659,#1660);
#1346=AXIS2_PLACEMENT_3D('',#2100,#1663,#1664);
#1347=AXIS2_PLACEMENT_3D('',#2101,#1665,#1666);
#1348=AXIS2_PLACEMENT_3D('',#2104,#1668,#1669);
#1349=AXIS2_PLACEMENT_3D('',#2105,#1670,#1671);
#1350=AXIS2_PLACEMENT_3D('',#2107,#1672,#1673);
#1351=AXIS2_PLACEMENT_3D('',#2110,#1675,#1676);
#1352=AXIS2_PLACEMENT_3D('',#2111,#1677,#1678);
#1353=AXIS2_PLACEMENT_3D('',#2112,#1679,#1680);
#1354=AXIS2_PLACEMENT_3D('',#2116,#1682,#1683);
#1355=AXIS2_PLACEMENT_3D('',#2118,#1685,#1686);
#1356=AXIS2_PLACEMENT_3D('',#2122,#1689,#1690);
#1357=AXIS2_PLACEMENT_3D('',#2124,#1692,#1693);
#1358=AXIS2_PLACEMENT_3D('',#2126,#1694,#1695);
#1359=AXIS2_PLACEMENT_3D('',#2152,#1708,#1709);
#1360=AXIS2_PLACEMENT_3D('',#2153,#1710,#1711);
#1361=AXIS2_PLACEMENT_3D('',#2154,#1712,#1713);
#1362=AXIS2_PLACEMENT_3D('',#2155,#1714,#1715);
#1363=AXIS2_PLACEMENT_3D('',#2157,#1717,#1718);
#1364=AXIS2_PLACEMENT_3D('',#2163,#1722,#1723);
#1365=AXIS2_PLACEMENT_3D('',#2167,#1726,#1727);
#1366=AXIS2_PLACEMENT_3D('',#2171,#1730,#1731);
#1367=AXIS2_PLACEMENT_3D('',#2175,#1734,#1735);
#1368=AXIS2_PLACEMENT_3D('',#2179,#1738,#1739);
#1369=AXIS2_PLACEMENT_3D('',#2183,#1742,#1743);
#1370=AXIS2_PLACEMENT_3D('',#2187,#1746,#1747);
#1371=AXIS2_PLACEMENT_3D('',#2191,#1750,#1751);
#1372=AXIS2_PLACEMENT_3D('',#2195,#1754,#1755);
#1373=AXIS2_PLACEMENT_3D('',#2199,#1758,#1759);
#1374=AXIS2_PLACEMENT_3D('',#2203,#1762,#1763);
#1375=AXIS2_PLACEMENT_3D('',#2205,#1765,#1766);
#1376=AXIS2_PLACEMENT_3D('',#2207,#1767,#1768);
#1377=AXIS2_PLACEMENT_3D('',#2209,#1770,#1771);
#1378=AXIS2_PLACEMENT_3D('',#2210,#1772,#1773);
#1379=AXIS2_PLACEMENT_3D('',#2211,#1774,#1775);
#1380=AXIS2_PLACEMENT_3D('',#2212,#1776,#1777);
#1381=AXIS2_PLACEMENT_3D('',#2213,#1778,#1779);
#1382=AXIS2_PLACEMENT_3D('',#2214,#1780,#1781);
#1383=AXIS2_PLACEMENT_3D('',#2215,#1782,#1783);
#1384=AXIS2_PLACEMENT_3D('',#2216,#1784,#1785);
#1385=AXIS2_PLACEMENT_3D('',#2217,#1786,#1787);
#1386=AXIS2_PLACEMENT_3D('',#2218,#1788,#1789);
#1387=AXIS2_PLACEMENT_3D('',#2219,#1790,#1791);
#1388=AXIS2_PLACEMENT_3D('',#2220,#1792,#1793);
#1389=AXIS2_PLACEMENT_3D('',#2221,#1794,#1795);
#1390=AXIS2_PLACEMENT_3D('',#2222,#1796,#1797);
#1391=AXIS2_PLACEMENT_3D('',#2223,#1798,#1799);
#1392=AXIS2_PLACEMENT_3D('',#2224,#1800,#1801);
#1393=AXIS2_PLACEMENT_3D('',#2225,#1802,#1803);
#1394=AXIS2_PLACEMENT_3D('',#2226,#1804,#1805);
#1395=AXIS2_PLACEMENT_3D('',#2227,#1806,#1807);
#1396=DIRECTION('axis',(0.,0.,1.));
#1397=DIRECTION('refdir',(1.,0.,0.));
#1398=DIRECTION('axis',(0.,0.,1.));
#1399=DIRECTION('refdir',(1.,0.,0.));
#1400=DIRECTION('axis',(0.,0.,1.));
#1401=DIRECTION('refdir',(1.,0.,0.));
#1402=DIRECTION('axis',(0.,0.,1.));
#1403=DIRECTION('refdir',(1.,0.,0.));
#1404=DIRECTION('axis',(0.,0.,1.));
#1405=DIRECTION('refdir',(1.,0.,0.));
#1406=DIRECTION('',(6.84227765779631E-49,0.,1.));
#1407=DIRECTION('',(1.,0.,1.36845553156701E-48));
#1408=DIRECTION('axis',(0.,0.,1.));
#1409=DIRECTION('refdir',(1.,0.,0.));
#1410=DIRECTION('axis',(0.,0.,1.));
#1411=DIRECTION('refdir',(1.,0.,0.));
#1412=DIRECTION('axis',(0.,0.,1.));
#1413=DIRECTION('refdir',(1.,0.,0.));
#1414=DIRECTION('axis',(0.,0.,1.));
#1415=DIRECTION('refdir',(1.,0.,0.));
#1416=DIRECTION('axis',(0.,0.,1.));
#1417=DIRECTION('refdir',(1.,0.,0.));
#1418=DIRECTION('axis',(0.,0.,1.));
#1419=DIRECTION('refdir',(1.,0.,0.));
#1420=DIRECTION('axis',(0.,0.,1.));
#1421=DIRECTION('refdir',(1.,0.,0.));
#1422=DIRECTION('axis',(0.,0.,1.));
#1423=DIRECTION('refdir',(1.,0.,0.));
#1424=DIRECTION('axis',(0.,0.,1.));
#1425=DIRECTION('refdir',(1.,0.,0.));
#1426=DIRECTION('axis',(0.,0.,1.));
#1427=DIRECTION('refdir',(1.,0.,0.));
#1428=DIRECTION('axis',(0.,0.,1.));
#1429=DIRECTION('refdir',(1.,0.,0.));
#1430=DIRECTION('axis',(0.,0.,1.));
#1431=DIRECTION('refdir',(1.,0.,0.));
#1432=DIRECTION('axis',(0.,0.,1.));
#1433=DIRECTION('refdir',(1.,0.,0.));
#1434=DIRECTION('',(0.,0.,1.));
#1435=DIRECTION('',(1.,-1.51929083931297E-64,0.));
#1436=DIRECTION('',(0.,-1.75162308040602E-46,1.));
#1437=DIRECTION('',(1.,-2.892040478347E-33,0.));
#1438=DIRECTION('',(0.,0.,-1.));
#1439=DIRECTION('',(1.,-1.51929083931297E-64,0.));
#1440=DIRECTION('',(0.,0.,-1.));
#1441=DIRECTION('',(1.,-1.51929083931297E-64,0.));
#1442=DIRECTION('',(0.,0.,-1.));
#1443=DIRECTION('',(1.,-1.51929083931297E-64,0.));
#1444=DIRECTION('',(0.,0.,-1.));
#1445=DIRECTION('',(1.,-1.51929083931297E-64,0.));
#1446=DIRECTION('',(0.,0.,-1.));
#1447=DIRECTION('',(1.,-1.51929083931297E-64,0.));
#1448=DIRECTION('',(0.,0.,-1.));
#1449=DIRECTION('',(1.,-1.51929083931297E-64,0.));
#1450=DIRECTION('',(0.,0.,-1.));
#1451=DIRECTION('',(1.,-1.51929083931297E-64,0.));
#1452=DIRECTION('',(0.,0.,-1.));
#1453=DIRECTION('',(1.,-1.51929083931297E-64,0.));
#1454=DIRECTION('',(0.,0.,-1.));
#1455=DIRECTION('',(1.,-1.51929083931297E-64,0.));
#1456=DIRECTION('',(0.,0.,-1.));
#1457=DIRECTION('',(1.,-1.51929083931297E-64,0.));
#1458=DIRECTION('',(0.,0.,-1.));
#1459=DIRECTION('',(1.,-1.51929083931297E-64,0.));
#1460=DIRECTION('',(0.,0.,-1.));
#1461=DIRECTION('',(1.,-1.51929083931297E-64,0.));
#1462=DIRECTION('',(0.,0.,-1.));
#1463=DIRECTION('',(1.,-1.51929083931297E-64,0.));
#1464=DIRECTION('',(-1.337789924077E-17,1.,-2.465190328816E-32));
#1465=DIRECTION('',(1.,1.337789924077E-17,-1.249000902703E-16));
#1466=DIRECTION('',(0.,0.,1.));
#1467=DIRECTION('',(1.,-1.51929083931297E-64,0.));
#1468=DIRECTION('axis',(0.,0.,1.));
#1469=DIRECTION('refdir',(1.,0.,0.));
#1470=DIRECTION('axis',(0.,0.,1.));
#1471=DIRECTION('refdir',(1.,0.,0.));
#1472=DIRECTION('axis',(0.,0.,1.));
#1473=DIRECTION('refdir',(1.,0.,0.));
#1474=DIRECTION('axis',(0.,0.,1.));
#1475=DIRECTION('refdir',(1.,0.,0.));
#1476=DIRECTION('',(0.,0.,1.));
#1477=DIRECTION('',(1.,-1.51929083931297E-64,0.));
#1478=DIRECTION('',(0.,0.,1.));
#1479=DIRECTION('',(1.,-1.51929083931297E-64,0.));
#1480=DIRECTION('',(0.,0.,1.));
#1481=DIRECTION('',(1.,-1.51929083931297E-64,0.));
#1482=DIRECTION('',(0.,0.,1.));
#1483=DIRECTION('',(1.,-1.51929083931297E-64,0.));
#1484=DIRECTION('',(0.,0.,1.));
#1485=DIRECTION('',(1.,-1.51929083931297E-64,0.));
#1486=DIRECTION('',(0.,0.,1.));
#1487=DIRECTION('',(1.,-1.51929083931297E-64,0.));
#1488=DIRECTION('',(0.,0.,1.));
#1489=DIRECTION('',(1.,-1.51929083931297E-64,0.));
#1490=DIRECTION('',(0.,0.,1.));
#1491=DIRECTION('',(1.,-1.51929083931297E-64,0.));
#1492=DIRECTION('',(0.,0.,1.));
#1493=DIRECTION('',(1.,-1.51929083931297E-64,0.));
#1494=DIRECTION('',(0.,0.,1.));
#1495=DIRECTION('',(1.,-1.51929083931297E-64,0.));
#1496=DIRECTION('',(0.,0.,1.));
#1497=DIRECTION('',(1.,-1.51929083931297E-64,0.));
#1498=DIRECTION('',(0.,0.,1.));
#1499=DIRECTION('',(1.,-1.51929083931297E-64,0.));
#1500=DIRECTION('axis',(0.,0.,1.));
#1501=DIRECTION('refdir',(1.,0.,0.));
#1502=DIRECTION('axis',(0.,0.,1.));
#1503=DIRECTION('refdir',(1.,0.,0.));
#1504=DIRECTION('axis',(0.,0.,1.));
#1505=DIRECTION('refdir',(1.,0.,0.));
#1506=DIRECTION('axis',(0.,0.,1.));
#1507=DIRECTION('refdir',(1.,0.,0.));
#1508=DIRECTION('axis',(0.,0.,1.));
#1509=DIRECTION('refdir',(1.,0.,0.));
#1510=DIRECTION('axis',(0.,0.,1.));
#1511=DIRECTION('refdir',(1.,0.,0.));
#1512=DIRECTION('axis',(0.,0.,1.));
#1513=DIRECTION('refdir',(1.,0.,0.));
#1514=DIRECTION('axis',(0.,0.,1.));
#1515=DIRECTION('refdir',(1.,0.,0.));
#1516=DIRECTION('axis',(0.,0.,1.));
#1517=DIRECTION('refdir',(1.,0.,0.));
#1518=DIRECTION('axis',(0.,0.,1.));
#1519=DIRECTION('refdir',(1.,0.,0.));
#1520=DIRECTION('axis',(0.,0.,1.));
#1521=DIRECTION('refdir',(1.,0.,0.));
#1522=DIRECTION('',(-1.09476442525376E-47,2.46519032881566E-32,1.));
#1523=DIRECTION('',(1.,2.46519032881566E-32,0.));
#1524=DIRECTION('',(-1.09476442525376E-47,2.46519032881566E-32,1.));
#1525=DIRECTION('',(1.,2.46519032881566E-32,0.));
#1526=DIRECTION('',(-1.09476442525376E-47,2.46519032881566E-32,1.));
#1527=DIRECTION('',(1.,2.46519032881566E-32,0.));
#1528=DIRECTION('',(-1.09476442525376E-47,2.46519032881566E-32,1.));
#1529=DIRECTION('',(1.,2.46519032881566E-32,0.));
#1530=DIRECTION('',(-1.09476442525376E-47,2.46519032881566E-32,1.));
#1531=DIRECTION('',(1.,2.46519032881566E-32,0.));
#1532=DIRECTION('axis',(0.,0.,1.));
#1533=DIRECTION('refdir',(1.,0.,0.));
#1534=DIRECTION('axis',(0.,0.,1.));
#1535=DIRECTION('refdir',(1.,0.,0.));
#1536=DIRECTION('',(2.643916627655E-30,-3.006609133585E-15,-1.));
#1537=DIRECTION('',(-1.,-1.346145417358E-15,1.40341647930715E-30));
#1538=DIRECTION('',(-1.09476442525376E-47,2.46519032881566E-32,1.));
#1539=DIRECTION('',(1.,2.46519032881566E-32,0.));
#1540=DIRECTION('',(-1.09476442525376E-47,2.46519032881566E-32,1.));
#1541=DIRECTION('',(1.,2.46519032881566E-32,0.));
#1542=DIRECTION('',(1.09476442525376E-47,-2.46519032881566E-32,-1.));
#1543=DIRECTION('',(-1.,1.771070063092E-13,-1.12103877145985E-44));
#1544=DIRECTION('',(-1.09476442525376E-47,2.46519032881566E-32,1.));
#1545=DIRECTION('',(1.,2.46519032881566E-32,0.));
#1546=DIRECTION('axis',(0.,0.,1.));
#1547=DIRECTION('refdir',(1.,0.,0.));
#1548=DIRECTION('',(-1.09476442525376E-47,2.46519032881566E-32,1.));
#1549=DIRECTION('',(1.,2.46519032881566E-32,0.));
#1550=DIRECTION('',(-1.09476442525376E-47,2.46519032881566E-32,1.));
#1551=DIRECTION('',(1.,2.46519032881566E-32,0.));
#1552=DIRECTION('',(-1.09476442525376E-47,2.46519032881566E-32,1.));
#1553=DIRECTION('',(1.,2.46519032881566E-32,0.));
#1554=DIRECTION('axis',(0.,0.,1.));
#1555=DIRECTION('refdir',(1.,0.,0.));
#1556=DIRECTION('center_axis',(-1.,0.,0.));
#1557=DIRECTION('ref_axis',(0.,0.707106781186548,0.707106781186548));
#1558=DIRECTION('center_axis',(-1.,0.,0.));
#1559=DIRECTION('ref_axis',(0.,0.,1.));
#1560=DIRECTION('',(-1.,0.,0.));
#1561=DIRECTION('center_axis',(1.,0.,-4.4408920985006E-15));
#1562=DIRECTION('ref_axis',(0.,1.,0.));
#1563=DIRECTION('',(1.,0.,0.));
#1564=DIRECTION('center_axis',(1.,0.,0.));
#1565=DIRECTION('ref_axis',(0.,0.707106781186544,0.707106781186551));
#1566=DIRECTION('center_axis',(-1.,0.,0.));
#1567=DIRECTION('ref_axis',(0.,0.,1.));
#1568=DIRECTION('',(-1.,0.,0.));
#1569=DIRECTION('center_axis',(0.,1.,0.));
#1570=DIRECTION('ref_axis',(0.707106781186538,0.,0.707106781186557));
#1571=DIRECTION('center_axis',(0.,1.,0.));
#1572=DIRECTION('ref_axis',(0.,0.,1.));
#1573=DIRECTION('',(0.,1.,0.));
#1574=DIRECTION('center_axis',(0.,-1.,-4.4408920985006E-15));
#1575=DIRECTION('ref_axis',(1.,0.,0.));
#1576=DIRECTION('',(0.,-1.,0.));
#1577=DIRECTION('center_axis',(0.,-1.,0.));
#1578=DIRECTION('ref_axis',(0.707106781186538,0.,0.707106781186557));
#1579=DIRECTION('',(0.,1.,0.));
#1580=DIRECTION('center_axis',(0.,-1.,0.));
#1581=DIRECTION('ref_axis',(1.,0.,0.));
#1582=DIRECTION('center_axis',(0.,0.,-1.));
#1583=DIRECTION('ref_axis',(-1.,0.,0.));
#1584=DIRECTION('center_axis',(0.,0.,1.));
#1585=DIRECTION('ref_axis',(0.707106781186547,0.707106781186548,0.));
#1586=DIRECTION('center_axis',(0.,-1.,0.));
#1587=DIRECTION('ref_axis',(0.707106781186538,0.,0.707106781186557));
#1588=DIRECTION('center_axis',(0.,1.,0.));
#1589=DIRECTION('ref_axis',(0.,0.,1.));
#1590=DIRECTION('',(0.,1.,0.));
#1591=DIRECTION('center_axis',(1.,0.,0.));
#1592=DIRECTION('ref_axis',(0.,-0.707106781186538,0.707106781186557));
#1593=DIRECTION('center_axis',(1.,0.,0.));
#1594=DIRECTION('ref_axis',(0.,0.,1.));
#1595=DIRECTION('',(1.,0.,0.));
#1596=DIRECTION('center_axis',(-1.,0.,0.));
#1597=DIRECTION('ref_axis',(0.,-1.,0.));
#1598=DIRECTION('',(-1.,0.,0.));
#1599=DIRECTION('center_axis',(-1.,0.,0.));
#1600=DIRECTION('ref_axis',(0.,-0.707106781186538,0.707106781186557));
#1601=DIRECTION('',(1.,0.,0.));
#1602=DIRECTION('center_axis',(-1.,0.,0.));
#1603=DIRECTION('ref_axis',(0.,-1.,0.));
#1604=DIRECTION('center_axis',(0.,0.,-1.));
#1605=DIRECTION('ref_axis',(-1.,0.,0.));
#1606=DIRECTION('center_axis',(0.,0.,1.));
#1607=DIRECTION('ref_axis',(0.707106781186547,-0.707106781186547,0.));
#1608=DIRECTION('center_axis',(-1.,0.,0.));
#1609=DIRECTION('ref_axis',(0.,-0.707106781186538,0.707106781186557));
#1610=DIRECTION('center_axis',(1.,0.,0.));
#1611=DIRECTION('ref_axis',(0.,0.,1.));
#1612=DIRECTION('',(1.,0.,0.));
#1613=DIRECTION('center_axis',(0.,-1.,0.));
#1614=DIRECTION('ref_axis',(-0.707106781186548,0.,0.707106781186548));
#1615=DIRECTION('center_axis',(0.,-1.,0.));
#1616=DIRECTION('ref_axis',(0.,0.,1.));
#1617=DIRECTION('',(0.,-1.,0.));
#1618=DIRECTION('center_axis',(0.,1.,0.));
#1619=DIRECTION('ref_axis',(-1.,0.,0.));
#1620=DIRECTION('',(0.,1.,0.));
#1621=DIRECTION('center_axis',(0.,1.,0.));
#1622=DIRECTION('ref_axis',(-0.707106781186544,0.,0.707106781186551));
#1623=DIRECTION('',(0.,-1.,0.));
#1624=DIRECTION('center_axis',(0.,1.,0.));
#1625=DIRECTION('ref_axis',(-1.,0.,0.));
#1626=DIRECTION('center_axis',(0.,0.,-1.));
#1627=DIRECTION('ref_axis',(-1.,0.,0.));
#1628=DIRECTION('center_axis',(0.,0.,1.));
#1629=DIRECTION('ref_axis',(-0.707106781186548,-0.707106781186547,0.));
#1630=DIRECTION('center_axis',(0.,1.,0.));
#1631=DIRECTION('ref_axis',(-0.707106781186544,0.,0.707106781186551));
#1632=DIRECTION('center_axis',(0.,-1.,0.));
#1633=DIRECTION('ref_axis',(0.,0.,1.));
#1634=DIRECTION('',(0.,-1.,0.));
#1635=DIRECTION('center_axis',(1.,0.,0.));
#1636=DIRECTION('ref_axis',(0.,0.707106781186544,0.707106781186551));
#1637=DIRECTION('',(-1.,0.,0.));
#1638=DIRECTION('center_axis',(1.,0.,0.));
#1639=DIRECTION('ref_axis',(0.,1.,0.));
#1640=DIRECTION('center_axis',(0.,0.,-1.));
#1641=DIRECTION('ref_axis',(-1.,0.,0.));
#1642=DIRECTION('center_axis',(0.,0.,1.));
#1643=DIRECTION('ref_axis',(-0.707106781186547,0.707106781186547,0.));
#1644=DIRECTION('center_axis',(0.,0.,1.));
#1645=DIRECTION('ref_axis',(0.707106781186547,-0.707106781186547,0.));
#1646=DIRECTION('',(0.,0.,-1.));
#1647=DIRECTION('center_axis',(0.,0.,1.));
#1648=DIRECTION('ref_axis',(0.707106781186547,-0.707106781186547,0.));
#1649=DIRECTION('',(0.,0.,1.));
#1650=DIRECTION('center_axis',(0.,-1.,0.));
#1651=DIRECTION('ref_axis',(1.,0.,0.));
#1652=DIRECTION('',(0.,0.,1.));
#1653=DIRECTION('',(-1.,0.,0.));
#1654=DIRECTION('center_axis',(0.,0.,1.));
#1655=DIRECTION('ref_axis',(-0.707106781186547,-0.707106781186547,0.));
#1656=DIRECTION('',(0.,0.,-1.));
#1657=DIRECTION('center_axis',(0.,0.,1.));
#1658=DIRECTION('ref_axis',(-0.707106781186547,-0.707106781186547,0.));
#1659=DIRECTION('center_axis',(-1.,0.,0.));
#1660=DIRECTION('ref_axis',(0.,-1.,0.));
#1661=DIRECTION('',(0.,0.,1.));
#1662=DIRECTION('',(0.,1.,0.));
#1663=DIRECTION('center_axis',(0.,0.,1.));
#1664=DIRECTION('ref_axis',(-1.,0.,0.));
#1665=DIRECTION('center_axis',(0.,0.,-1.));
#1666=DIRECTION('ref_axis',(-1.,0.,0.));
#1667=DIRECTION('',(0.,0.,-1.));
#1668=DIRECTION('center_axis',(0.,0.,-1.));
#1669=DIRECTION('ref_axis',(-1.,0.,0.));
#1670=DIRECTION('center_axis',(0.,0.,1.));
#1671=DIRECTION('ref_axis',(-1.,0.,0.));
#1672=DIRECTION('center_axis',(0.,0.,-1.));
#1673=DIRECTION('ref_axis',(-1.,0.,0.));
#1674=DIRECTION('',(0.,0.,-1.));
#1675=DIRECTION('center_axis',(0.,0.,-1.));
#1676=DIRECTION('ref_axis',(-1.,0.,0.));
#1677=DIRECTION('center_axis',(0.,0.,-1.));
#1678=DIRECTION('ref_axis',(-1.,0.,0.));
#1679=DIRECTION('center_axis',(0.,0.,1.));
#1680=DIRECTION('ref_axis',(0.707106781186547,0.707106781186547,0.));
#1681=DIRECTION('',(0.,0.,-1.));
#1682=DIRECTION('center_axis',(0.,0.,1.));
#1683=DIRECTION('ref_axis',(0.707106781186547,0.707106781186547,0.));
#1684=DIRECTION('',(0.,0.,1.));
#1685=DIRECTION('center_axis',(0.,1.,0.));
#1686=DIRECTION('ref_axis',(-1.,0.,0.));
#1687=DIRECTION('',(1.,0.,0.));
#1688=DIRECTION('',(0.,0.,-1.));
#1689=DIRECTION('center_axis',(0.,0.,1.));
#1690=DIRECTION('ref_axis',(-1.,0.,0.));
#1691=DIRECTION('',(0.,-1.,0.));
#1692=DIRECTION('center_axis',(0.,0.,1.));
#1693=DIRECTION('ref_axis',(-0.707106781186547,0.707106781186547,0.));
#1694=DIRECTION('center_axis',(0.,0.,-1.));
#1695=DIRECTION('ref_axis',(-1.,0.,0.));
#1696=DIRECTION('',(0.,1.,0.));
#1697=DIRECTION('',(1.,0.,0.));
#1698=DIRECTION('',(0.,1.,0.));
#1699=DIRECTION('',(-1.,0.,0.));
#1700=DIRECTION('',(0.,-1.,0.));
#1701=DIRECTION('',(1.,0.,0.));
#1702=DIRECTION('',(0.,-1.,0.));
#1703=DIRECTION('',(1.,0.,0.));
#1704=DIRECTION('',(0.,1.,0.));
#1705=DIRECTION('',(1.,0.,0.));
#1706=DIRECTION('',(0.,-1.,0.));
#1707=DIRECTION('',(1.,0.,0.));
#1708=DIRECTION('center_axis',(0.,0.,-1.));
#1709=DIRECTION('ref_axis',(-1.,0.,0.));
#1710=DIRECTION('center_axis',(0.,0.,1.));
#1711=DIRECTION('ref_axis',(-0.707106781186547,0.707106781186547,0.));
#1712=DIRECTION('center_axis',(0.,0.,1.));
#1713=DIRECTION('ref_axis',(-1.,0.,0.));
#1714=DIRECTION('center_axis',(0.,0.,-1.));
#1715=DIRECTION('ref_axis',(-1.,0.,0.));
#1716=DIRECTION('',(0.,0.,-1.));
#1717=DIRECTION('center_axis',(0.,-1.,0.));
#1718=DIRECTION('ref_axis',(1.,0.,0.));
#1719=DIRECTION('',(0.,0.,1.));
#1720=DIRECTION('',(1.,0.,0.));
#1721=DIRECTION('',(0.,0.,1.));
#1722=DIRECTION('center_axis',(1.,0.,0.));
#1723=DIRECTION('ref_axis',(0.,1.,0.));
#1724=DIRECTION('',(0.,1.,0.));
#1725=DIRECTION('',(0.,0.,1.));
#1726=DIRECTION('center_axis',(0.,1.,0.));
#1727=DIRECTION('ref_axis',(-1.,0.,0.));
#1728=DIRECTION('',(-1.,0.,0.));
#1729=DIRECTION('',(0.,0.,1.));
#1730=DIRECTION('center_axis',(-1.,0.,0.));
#1731=DIRECTION('ref_axis',(0.,-1.,0.));
#1732=DIRECTION('',(0.,-1.,0.));
#1733=DIRECTION('',(0.,0.,1.));
#1734=DIRECTION('center_axis',(0.,-1.,0.));
#1735=DIRECTION('ref_axis',(1.,0.,0.));
#1736=DIRECTION('',(1.,0.,0.));
#1737=DIRECTION('',(0.,0.,1.));
#1738=DIRECTION('center_axis',(-1.,0.,0.));
#1739=DIRECTION('ref_axis',(0.,-1.,0.));
#1740=DIRECTION('',(0.,-1.,0.));
#1741=DIRECTION('',(0.,0.,1.));
#1742=DIRECTION('center_axis',(0.,-1.,0.));
#1743=DIRECTION('ref_axis',(1.,0.,0.));
#1744=DIRECTION('',(1.,0.,0.));
#1745=DIRECTION('',(0.,0.,1.));
#1746=DIRECTION('center_axis',(1.,0.,0.));
#1747=DIRECTION('ref_axis',(0.,1.,0.));
#1748=DIRECTION('',(0.,1.,0.));
#1749=DIRECTION('',(0.,0.,1.));
#1750=DIRECTION('center_axis',(0.,-1.,0.));
#1751=DIRECTION('ref_axis',(1.,0.,0.));
#1752=DIRECTION('',(1.,0.,0.));
#1753=DIRECTION('',(0.,0.,1.));
#1754=DIRECTION('center_axis',(-1.,0.,0.));
#1755=DIRECTION('ref_axis',(0.,-1.,0.));
#1756=DIRECTION('',(0.,-1.,0.));
#1757=DIRECTION('',(0.,0.,1.));
#1758=DIRECTION('center_axis',(0.,-1.,0.));
#1759=DIRECTION('ref_axis',(1.,0.,0.));
#1760=DIRECTION('',(1.,0.,0.));
#1761=DIRECTION('',(0.,0.,1.));
#1762=DIRECTION('center_axis',(1.,0.,0.));
#1763=DIRECTION('ref_axis',(0.,1.,0.));
#1764=DIRECTION('',(0.,1.,0.));
#1765=DIRECTION('center_axis',(0.,0.,1.));
#1766=DIRECTION('ref_axis',(-1.,0.,0.));
#1767=DIRECTION('center_axis',(0.,0.,-1.));
#1768=DIRECTION('ref_axis',(-1.,0.,0.));
#1769=DIRECTION('',(0.,0.,-1.));
#1770=DIRECTION('center_axis',(0.,0.,-1.));
#1771=DIRECTION('ref_axis',(-1.,0.,0.));
#1772=DIRECTION('center_axis',(1.,0.,0.));
#1773=DIRECTION('ref_axis',(0.,1.,0.));
#1774=DIRECTION('center_axis',(0.,0.,1.));
#1775=DIRECTION('ref_axis',(-1.,0.,0.));
#1776=DIRECTION('',(9.86076131526264E-32,6.16297582200427E-33,1.));
#1777=DIRECTION('',(1.,1.36845553156662E-47,2.46519032881566E-32));
#1778=DIRECTION('',(9.86076131526264E-32,6.16297582200427E-33,1.));
#1779=DIRECTION('',(1.,1.36845553156662E-47,2.46519032881566E-32));
#1780=DIRECTION('',(-0.999999999999999,-1.110223024625E-16,1.110223024625E-16));
#1781=DIRECTION('',(1.110223024625E-16,-1.,1.23259516440783E-32));
#1782=DIRECTION('',(9.86076131526264E-32,6.16297582200427E-33,1.));
#1783=DIRECTION('',(1.,1.36845553156662E-47,2.46519032881566E-32));
#1784=DIRECTION('',(9.86076131526264E-32,6.16297582200427E-33,1.));
#1785=DIRECTION('',(1.,1.36845553156662E-47,2.46519032881566E-32));
#1786=DIRECTION('',(9.86076131526264E-32,6.16297582200427E-33,1.));
#1787=DIRECTION('',(1.,1.36845553156662E-47,2.46519032881566E-32));
#1788=DIRECTION('',(9.86076131526264E-32,6.16297582200427E-33,1.));
#1789=DIRECTION('',(1.,1.36845553156662E-47,2.46519032881566E-32));
#1790=DIRECTION('',(9.86076131526264E-32,6.16297582200427E-33,1.));
#1791=DIRECTION('',(1.,1.36845553156662E-47,2.46519032881566E-32));
#1792=DIRECTION('',(9.86076131526264E-32,6.16297582200427E-33,1.));
#1793=DIRECTION('',(1.,1.36845553156662E-47,2.46519032881566E-32));
#1794=DIRECTION('',(9.86076131526264E-32,6.16297582200427E-33,1.));
#1795=DIRECTION('',(1.,1.36845553156662E-47,2.46519032881566E-32));
#1796=DIRECTION('',(9.86076131526264E-32,6.16297582200427E-33,1.));
#1797=DIRECTION('',(1.,1.36845553156662E-47,2.46519032881566E-32));
#1798=DIRECTION('',(9.86076131526264E-32,6.16297582200427E-33,1.));
#1799=DIRECTION('',(1.,1.36845553156662E-47,2.46519032881566E-32));
#1800=DIRECTION('',(9.86076131526264E-32,6.16297582200427E-33,1.));
#1801=DIRECTION('',(1.,1.36845553156662E-47,2.46519032881566E-32));
#1802=DIRECTION('',(9.86076131526264E-32,6.16297582200427E-33,1.));
#1803=DIRECTION('',(1.,1.36845553156662E-47,2.46519032881566E-32));
#1804=DIRECTION('',(-8.36100153260065E-32,1.224646799147E-16,-1.));
#1805=DIRECTION('',(-1.,1.224646799147E-16,-2.46519032881667E-32));
#1806=DIRECTION('',(9.86076131526264E-32,6.16297582200427E-33,1.));
#1807=DIRECTION('',(1.,1.36845553156662E-47,2.46519032881566E-32));
#1808=CARTESIAN_POINT('',(0.,0.,0.));
#1809=CARTESIAN_POINT('',(0.,0.,0.));
#1810=CARTESIAN_POINT('',(0.,0.,0.));
#1811=CARTESIAN_POINT('',(0.,0.,0.));
#1812=CARTESIAN_POINT('',(0.,0.,0.));
#1813=CARTESIAN_POINT('',(8.88178419700125E-16,0.,-1.77635683940025E-15));
#1814=CARTESIAN_POINT('',(0.,0.,0.));
#1815=CARTESIAN_POINT('',(0.,0.,0.));
#1816=CARTESIAN_POINT('',(0.,0.,0.));
#1817=CARTESIAN_POINT('',(0.,0.,0.));
#1818=CARTESIAN_POINT('',(0.,0.,0.));
#1819=CARTESIAN_POINT('',(0.,0.,0.));
#1820=CARTESIAN_POINT('',(0.,0.,0.));
#1821=CARTESIAN_POINT('',(0.,0.,0.));
#1822=CARTESIAN_POINT('',(0.,0.,0.));
#1823=CARTESIAN_POINT('',(0.,0.,0.));
#1824=CARTESIAN_POINT('',(0.,0.,0.));
#1825=CARTESIAN_POINT('',(0.,0.,0.));
#1826=CARTESIAN_POINT('',(0.,0.,0.));
#1827=CARTESIAN_POINT('',(8.88178419700125E-16,-8.88178419700125E-16,0.));
#1828=CARTESIAN_POINT('',(-17.55,-3.81000000000001,-2.6));
#1829=CARTESIAN_POINT('',(4.30000000000001,-5.30000000000001,2.22044604925031E-15));
#1830=CARTESIAN_POINT('',(4.30000000000001,-3.80000000000001,2.22044604925031E-15));
#1831=CARTESIAN_POINT('',(4.30000000000001,-2.3,2.22044604925031E-15));
#1832=CARTESIAN_POINT('',(4.30000000000001,-0.80000000000001,2.22044604925031E-15));
#1833=CARTESIAN_POINT('',(4.30000000000001,0.699999999999994,2.22044604925031E-15));
#1834=CARTESIAN_POINT('',(4.30000000000001,2.2,2.22044604925031E-15));
#1835=CARTESIAN_POINT('',(4.30000000000001,3.7,2.22044604925031E-15));
#1836=CARTESIAN_POINT('',(4.30000000000001,5.19999999999996,2.22044604925031E-15));
#1837=CARTESIAN_POINT('',(-1.4,-3.06000000000001,2.22044604925031E-15));
#1838=CARTESIAN_POINT('',(-1.4,-1.56000000000001,2.22044604925031E-15));
#1839=CARTESIAN_POINT('',(-1.4,-0.0600000000000112,2.22044604925031E-15));
#1840=CARTESIAN_POINT('',(-1.4,1.44,2.22044604925031E-15));
#1841=CARTESIAN_POINT('',(-1.4,2.94,2.22044604925031E-15));
#1842=CARTESIAN_POINT('',(-9.80000000000001,-1.30000000000001,-0.0800000000000001));
#1843=CARTESIAN_POINT('',(8.88178419700125E-16,-8.88178419700125E-16,0.));
#1844=CARTESIAN_POINT('',(0.,0.,0.));
#1845=CARTESIAN_POINT('',(0.,0.,0.));
#1846=CARTESIAN_POINT('',(0.,0.,0.));
#1847=CARTESIAN_POINT('',(0.,0.,0.));
#1848=CARTESIAN_POINT('',(-8.88178419700125E-16,1.77635683940025E-15,0.));
#1849=CARTESIAN_POINT('',(-8.88178419700125E-16,0.,0.));
#1850=CARTESIAN_POINT('',(1.77635683940025E-15,1.77635683940025E-15,0.));
#1851=CARTESIAN_POINT('',(8.88178419700125E-16,-8.88178419700125E-16,0.));
#1852=CARTESIAN_POINT('',(1.77635683940025E-15,-8.88178419700125E-16,0.));
#1853=CARTESIAN_POINT('',(8.88178419700125E-16,0.,0.));
#1854=CARTESIAN_POINT('',(1.77635683940025E-15,0.,0.));
#1855=CARTESIAN_POINT('',(8.88178419700125E-16,1.77635683940025E-15,0.));
#1856=CARTESIAN_POINT('',(8.88178419700125E-16,0.,0.));
#1857=CARTESIAN_POINT('',(1.77635683940025E-15,0.,0.));
#1858=CARTESIAN_POINT('',(-8.88178419700125E-16,0.,0.));
#1859=CARTESIAN_POINT('',(-8.88178419700125E-16,-8.88178419700125E-16,0.));
#1860=CARTESIAN_POINT('',(0.,0.,0.));
#1861=CARTESIAN_POINT('',(0.,0.,0.));
#1862=CARTESIAN_POINT('',(0.,0.,0.));
#1863=CARTESIAN_POINT('',(0.,0.,0.));
#1864=CARTESIAN_POINT('',(0.,0.,0.));
#1865=CARTESIAN_POINT('',(0.,0.,0.));
#1866=CARTESIAN_POINT('',(0.,0.,0.));
#1867=CARTESIAN_POINT('',(0.,0.,0.));
#1868=CARTESIAN_POINT('',(0.,0.,0.));
#1869=CARTESIAN_POINT('',(0.,0.,0.));
#1870=CARTESIAN_POINT('',(0.,0.,0.));
#1871=CARTESIAN_POINT('',(-8.88178419700125E-16,-8.88178419700125E-16,0.));
#1872=CARTESIAN_POINT('',(-8.88178419700125E-16,-8.88178419700125E-16,0.));
#1873=CARTESIAN_POINT('',(-8.88178419700125E-16,-8.88178419700125E-16,0.));
#1874=CARTESIAN_POINT('',(-8.88178419700125E-16,-8.88178419700125E-16,0.));
#1875=CARTESIAN_POINT('',(-8.88178419700125E-16,-8.88178419700125E-16,0.));
#1876=CARTESIAN_POINT('',(0.,0.,0.));
#1877=CARTESIAN_POINT('',(0.,0.,0.));
#1878=CARTESIAN_POINT('',(8.88178419700125E-15,4.2,2.8));
#1879=CARTESIAN_POINT('',(-4.00000000000001,-7.70000000000001,2.5));
#1880=CARTESIAN_POINT('',(-8.88178419700125E-15,-9.00000000000002,1.2));
#1881=CARTESIAN_POINT('',(3.99999999999801,-7.70000000000102,2.5));
#1882=CARTESIAN_POINT('',(-8.88178419700125E-16,-8.88178419700125E-16,0.));
#1883=CARTESIAN_POINT('',(0.,0.,0.));
#1884=CARTESIAN_POINT('',(-8.88178419700125E-16,-8.88178419700125E-16,0.));
#1885=CARTESIAN_POINT('',(-8.88178419700125E-16,-8.88178419700125E-16,0.));
#1886=CARTESIAN_POINT('',(-8.88178419700125E-16,-8.88178419700125E-16,0.));
#1887=CARTESIAN_POINT('',(0.,0.,0.));
#1888=CARTESIAN_POINT('Origin',(90.2500013038516,-28.5000004917383,24.));
#1889=CARTESIAN_POINT('',(106.364219867116,-28.5000004917383,25.));
#1890=CARTESIAN_POINT('',(106.364219867116,-27.5000004917383,24.));
#1891=CARTESIAN_POINT('Origin',(106.364219867116,-28.5000004917383,24.));
#1892=CARTESIAN_POINT('',(33.6357822190465,-27.5000004917383,24.));
#1893=CARTESIAN_POINT('',(90.2500013038516,-27.5000004917383,24.));
#1894=CARTESIAN_POINT('',(33.6357822190465,-28.5000004917383,25.));
#1895=CARTESIAN_POINT('Origin',(33.6357822190465,-28.5000004917383,24.));
#1896=CARTESIAN_POINT('',(90.2500013038516,-28.5000004917383,25.));
#1897=CARTESIAN_POINT('Origin',(90.2500013038516,-28.5000004917383,24.));
#1898=CARTESIAN_POINT('',(108.000001564622,-28.2550060141242,24.9695244741308));
#1899=CARTESIAN_POINT('Ctrl Pts',(106.364219867116,-28.5000004917383,25.));
#1900=CARTESIAN_POINT('Ctrl Pts',(106.394968297278,-28.4825387387379,25.));
#1901=CARTESIAN_POINT('Ctrl Pts',(106.42622283719,-28.4657278438863,24.9995427694167));
#1902=CARTESIAN_POINT('Ctrl Pts',(106.77607855194,-28.2879224368597,24.9905721337748));
#1903=CARTESIAN_POINT('Ctrl Pts',(107.142973924657,-28.2000004544854,24.9539391897015));
#1904=CARTESIAN_POINT('Ctrl Pts',(107.666407188224,-28.2000004544854,24.9539391897015));
#1905=CARTESIAN_POINT('Ctrl Pts',(107.835226449956,-28.2183076821758,24.9602509705681));
#1906=CARTESIAN_POINT('Ctrl Pts',(108.000001564622,-28.2550060141242,24.9695244741308));
#1907=CARTESIAN_POINT('',(108.000001564622,-27.5000004917383,24.));
#1908=CARTESIAN_POINT('Origin',(108.000001564622,-28.5000004917383,24.));
#1909=CARTESIAN_POINT('',(90.2500013038516,-27.5000004917383,24.));
#1910=CARTESIAN_POINT('Origin',(109.500001564622,-110.750001609325,24.));
#1911=CARTESIAN_POINT('',(109.500001564622,-134.364220284349,25.));
#1912=CARTESIAN_POINT('',(110.500001564622,-134.364220284349,24.));
#1913=CARTESIAN_POINT('Origin',(109.500001564622,-134.364220284349,24.));
#1914=CARTESIAN_POINT('',(110.500001564622,-31.6357821892442,24.));
#1915=CARTESIAN_POINT('',(110.500001564622,-110.750001609325,24.));
#1916=CARTESIAN_POINT('',(109.500001564622,-31.6357821892442,25.));
#1917=CARTESIAN_POINT('Origin',(109.500001564622,-31.6357821892442,24.));
#1918=CARTESIAN_POINT('',(109.500001564622,-110.750001609325,25.));
#1919=CARTESIAN_POINT('Origin',(109.500001564622,-110.750001609325,24.));
#1920=CARTESIAN_POINT('',(109.744996042236,-30.0000004917383,24.9695244741308));
#1921=CARTESIAN_POINT('',(109.800001601875,-30.5000004544854,24.9539391897014));
#1922=CARTESIAN_POINT('Ctrl Pts',(109.744996042236,-30.0000004917383,24.9695244741308));
#1923=CARTESIAN_POINT('Ctrl Pts',(109.781694374184,-30.1647756064043,24.960250970568));
#1924=CARTESIAN_POINT('Ctrl Pts',(109.800001601875,-30.3335948681363,24.9539391897014));
#1925=CARTESIAN_POINT('Ctrl Pts',(109.800001601875,-30.5000004544854,24.9539391897014));
#1926=CARTESIAN_POINT('Ctrl Pts',(109.800001601875,-30.5000004544854,24.9539391897014));
#1927=CARTESIAN_POINT('Ctrl Pts',(109.800001601875,-30.8570281317034,24.9539391897014));
#1928=CARTESIAN_POINT('Ctrl Pts',(109.712079619501,-31.2239235044198,24.9905721337748));
#1929=CARTESIAN_POINT('Ctrl Pts',(109.534274212474,-31.5737792191708,24.9995427694167));
#1930=CARTESIAN_POINT('Ctrl Pts',(109.517463317622,-31.6050337590823,25.));
#1931=CARTESIAN_POINT('Ctrl Pts',(109.500001564622,-31.6357821892442,25.));
#1932=CARTESIAN_POINT('',(110.500001564622,-30.0000004917383,24.));
#1933=CARTESIAN_POINT('',(110.500001564622,-110.750001609325,24.));
#1934=CARTESIAN_POINT('Origin',(109.500001564622,-30.0000004917383,24.));
#1935=CARTESIAN_POINT('Origin',(108.000001564622,-30.0000004917383,24.));
#1936=CARTESIAN_POINT('Ctrl Pts',(108.000001564622,-28.2550060141242,24.9695244741308));
#1937=CARTESIAN_POINT('Ctrl Pts',(108.214053140024,-28.3026790852921,24.9815712449743));
#1938=CARTESIAN_POINT('Ctrl Pts',(108.420685313645,-28.3808421350061,24.9877061865437));
#1939=CARTESIAN_POINT('Ctrl Pts',(108.872844630217,-28.630981144532,24.995959785233));
#1940=CARTESIAN_POINT('Ctrl Pts',(109.102143334435,-28.8234158413393,24.9964977787471));
#1941=CARTESIAN_POINT('Ctrl Pts',(109.479973918268,-29.2906661879195,24.9937279129783));
#1942=CARTESIAN_POINT('Ctrl Pts',(109.622329809329,-29.5629908181051,24.9900572084163));
#1943=CARTESIAN_POINT('Ctrl Pts',(109.721657526846,-29.9027035519769,24.9747109078794));
#1944=CARTESIAN_POINT('Ctrl Pts',(109.734131561285,-29.9512190894365,24.9722698796427));
#1945=CARTESIAN_POINT('Ctrl Pts',(109.744996042236,-30.0000004917383,24.9695244741308));
#1946=CARTESIAN_POINT('Origin',(108.000001564622,-30.0000004917383,24.));
#1947=CARTESIAN_POINT('Origin',(109.500001564622,-110.750001609325,24.));
#1948=CARTESIAN_POINT('',(109.800001601875,-135.500002019107,24.9539391897015));
#1949=CARTESIAN_POINT('Ctrl Pts',(109.500001564622,-134.364220284349,25.));
#1950=CARTESIAN_POINT('Ctrl Pts',(109.517463317622,-134.394968714511,25.));
#1951=CARTESIAN_POINT('Ctrl Pts',(109.534274212474,-134.426223254422,24.9995427694167));
#1952=CARTESIAN_POINT('Ctrl Pts',(109.712079619501,-134.776078969173,24.9905721337748));
#1953=CARTESIAN_POINT('Ctrl Pts',(109.800001601875,-135.142974341889,24.9539391897015));
#1954=CARTESIAN_POINT('Ctrl Pts',(109.800001601875,-135.500002019107,24.9539391897015));
#1955=CARTESIAN_POINT('',(109.744996042236,-136.000001981854,24.9695244741308));
#1956=CARTESIAN_POINT('Ctrl Pts',(109.800001601875,-135.500002019107,24.9539391897015));
#1957=CARTESIAN_POINT('Ctrl Pts',(109.800001601875,-135.666407605457,24.9539391897015));
#1958=CARTESIAN_POINT('Ctrl Pts',(109.781694374184,-135.835226867188,24.9602509705681));
#1959=CARTESIAN_POINT('Ctrl Pts',(109.744996042236,-136.000001981854,24.9695244741308));
#1960=CARTESIAN_POINT('',(110.500001564622,-136.000001981854,24.));
#1961=CARTESIAN_POINT('Origin',(109.500001564622,-136.000001981854,24.));
#1962=CARTESIAN_POINT('',(110.500001564622,-110.750001609325,24.));
#1963=CARTESIAN_POINT('Origin',(49.750000782311,-137.500001981854,24.));
#1964=CARTESIAN_POINT('',(33.6357822190467,-137.500001981854,25.));
#1965=CARTESIAN_POINT('',(33.6357822190467,-138.500001981854,24.));
#1966=CARTESIAN_POINT('Origin',(33.6357822190467,-137.500001981854,24.));
#1967=CARTESIAN_POINT('',(106.364219867116,-138.500001981854,24.));
#1968=CARTESIAN_POINT('',(49.750000782311,-138.500001981854,24.));
#1969=CARTESIAN_POINT('',(106.364219867116,-137.500001981854,25.));
#1970=CARTESIAN_POINT('Origin',(106.364219867116,-137.500001981854,24.));
#1971=CARTESIAN_POINT('',(49.750000782311,-137.500001981854,25.));
#1972=CARTESIAN_POINT('Origin',(49.750000782311,-137.500001981854,24.));
#1973=CARTESIAN_POINT('',(108.000001564622,-137.744996459469,24.9695244741307));
#1974=CARTESIAN_POINT('Ctrl Pts',(108.000001564622,-137.744996459469,24.9695244741308));
#1975=CARTESIAN_POINT('Ctrl Pts',(107.835226449956,-137.781694791417,24.960250970568));
#1976=CARTESIAN_POINT('Ctrl Pts',(107.666407188224,-137.800002019107,24.9539391897014));
#1977=CARTESIAN_POINT('Ctrl Pts',(107.142973924657,-137.800002019107,24.9539391897014));
#1978=CARTESIAN_POINT('Ctrl Pts',(106.77607855194,-137.712080036733,24.9905721337747));
#1979=CARTESIAN_POINT('Ctrl Pts',(106.426222837189,-137.534274629707,24.9995427694167));
#1980=CARTESIAN_POINT('Ctrl Pts',(106.394968297278,-137.517463734855,25.));
#1981=CARTESIAN_POINT('Ctrl Pts',(106.364219867116,-137.500001981854,25.));
#1982=CARTESIAN_POINT('',(108.000001564622,-138.500001981854,24.));
#1983=CARTESIAN_POINT('',(49.750000782311,-138.500001981854,24.));
#1984=CARTESIAN_POINT('Origin',(108.000001564622,-137.500001981854,24.));
#1985=CARTESIAN_POINT('Origin',(108.000001564622,-136.000001981854,24.));
#1986=CARTESIAN_POINT('Ctrl Pts',(109.744996042236,-136.000001981854,24.9695244741308));
#1987=CARTESIAN_POINT('Ctrl Pts',(109.697322971068,-136.214053557256,24.9815712449743));
#1988=CARTESIAN_POINT('Ctrl Pts',(109.619159921354,-136.420685730877,24.9877061865437));
#1989=CARTESIAN_POINT('Ctrl Pts',(109.369020911829,-136.872845047449,24.995959785233));
#1990=CARTESIAN_POINT('Ctrl Pts',(109.176586215022,-137.102143751667,24.9964977787471));
#1991=CARTESIAN_POINT('Ctrl Pts',(108.709335868441,-137.4799743355,24.9937279129783));
#1992=CARTESIAN_POINT('Ctrl Pts',(108.437011238256,-137.622330226561,24.9900572084163));
#1993=CARTESIAN_POINT('Ctrl Pts',(108.097298504384,-137.721657944079,24.9747109078794));
#1994=CARTESIAN_POINT('Ctrl Pts',(108.048782966924,-137.734131978517,24.9722698796427));
#1995=CARTESIAN_POINT('Ctrl Pts',(108.000001564622,-137.744996459469,24.9695244741307));
#1996=CARTESIAN_POINT('Origin',(108.000001564622,-136.000001981854,24.));
#1997=CARTESIAN_POINT('Origin',(49.750000782311,-137.500001981854,24.));
#1998=CARTESIAN_POINT('',(32.0000005215406,-137.744996459469,24.9695244741308));
#1999=CARTESIAN_POINT('Ctrl Pts',(33.6357822190467,-137.500001981854,25.));
#2000=CARTESIAN_POINT('Ctrl Pts',(33.6050337888847,-137.517463734855,25.));
#2001=CARTESIAN_POINT('Ctrl Pts',(33.5737792489732,-137.534274629706,24.9995427694167));
#2002=CARTESIAN_POINT('Ctrl Pts',(33.2239235342222,-137.712080036733,24.9905721337748));
#2003=CARTESIAN_POINT('Ctrl Pts',(32.8570281615057,-137.800002019107,24.9539391897014));
#2004=CARTESIAN_POINT('Ctrl Pts',(32.3335948979387,-137.800002019107,24.9539391897014));
#2005=CARTESIAN_POINT('Ctrl Pts',(32.1647756362067,-137.781694791417,24.960250970568));
#2006=CARTESIAN_POINT('Ctrl Pts',(32.0000005215406,-137.744996459469,24.9695244741308));
#2007=CARTESIAN_POINT('',(32.0000005215406,-138.500001981854,24.));
#2008=CARTESIAN_POINT('Origin',(32.0000005215406,-137.500001981854,24.));
#2009=CARTESIAN_POINT('',(49.750000782311,-138.500001981854,24.));
#2010=CARTESIAN_POINT('Origin',(30.5000005215406,-55.2500008642673,24.));
#2011=CARTESIAN_POINT('',(30.5000005215406,-31.6357821892442,25.));
#2012=CARTESIAN_POINT('',(29.5000005215406,-31.6357821892442,24.));
#2013=CARTESIAN_POINT('Origin',(30.5000005215406,-31.6357821892442,24.));
#2014=CARTESIAN_POINT('',(29.5000005215406,-134.364220284349,24.));
#2015=CARTESIAN_POINT('',(29.5000005215406,-55.2500008642673,24.));
#2016=CARTESIAN_POINT('',(30.5000005215406,-134.364220284349,25.));
#2017=CARTESIAN_POINT('Origin',(30.5000005215406,-134.364220284349,24.));
#2018=CARTESIAN_POINT('',(30.5000005215406,-55.2500008642673,25.));
#2019=CARTESIAN_POINT('Origin',(30.5000005215406,-55.2500008642673,24.));
#2020=CARTESIAN_POINT('',(30.2550060439265,-136.000001981854,24.9695244741308));
#2021=CARTESIAN_POINT('Ctrl Pts',(30.2550060439265,-136.000001981854,24.9695244741308));
#2022=CARTESIAN_POINT('Ctrl Pts',(30.2183077119781,-135.835226867188,24.9602509705681));
#2023=CARTESIAN_POINT('Ctrl Pts',(30.2000004842878,-135.666407605456,24.9539391897015));
#2024=CARTESIAN_POINT('Ctrl Pts',(30.2000004842878,-135.142974341889,24.9539391897015));
#2025=CARTESIAN_POINT('Ctrl Pts',(30.2879224666621,-134.776078969173,24.9905721337748));
#2026=CARTESIAN_POINT('Ctrl Pts',(30.4657278736887,-134.426223254422,24.9995427694168));
#2027=CARTESIAN_POINT('Ctrl Pts',(30.4825387685402,-134.394968714511,25.));
#2028=CARTESIAN_POINT('Ctrl Pts',(30.5000005215406,-134.364220284349,25.));
#2029=CARTESIAN_POINT('',(29.5000005215406,-136.000001981854,24.));
#2030=CARTESIAN_POINT('',(29.5000005215406,-55.2500008642673,24.));
#2031=CARTESIAN_POINT('Origin',(30.5000005215406,-136.000001981854,24.));
#2032=CARTESIAN_POINT('Origin',(32.0000005215406,-136.000001981854,24.));
#2033=CARTESIAN_POINT('Ctrl Pts',(32.0000005215406,-137.744996459469,24.9695244741308));
#2034=CARTESIAN_POINT('Ctrl Pts',(31.7600717914412,-137.691560088333,24.983027604976));
#2035=CARTESIAN_POINT('Ctrl Pts',(31.5298184231504,-137.599890986427,24.9891232806064));
#2036=CARTESIAN_POINT('Ctrl Pts',(31.0631716541602,-137.320429629652,24.9962865605331));
#2037=CARTESIAN_POINT('Ctrl Pts',(30.8400768504269,-137.11954426089,24.9965887332029));
#2038=CARTESIAN_POINT('Ctrl Pts',(30.478259457448,-136.638250271127,24.9927311290094));
#2039=CARTESIAN_POINT('Ctrl Pts',(30.3455222499812,-136.360649135933,24.9881162617393));
#2040=CARTESIAN_POINT('Ctrl Pts',(30.2651388650863,-136.043972784856,24.9719402089382));
#2041=CARTESIAN_POINT('Ctrl Pts',(30.2599081553107,-136.022012409102,24.9707632156477));
#2042=CARTESIAN_POINT('Ctrl Pts',(30.2550060439265,-136.000001981854,24.9695244741308));
#2043=CARTESIAN_POINT('Origin',(32.0000005215406,-136.000001981854,24.));
#2044=CARTESIAN_POINT('Origin',(30.5000005215406,-55.2500008642673,24.));
#2045=CARTESIAN_POINT('',(30.2550060439265,-30.0000004917383,24.9695244741308));
#2046=CARTESIAN_POINT('Ctrl Pts',(30.5000005215406,-31.6357821892442,25.));
#2047=CARTESIAN_POINT('Ctrl Pts',(30.4825387685402,-31.6050337590823,25.));
#2048=CARTESIAN_POINT('Ctrl Pts',(30.4657278736886,-31.5737792191708,24.9995427694167));
#2049=CARTESIAN_POINT('Ctrl Pts',(30.287922466662,-31.2239235044198,24.9905721337748));
#2050=CARTESIAN_POINT('Ctrl Pts',(30.2000004842877,-30.8570281317034,24.9539391897015));
#2051=CARTESIAN_POINT('Ctrl Pts',(30.2000004842877,-30.3335948681363,24.9539391897015));
#2052=CARTESIAN_POINT('Ctrl Pts',(30.2183077119781,-30.1647756064043,24.9602509705681));
#2053=CARTESIAN_POINT('Ctrl Pts',(30.2550060439265,-30.0000004917383,24.9695244741308));
#2054=CARTESIAN_POINT('',(29.5000005215406,-30.0000004917383,24.));
#2055=CARTESIAN_POINT('Origin',(30.5000005215406,-30.0000004917383,24.));
#2056=CARTESIAN_POINT('',(29.5000005215406,-55.2500008642673,24.));
#2057=CARTESIAN_POINT('Origin',(90.2500013038516,-28.5000004917383,24.));
#2058=CARTESIAN_POINT('',(32.0000005215406,-28.2550060141242,24.9695244741308));
#2059=CARTESIAN_POINT('Ctrl Pts',(32.0000005215406,-28.2550060141242,24.9695244741308));
#2060=CARTESIAN_POINT('Ctrl Pts',(32.1647756362067,-28.2183076821758,24.9602509705681));
#2061=CARTESIAN_POINT('Ctrl Pts',(32.3335948979387,-28.2000004544854,24.9539391897015));
#2062=CARTESIAN_POINT('Ctrl Pts',(32.8570281615057,-28.2000004544854,24.9539391897015));
#2063=CARTESIAN_POINT('Ctrl Pts',(33.2239235342221,-28.2879224368597,24.9905721337748));
#2064=CARTESIAN_POINT('Ctrl Pts',(33.5737792489731,-28.4657278438863,24.9995427694167));
#2065=CARTESIAN_POINT('Ctrl Pts',(33.6050337888846,-28.4825387387379,25.));
#2066=CARTESIAN_POINT('Ctrl Pts',(33.6357822190465,-28.5000004917383,25.));
#2067=CARTESIAN_POINT('',(32.0000005215406,-27.5000004917383,24.));
#2068=CARTESIAN_POINT('',(90.2500013038516,-27.5000004917383,24.));
#2069=CARTESIAN_POINT('Origin',(32.0000005215406,-28.5000004917383,24.));
#2070=CARTESIAN_POINT('Origin',(32.0000005215406,-30.0000004917383,24.));
#2071=CARTESIAN_POINT('Ctrl Pts',(30.2550060439265,-30.0000004917383,24.9695244741308));
#2072=CARTESIAN_POINT('Ctrl Pts',(30.3084424150617,-29.7600717616391,24.983027604976));
#2073=CARTESIAN_POINT('Ctrl Pts',(30.4001115169676,-29.5298183933482,24.9891232806065));
#2074=CARTESIAN_POINT('Ctrl Pts',(30.6795728737434,-29.063171624358,24.9962865605331));
#2075=CARTESIAN_POINT('Ctrl Pts',(30.8804582425046,-28.8400768206246,24.9965887332029));
#2076=CARTESIAN_POINT('Ctrl Pts',(31.3617522322677,-28.4782594276458,24.9927311290094));
#2077=CARTESIAN_POINT('Ctrl Pts',(31.6393533674615,-28.3455222201789,24.9881162617393));
#2078=CARTESIAN_POINT('Ctrl Pts',(31.956029718539,-28.2651388352839,24.9719402089382));
#2079=CARTESIAN_POINT('Ctrl Pts',(31.9779900942935,-28.2599081255084,24.9707632156477));
#2080=CARTESIAN_POINT('Ctrl Pts',(32.0000005215406,-28.2550060141242,24.9695244741308));
#2081=CARTESIAN_POINT('Origin',(32.0000005215406,-30.0000004917383,24.));
#2082=CARTESIAN_POINT('Origin',(108.000001564622,-136.000001981854,22.));
#2083=CARTESIAN_POINT('',(108.000001564622,-138.500001981854,22.));
#2084=CARTESIAN_POINT('',(108.000001564622,-138.500001981854,22.));
#2085=CARTESIAN_POINT('',(110.500001564622,-136.000001981854,22.));
#2086=CARTESIAN_POINT('Origin',(108.000001564622,-136.000001981854,22.));
#2087=CARTESIAN_POINT('',(110.500001564622,-136.000001981854,22.));
#2088=CARTESIAN_POINT('Origin',(29.5000005215406,-138.500001981854,22.));
#2089=CARTESIAN_POINT('',(32.0000005215406,-138.500001981854,22.));
#2090=CARTESIAN_POINT('',(32.0000005215406,-138.500001981854,22.));
#2091=CARTESIAN_POINT('',(110.500001564622,-138.500001981854,22.));
#2092=CARTESIAN_POINT('Origin',(32.0000005215406,-136.000001981854,22.));
#2093=CARTESIAN_POINT('',(29.5000005215406,-136.000001981854,22.));
#2094=CARTESIAN_POINT('',(29.5000005215406,-136.000001981854,22.));
#2095=CARTESIAN_POINT('Origin',(32.0000005215406,-136.000001981854,22.));
#2096=CARTESIAN_POINT('Origin',(29.5000005215406,-27.5000004917383,22.));
#2097=CARTESIAN_POINT('',(29.5000005215406,-30.0000004917383,22.));
#2098=CARTESIAN_POINT('',(29.5000005215406,-30.0000004917383,22.));
#2099=CARTESIAN_POINT('',(29.5000005215406,-138.500001981854,22.));
#2100=CARTESIAN_POINT('Origin',(107.500001601875,-30.5000004544854,22.));
#2101=CARTESIAN_POINT('Origin',(107.500001601875,-30.5000004544854,25.));
#2102=CARTESIAN_POINT('',(109.800001601875,-30.5000004544854,22.));
#2103=CARTESIAN_POINT('',(109.800001601875,-30.5000004544854,22.));
#2104=CARTESIAN_POINT('Origin',(107.500001601875,-30.5000004544854,22.));
#2105=CARTESIAN_POINT('Origin',(32.5000004842877,-30.5000004544854,22.));
#2106=CARTESIAN_POINT('',(34.8000004842877,-30.5000004544854,25.));
#2107=CARTESIAN_POINT('Origin',(32.5000004842877,-30.5000004544854,25.));
#2108=CARTESIAN_POINT('',(34.8000004842877,-30.5000004544854,22.));
#2109=CARTESIAN_POINT('',(34.8000004842877,-30.5000004544854,22.));
#2110=CARTESIAN_POINT('Origin',(32.5000004842877,-30.5000004544854,22.));
#2111=CARTESIAN_POINT('Origin',(32.5000004842877,-30.5000004544854,25.));
#2112=CARTESIAN_POINT('Origin',(108.000001564622,-30.0000004917383,22.));
#2113=CARTESIAN_POINT('',(110.500001564622,-30.0000004917383,22.));
#2114=CARTESIAN_POINT('',(110.500001564622,-30.0000004917383,22.));
#2115=CARTESIAN_POINT('',(108.000001564622,-27.5000004917383,22.));
#2116=CARTESIAN_POINT('Origin',(108.000001564622,-30.0000004917383,22.));
#2117=CARTESIAN_POINT('',(108.000001564622,-27.5000004917383,22.));
#2118=CARTESIAN_POINT('Origin',(110.500001564622,-27.5000004917383,22.));
#2119=CARTESIAN_POINT('',(32.0000005215406,-27.5000004917383,22.));
#2120=CARTESIAN_POINT('',(29.5000005215406,-27.5000004917383,22.));
#2121=CARTESIAN_POINT('',(32.0000005215406,-27.5000004917383,22.));
#2122=CARTESIAN_POINT('Origin',(70.0000010430813,-83.0000012367964,22.));
#2123=CARTESIAN_POINT('',(110.500001564622,-27.5000004917383,22.));
#2124=CARTESIAN_POINT('Origin',(32.0000005215406,-30.0000004917383,22.));
#2125=CARTESIAN_POINT('',(34.8000004842878,-135.500002019107,22.));
#2126=CARTESIAN_POINT('Origin',(32.5000004842878,-135.500002019107,22.));
#2127=CARTESIAN_POINT('',(45.6999989673495,-51.1571039169841,22.));
#2128=CARTESIAN_POINT('',(45.6999989673495,-38.4999991282821,22.));
#2129=CARTESIAN_POINT('',(45.6999989673495,-51.1571039169841,22.));
#2130=CARTESIAN_POINT('',(41.1428890306388,-51.1571039169841,22.));
#2131=CARTESIAN_POINT('',(45.6999989673495,-51.1571039169841,22.));
#2132=CARTESIAN_POINT('',(41.1428890306388,-127.907174419646,22.));
#2133=CARTESIAN_POINT('',(41.1428890306388,-51.1571039169841,22.));
#2134=CARTESIAN_POINT('',(98.8428608588916,-127.907174419646,22.));
#2135=CARTESIAN_POINT('',(41.1428890306388,-127.907174419646,22.));
#2136=CARTESIAN_POINT('',(98.8428608588916,-51.1571039169841,22.));
#2137=CARTESIAN_POINT('',(98.8428608588916,-127.907174419646,22.));
#2138=CARTESIAN_POINT('',(95.5999978743494,-51.1571039169841,22.));
#2139=CARTESIAN_POINT('',(98.8428608588916,-51.1571039169841,22.));
#2140=CARTESIAN_POINT('',(95.5999978743494,-38.4504724870042,22.));
#2141=CARTESIAN_POINT('',(95.5999978743494,-51.1571039169841,22.));
#2142=CARTESIAN_POINT('',(82.4999981448054,-38.4504724870042,22.));
#2143=CARTESIAN_POINT('',(95.5999978743494,-38.4504724870042,22.));
#2144=CARTESIAN_POINT('',(82.4999981448054,-51.1571039169841,22.));
#2145=CARTESIAN_POINT('',(82.4999981448054,-38.4504724870042,22.));
#2146=CARTESIAN_POINT('',(76.6900036188308,-51.1571039169841,22.));
#2147=CARTESIAN_POINT('',(82.4999981448054,-51.1571039169841,22.));
#2148=CARTESIAN_POINT('',(76.6900036188308,-38.4999991282821,22.));
#2149=CARTESIAN_POINT('',(76.6900036188308,-38.4999991282821,22.));
#2150=CARTESIAN_POINT('',(45.6999989673495,-38.4999991282821,22.));
#2151=CARTESIAN_POINT('',(109.800001601875,-135.500002019107,22.));
#2152=CARTESIAN_POINT('Origin',(107.500001601875,-135.500002019107,22.));
#2153=CARTESIAN_POINT('Origin',(32.0000005215406,-30.0000004917383,22.));
#2154=CARTESIAN_POINT('Origin',(107.500001601875,-135.500002019107,22.));
#2155=CARTESIAN_POINT('Origin',(107.500001601875,-135.500002019107,25.));
#2156=CARTESIAN_POINT('',(109.800001601875,-135.500002019107,22.));
#2157=CARTESIAN_POINT('Origin',(41.1428890306388,-51.1571039169841,22.));
#2158=CARTESIAN_POINT('',(45.6999989673495,-51.1571039169841,25.));
#2159=CARTESIAN_POINT('',(45.6999989673495,-51.1571039169841,22.));
#2160=CARTESIAN_POINT('',(41.1428890306388,-51.1571039169841,25.));
#2161=CARTESIAN_POINT('',(45.6999989673495,-51.1571039169841,25.));
#2162=CARTESIAN_POINT('',(41.1428890306388,-51.1571039169841,22.));
#2163=CARTESIAN_POINT('Origin',(41.1428890306388,-127.907174419646,22.));
#2164=CARTESIAN_POINT('',(41.1428890306388,-127.907174419646,25.));
#2165=CARTESIAN_POINT('',(41.1428890306388,-51.1571039169841,25.));
#2166=CARTESIAN_POINT('',(41.1428890306388,-127.907174419646,22.));
#2167=CARTESIAN_POINT('Origin',(98.8428608588916,-127.907174419646,22.));
#2168=CARTESIAN_POINT('',(98.8428608588916,-127.907174419646,25.));
#2169=CARTESIAN_POINT('',(41.1428890306388,-127.907174419646,25.));
#2170=CARTESIAN_POINT('',(98.8428608588916,-127.907174419646,22.));
#2171=CARTESIAN_POINT('Origin',(98.8428608588916,-51.1571039169841,22.));
#2172=CARTESIAN_POINT('',(98.8428608588916,-51.1571039169841,25.));
#2173=CARTESIAN_POINT('',(98.8428608588916,-127.907174419646,25.));
#2174=CARTESIAN_POINT('',(98.8428608588916,-51.1571039169841,22.));
#2175=CARTESIAN_POINT('Origin',(95.5999978743494,-51.1571039169841,22.));
#2176=CARTESIAN_POINT('',(95.5999978743494,-51.1571039169841,25.));
#2177=CARTESIAN_POINT('',(98.8428608588916,-51.1571039169841,25.));
#2178=CARTESIAN_POINT('',(95.5999978743494,-51.1571039169841,22.));
#2179=CARTESIAN_POINT('Origin',(95.5999978743494,-38.4504724870042,22.));
#2180=CARTESIAN_POINT('',(95.5999978743494,-38.4504724870042,25.));
#2181=CARTESIAN_POINT('',(95.5999978743494,-51.1571039169841,25.));
#2182=CARTESIAN_POINT('',(95.5999978743494,-38.4504724870042,22.));
#2183=CARTESIAN_POINT('Origin',(82.4999981448054,-38.4504724870042,22.));
#2184=CARTESIAN_POINT('',(82.4999981448054,-38.4504724870042,25.));
#2185=CARTESIAN_POINT('',(95.5999978743494,-38.4504724870042,25.));
#2186=CARTESIAN_POINT('',(82.4999981448054,-38.4504724870042,22.));
#2187=CARTESIAN_POINT('Origin',(82.4999981448054,-51.1571039169841,22.));
#2188=CARTESIAN_POINT('',(82.4999981448054,-51.1571039169841,25.));
#2189=CARTESIAN_POINT('',(82.4999981448054,-38.4504724870042,25.));
#2190=CARTESIAN_POINT('',(82.4999981448054,-51.1571039169841,22.));
#2191=CARTESIAN_POINT('Origin',(76.6900036188308,-51.1571039169841,22.));
#2192=CARTESIAN_POINT('',(76.6900036188308,-51.1571039169841,25.));
#2193=CARTESIAN_POINT('',(82.4999981448054,-51.1571039169841,25.));
#2194=CARTESIAN_POINT('',(76.6900036188308,-51.1571039169841,22.));
#2195=CARTESIAN_POINT('Origin',(76.6900036188308,-38.4999991282821,22.));
#2196=CARTESIAN_POINT('',(76.6900036188308,-38.4999991282821,25.));
#2197=CARTESIAN_POINT('',(76.6900036188308,-38.4999991282821,25.));
#2198=CARTESIAN_POINT('',(76.6900036188308,-38.4999991282821,22.));
#2199=CARTESIAN_POINT('Origin',(45.6999989673495,-38.4999991282821,22.));
#2200=CARTESIAN_POINT('',(45.6999989673495,-38.4999991282821,25.));
#2201=CARTESIAN_POINT('',(45.6999989673495,-38.4999991282821,25.));
#2202=CARTESIAN_POINT('',(45.6999989673495,-38.4999991282821,22.));
#2203=CARTESIAN_POINT('Origin',(45.6999989673495,-51.1571039169841,22.));
#2204=CARTESIAN_POINT('',(45.6999989673495,-51.1571039169841,25.));
#2205=CARTESIAN_POINT('Origin',(32.5000004842878,-135.500002019107,22.));
#2206=CARTESIAN_POINT('',(34.8000004842878,-135.500002019107,25.));
#2207=CARTESIAN_POINT('Origin',(32.5000004842878,-135.500002019107,25.));
#2208=CARTESIAN_POINT('',(34.8000004842878,-135.500002019107,22.));
#2209=CARTESIAN_POINT('Origin',(32.5000004842878,-135.500002019107,25.));
#2210=CARTESIAN_POINT('Origin',(110.500001564622,-138.500001981854,22.));
#2211=CARTESIAN_POINT('Origin',(70.0000010430813,-83.0000012367964,25.));
#2212=CARTESIAN_POINT('',(50.9499999999999,-118.1,13.595));
#2213=CARTESIAN_POINT('',(50.9499999999999,-79.9999999999999,13.595));
#2214=CARTESIAN_POINT('',(89.0499999999998,-44.9999999999999,13.595));
#2215=CARTESIAN_POINT('',(89.0499999999998,-118.1,13.595));
#2216=CARTESIAN_POINT('',(69.9999999999999,-60.9499999999999,13.595));
#2217=CARTESIAN_POINT('',(89.0499999999998,-60.9499999999999,13.595));
#2218=CARTESIAN_POINT('',(69.9999999999999,-79.9999999999999,13.595));
#2219=CARTESIAN_POINT('',(89.0499999999998,-99.0499999999998,13.595));
#2220=CARTESIAN_POINT('',(69.9999999999999,-118.1,13.595));
#2221=CARTESIAN_POINT('',(69.9999999999999,-99.0499999999998,13.595));
#2222=CARTESIAN_POINT('',(60.4399999999999,-44.7999999999999,16.095));
#2223=CARTESIAN_POINT('',(89.0499999999998,-79.9999999999999,13.595));
#2224=CARTESIAN_POINT('',(50.9499999999999,-99.0499999999998,13.595));
#2225=CARTESIAN_POINT('',(50.9499999999999,-60.9499999999999,13.595));
#2226=CARTESIAN_POINT('',(69.9999999999999,-44.9999999999999,11.915));
#2227=CARTESIAN_POINT('',(1.66400347195057E-31,-9.82994643609685E-33,12.));
#2228=UNCERTAINTY_MEASURE_WITH_UNIT(LENGTH_MEASURE(0.01),#2304,
'DISTANCE_ACCURACY_VALUE',
'Maximum model space distance between geometric entities at asserted c
onnectivities');
#2229=UNCERTAINTY_MEASURE_WITH_UNIT(LENGTH_MEASURE(0.01),#2304,
'DISTANCE_ACCURACY_VALUE',
'Maximum model space distance between geometric entities at asserted c
onnectivities');
#2230=UNCERTAINTY_MEASURE_WITH_UNIT(LENGTH_MEASURE(0.01),#2304,
'DISTANCE_ACCURACY_VALUE',
'Maximum model space distance between geometric entities at asserted c
onnectivities');
#2231=UNCERTAINTY_MEASURE_WITH_UNIT(LENGTH_MEASURE(0.01),#2304,
'DISTANCE_ACCURACY_VALUE',
'Maximum model space distance between geometric entities at asserted c
onnectivities');
#2232=UNCERTAINTY_MEASURE_WITH_UNIT(LENGTH_MEASURE(0.01),#2304,
'DISTANCE_ACCURACY_VALUE',
'Maximum model space distance between geometric entities at asserted c
onnectivities');
#2233=UNCERTAINTY_MEASURE_WITH_UNIT(LENGTH_MEASURE(0.01),#2304,
'DISTANCE_ACCURACY_VALUE',
'Maximum model space distance between geometric entities at asserted c
onnectivities');
#2234=UNCERTAINTY_MEASURE_WITH_UNIT(LENGTH_MEASURE(0.01),#2304,
'DISTANCE_ACCURACY_VALUE',
'Maximum model space distance between geometric entities at asserted c
onnectivities');
#2235=UNCERTAINTY_MEASURE_WITH_UNIT(LENGTH_MEASURE(0.01),#2304,
'DISTANCE_ACCURACY_VALUE',
'Maximum model space distance between geometric entities at asserted c
onnectivities');
#2236=UNCERTAINTY_MEASURE_WITH_UNIT(LENGTH_MEASURE(0.01),#2304,
'DISTANCE_ACCURACY_VALUE',
'Maximum model space distance between geometric entities at asserted c
onnectivities');
#2237=UNCERTAINTY_MEASURE_WITH_UNIT(LENGTH_MEASURE(0.01),#2304,
'DISTANCE_ACCURACY_VALUE',
'Maximum model space distance between geometric entities at asserted c
onnectivities');
#2238=UNCERTAINTY_MEASURE_WITH_UNIT(LENGTH_MEASURE(0.01),#2304,
'DISTANCE_ACCURACY_VALUE',
'Maximum model space distance between geometric entities at asserted c
onnectivities');
#2239=UNCERTAINTY_MEASURE_WITH_UNIT(LENGTH_MEASURE(0.01),#2304,
'DISTANCE_ACCURACY_VALUE',
'Maximum model space distance between geometric entities at asserted c
onnectivities');
#2240=UNCERTAINTY_MEASURE_WITH_UNIT(LENGTH_MEASURE(0.01),#2304,
'DISTANCE_ACCURACY_VALUE',
'Maximum model space distance between geometric entities at asserted c
onnectivities');
#2241=UNCERTAINTY_MEASURE_WITH_UNIT(LENGTH_MEASURE(0.01),#2304,
'DISTANCE_ACCURACY_VALUE',
'Maximum model space distance between geometric entities at asserted c
onnectivities');
#2242=UNCERTAINTY_MEASURE_WITH_UNIT(LENGTH_MEASURE(0.01),#2304,
'DISTANCE_ACCURACY_VALUE',
'Maximum model space distance between geometric entities at asserted c
onnectivities');
#2243=UNCERTAINTY_MEASURE_WITH_UNIT(LENGTH_MEASURE(0.01),#2304,
'DISTANCE_ACCURACY_VALUE',
'Maximum model space distance between geometric entities at asserted c
onnectivities');
#2244=UNCERTAINTY_MEASURE_WITH_UNIT(LENGTH_MEASURE(0.01),#2304,
'DISTANCE_ACCURACY_VALUE',
'Maximum model space distance between geometric entities at asserted c
onnectivities');
#2245=UNCERTAINTY_MEASURE_WITH_UNIT(LENGTH_MEASURE(0.01),#2304,
'DISTANCE_ACCURACY_VALUE',
'Maximum model space distance between geometric entities at asserted c
onnectivities');
#2246=UNCERTAINTY_MEASURE_WITH_UNIT(LENGTH_MEASURE(0.01),#2304,
'DISTANCE_ACCURACY_VALUE',
'Maximum model space distance between geometric entities at asserted c
onnectivities');
#2247=UNCERTAINTY_MEASURE_WITH_UNIT(LENGTH_MEASURE(0.01),#2304,
'DISTANCE_ACCURACY_VALUE',
'Maximum model space distance between geometric entities at asserted c
onnectivities');
#2248=UNCERTAINTY_MEASURE_WITH_UNIT(LENGTH_MEASURE(0.01),#2304,
'DISTANCE_ACCURACY_VALUE',
'Maximum model space distance between geometric entities at asserted c
onnectivities');
#2249=UNCERTAINTY_MEASURE_WITH_UNIT(LENGTH_MEASURE(0.01),#2304,
'DISTANCE_ACCURACY_VALUE',
'Maximum model space distance between geometric entities at asserted c
onnectivities');
#2250=UNCERTAINTY_MEASURE_WITH_UNIT(LENGTH_MEASURE(0.01),#2304,
'DISTANCE_ACCURACY_VALUE',
'Maximum model space distance between geometric entities at asserted c
onnectivities');
#2251=UNCERTAINTY_MEASURE_WITH_UNIT(LENGTH_MEASURE(0.01),#2304,
'DISTANCE_ACCURACY_VALUE',
'Maximum model space distance between geometric entities at asserted c
onnectivities');
#2252=UNCERTAINTY_MEASURE_WITH_UNIT(LENGTH_MEASURE(0.01),#2304,
'DISTANCE_ACCURACY_VALUE',
'Maximum model space distance between geometric entities at asserted c
onnectivities');
#2253=UNCERTAINTY_MEASURE_WITH_UNIT(LENGTH_MEASURE(0.01),#2304,
'DISTANCE_ACCURACY_VALUE',
'Maximum model space distance between geometric entities at asserted c
onnectivities');
#2254=UNCERTAINTY_MEASURE_WITH_UNIT(LENGTH_MEASURE(0.01),#2304,
'DISTANCE_ACCURACY_VALUE',
'Maximum model space distance between geometric entities at asserted c
onnectivities');
#2255=UNCERTAINTY_MEASURE_WITH_UNIT(LENGTH_MEASURE(0.01),#2304,
'DISTANCE_ACCURACY_VALUE',
'Maximum model space distance between geometric entities at asserted c
onnectivities');
#2256=UNCERTAINTY_MEASURE_WITH_UNIT(LENGTH_MEASURE(0.01),#2304,
'DISTANCE_ACCURACY_VALUE',
'Maximum model space distance between geometric entities at asserted c
onnectivities');
#2257=UNCERTAINTY_MEASURE_WITH_UNIT(LENGTH_MEASURE(0.01),#2304,
'DISTANCE_ACCURACY_VALUE',
'Maximum model space distance between geometric entities at asserted c
onnectivities');
#2258=UNCERTAINTY_MEASURE_WITH_UNIT(LENGTH_MEASURE(0.01),#2304,
'DISTANCE_ACCURACY_VALUE',
'Maximum model space distance between geometric entities at asserted c
onnectivities');
#2259=UNCERTAINTY_MEASURE_WITH_UNIT(LENGTH_MEASURE(0.01),#2304,
'DISTANCE_ACCURACY_VALUE',
'Maximum model space distance between geometric entities at asserted c
onnectivities');
#2260=UNCERTAINTY_MEASURE_WITH_UNIT(LENGTH_MEASURE(0.01),#2304,
'DISTANCE_ACCURACY_VALUE',
'Maximum model space distance between geometric entities at asserted c
onnectivities');
#2261=UNCERTAINTY_MEASURE_WITH_UNIT(LENGTH_MEASURE(0.01),#2304,
'DISTANCE_ACCURACY_VALUE',
'Maximum model space distance between geometric entities at asserted c
onnectivities');
#2262=UNCERTAINTY_MEASURE_WITH_UNIT(LENGTH_MEASURE(0.01),#2304,
'DISTANCE_ACCURACY_VALUE',
'Maximum model space distance between geometric entities at asserted c
onnectivities');
#2263=UNCERTAINTY_MEASURE_WITH_UNIT(LENGTH_MEASURE(0.01),#2304,
'DISTANCE_ACCURACY_VALUE',
'Maximum model space distance between geometric entities at asserted c
onnectivities');
#2264=UNCERTAINTY_MEASURE_WITH_UNIT(LENGTH_MEASURE(0.01),#2304,
'DISTANCE_ACCURACY_VALUE',
'Maximum model space distance between geometric entities at asserted c
onnectivities');
#2265=UNCERTAINTY_MEASURE_WITH_UNIT(LENGTH_MEASURE(0.01),#2304,
'DISTANCE_ACCURACY_VALUE',
'Maximum model space distance between geometric entities at asserted c
onnectivities');
#2266=(
GEOMETRIC_REPRESENTATION_CONTEXT(3)
GLOBAL_UNCERTAINTY_ASSIGNED_CONTEXT((#2228))
GLOBAL_UNIT_ASSIGNED_CONTEXT((#2304,#2306,#2307))
REPRESENTATION_CONTEXT('','3D')
);
#2267=(
GEOMETRIC_REPRESENTATION_CONTEXT(3)
GLOBAL_UNCERTAINTY_ASSIGNED_CONTEXT((#2229))
GLOBAL_UNIT_ASSIGNED_CONTEXT((#2304,#2306,#2307))
REPRESENTATION_CONTEXT('','3D')
);
#2268=(
GEOMETRIC_REPRESENTATION_CONTEXT(3)
GLOBAL_UNCERTAINTY_ASSIGNED_CONTEXT((#2230))
GLOBAL_UNIT_ASSIGNED_CONTEXT((#2304,#2306,#2307))
REPRESENTATION_CONTEXT('','3D')
);
#2269=(
GEOMETRIC_REPRESENTATION_CONTEXT(3)
GLOBAL_UNCERTAINTY_ASSIGNED_CONTEXT((#2231))
GLOBAL_UNIT_ASSIGNED_CONTEXT((#2304,#2306,#2307))
REPRESENTATION_CONTEXT('','3D')
);
#2270=(
GEOMETRIC_REPRESENTATION_CONTEXT(3)
GLOBAL_UNCERTAINTY_ASSIGNED_CONTEXT((#2232))
GLOBAL_UNIT_ASSIGNED_CONTEXT((#2304,#2306,#2307))
REPRESENTATION_CONTEXT('','3D')
);
#2271=(
GEOMETRIC_REPRESENTATION_CONTEXT(3)
GLOBAL_UNCERTAINTY_ASSIGNED_CONTEXT((#2233))
GLOBAL_UNIT_ASSIGNED_CONTEXT((#2304,#2306,#2307))
REPRESENTATION_CONTEXT('','3D')
);
#2272=(
GEOMETRIC_REPRESENTATION_CONTEXT(3)
GLOBAL_UNCERTAINTY_ASSIGNED_CONTEXT((#2234))
GLOBAL_UNIT_ASSIGNED_CONTEXT((#2304,#2306,#2307))
REPRESENTATION_CONTEXT('','3D')
);
#2273=(
GEOMETRIC_REPRESENTATION_CONTEXT(3)
GLOBAL_UNCERTAINTY_ASSIGNED_CONTEXT((#2235))
GLOBAL_UNIT_ASSIGNED_CONTEXT((#2304,#2306,#2307))
REPRESENTATION_CONTEXT('','3D')
);
#2274=(
GEOMETRIC_REPRESENTATION_CONTEXT(3)
GLOBAL_UNCERTAINTY_ASSIGNED_CONTEXT((#2236))
GLOBAL_UNIT_ASSIGNED_CONTEXT((#2304,#2306,#2307))
REPRESENTATION_CONTEXT('','3D')
);
#2275=(
GEOMETRIC_REPRESENTATION_CONTEXT(3)
GLOBAL_UNCERTAINTY_ASSIGNED_CONTEXT((#2237))
GLOBAL_UNIT_ASSIGNED_CONTEXT((#2304,#2306,#2307))
REPRESENTATION_CONTEXT('','3D')
);
#2276=(
GEOMETRIC_REPRESENTATION_CONTEXT(3)
GLOBAL_UNCERTAINTY_ASSIGNED_CONTEXT((#2238))
GLOBAL_UNIT_ASSIGNED_CONTEXT((#2304,#2306,#2307))
REPRESENTATION_CONTEXT('','3D')
);
#2277=(
GEOMETRIC_REPRESENTATION_CONTEXT(3)
GLOBAL_UNCERTAINTY_ASSIGNED_CONTEXT((#2239))
GLOBAL_UNIT_ASSIGNED_CONTEXT((#2304,#2306,#2307))
REPRESENTATION_CONTEXT('','3D')
);
#2278=(
GEOMETRIC_REPRESENTATION_CONTEXT(3)
GLOBAL_UNCERTAINTY_ASSIGNED_CONTEXT((#2240))
GLOBAL_UNIT_ASSIGNED_CONTEXT((#2304,#2306,#2307))
REPRESENTATION_CONTEXT('','3D')
);
#2279=(
GEOMETRIC_REPRESENTATION_CONTEXT(3)
GLOBAL_UNCERTAINTY_ASSIGNED_CONTEXT((#2241))
GLOBAL_UNIT_ASSIGNED_CONTEXT((#2304,#2306,#2307))
REPRESENTATION_CONTEXT('','3D')
);
#2280=(
GEOMETRIC_REPRESENTATION_CONTEXT(3)
GLOBAL_UNCERTAINTY_ASSIGNED_CONTEXT((#2242))
GLOBAL_UNIT_ASSIGNED_CONTEXT((#2304,#2306,#2307))
REPRESENTATION_CONTEXT('','3D')
);
#2281=(
GEOMETRIC_REPRESENTATION_CONTEXT(3)
GLOBAL_UNCERTAINTY_ASSIGNED_CONTEXT((#2243))
GLOBAL_UNIT_ASSIGNED_CONTEXT((#2304,#2306,#2307))
REPRESENTATION_CONTEXT('','3D')
);
#2282=(
GEOMETRIC_REPRESENTATION_CONTEXT(3)
GLOBAL_UNCERTAINTY_ASSIGNED_CONTEXT((#2244))
GLOBAL_UNIT_ASSIGNED_CONTEXT((#2304,#2306,#2307))
REPRESENTATION_CONTEXT('','3D')
);
#2283=(
GEOMETRIC_REPRESENTATION_CONTEXT(3)
GLOBAL_UNCERTAINTY_ASSIGNED_CONTEXT((#2245))
GLOBAL_UNIT_ASSIGNED_CONTEXT((#2304,#2306,#2307))
REPRESENTATION_CONTEXT('','3D')
);
#2284=(
GEOMETRIC_REPRESENTATION_CONTEXT(3)
GLOBAL_UNCERTAINTY_ASSIGNED_CONTEXT((#2246))
GLOBAL_UNIT_ASSIGNED_CONTEXT((#2304,#2306,#2307))
REPRESENTATION_CONTEXT('','3D')
);
#2285=(
GEOMETRIC_REPRESENTATION_CONTEXT(3)
GLOBAL_UNCERTAINTY_ASSIGNED_CONTEXT((#2247))
GLOBAL_UNIT_ASSIGNED_CONTEXT((#2304,#2306,#2307))
REPRESENTATION_CONTEXT('','3D')
);
#2286=(
GEOMETRIC_REPRESENTATION_CONTEXT(3)
GLOBAL_UNCERTAINTY_ASSIGNED_CONTEXT((#2248))
GLOBAL_UNIT_ASSIGNED_CONTEXT((#2304,#2306,#2307))
REPRESENTATION_CONTEXT('','3D')
);
#2287=(
GEOMETRIC_REPRESENTATION_CONTEXT(3)
GLOBAL_UNCERTAINTY_ASSIGNED_CONTEXT((#2249))
GLOBAL_UNIT_ASSIGNED_CONTEXT((#2304,#2306,#2307))
REPRESENTATION_CONTEXT('','3D')
);
#2288=(
GEOMETRIC_REPRESENTATION_CONTEXT(3)
GLOBAL_UNCERTAINTY_ASSIGNED_CONTEXT((#2250))
GLOBAL_UNIT_ASSIGNED_CONTEXT((#2304,#2306,#2307))
REPRESENTATION_CONTEXT('','3D')
);
#2289=(
GEOMETRIC_REPRESENTATION_CONTEXT(3)
GLOBAL_UNCERTAINTY_ASSIGNED_CONTEXT((#2251))
GLOBAL_UNIT_ASSIGNED_CONTEXT((#2304,#2306,#2307))
REPRESENTATION_CONTEXT('','3D')
);
#2290=(
GEOMETRIC_REPRESENTATION_CONTEXT(3)
GLOBAL_UNCERTAINTY_ASSIGNED_CONTEXT((#2252))
GLOBAL_UNIT_ASSIGNED_CONTEXT((#2304,#2306,#2307))
REPRESENTATION_CONTEXT('','3D')
);
#2291=(
GEOMETRIC_REPRESENTATION_CONTEXT(3)
GLOBAL_UNCERTAINTY_ASSIGNED_CONTEXT((#2253))
GLOBAL_UNIT_ASSIGNED_CONTEXT((#2304,#2306,#2307))
REPRESENTATION_CONTEXT('','3D')
);
#2292=(
GEOMETRIC_REPRESENTATION_CONTEXT(3)
GLOBAL_UNCERTAINTY_ASSIGNED_CONTEXT((#2254))
GLOBAL_UNIT_ASSIGNED_CONTEXT((#2304,#2306,#2307))
REPRESENTATION_CONTEXT('','3D')
);
#2293=(
GEOMETRIC_REPRESENTATION_CONTEXT(3)
GLOBAL_UNCERTAINTY_ASSIGNED_CONTEXT((#2255))
GLOBAL_UNIT_ASSIGNED_CONTEXT((#2304,#2306,#2307))
REPRESENTATION_CONTEXT('','3D')
);
#2294=(
GEOMETRIC_REPRESENTATION_CONTEXT(3)
GLOBAL_UNCERTAINTY_ASSIGNED_CONTEXT((#2256))
GLOBAL_UNIT_ASSIGNED_CONTEXT((#2304,#2306,#2307))
REPRESENTATION_CONTEXT('','3D')
);
#2295=(
GEOMETRIC_REPRESENTATION_CONTEXT(3)
GLOBAL_UNCERTAINTY_ASSIGNED_CONTEXT((#2257))
GLOBAL_UNIT_ASSIGNED_CONTEXT((#2304,#2306,#2307))
REPRESENTATION_CONTEXT('','3D')
);
#2296=(
GEOMETRIC_REPRESENTATION_CONTEXT(3)
GLOBAL_UNCERTAINTY_ASSIGNED_CONTEXT((#2258))
GLOBAL_UNIT_ASSIGNED_CONTEXT((#2304,#2306,#2307))
REPRESENTATION_CONTEXT('','3D')
);
#2297=(
GEOMETRIC_REPRESENTATION_CONTEXT(3)
GLOBAL_UNCERTAINTY_ASSIGNED_CONTEXT((#2259))
GLOBAL_UNIT_ASSIGNED_CONTEXT((#2304,#2306,#2307))
REPRESENTATION_CONTEXT('','3D')
);
#2298=(
GEOMETRIC_REPRESENTATION_CONTEXT(3)
GLOBAL_UNCERTAINTY_ASSIGNED_CONTEXT((#2260))
GLOBAL_UNIT_ASSIGNED_CONTEXT((#2304,#2306,#2307))
REPRESENTATION_CONTEXT('','3D')
);
#2299=(
GEOMETRIC_REPRESENTATION_CONTEXT(3)
GLOBAL_UNCERTAINTY_ASSIGNED_CONTEXT((#2261))
GLOBAL_UNIT_ASSIGNED_CONTEXT((#2304,#2306,#2307))
REPRESENTATION_CONTEXT('','3D')
);
#2300=(
GEOMETRIC_REPRESENTATION_CONTEXT(3)
GLOBAL_UNCERTAINTY_ASSIGNED_CONTEXT((#2262))
GLOBAL_UNIT_ASSIGNED_CONTEXT((#2304,#2306,#2307))
REPRESENTATION_CONTEXT('','3D')
);
#2301=(
GEOMETRIC_REPRESENTATION_CONTEXT(3)
GLOBAL_UNCERTAINTY_ASSIGNED_CONTEXT((#2263))
GLOBAL_UNIT_ASSIGNED_CONTEXT((#2304,#2306,#2307))
REPRESENTATION_CONTEXT('','3D')
);
#2302=(
GEOMETRIC_REPRESENTATION_CONTEXT(3)
GLOBAL_UNCERTAINTY_ASSIGNED_CONTEXT((#2264))
GLOBAL_UNIT_ASSIGNED_CONTEXT((#2304,#2306,#2307))
REPRESENTATION_CONTEXT('','3D')
);
#2303=(
GEOMETRIC_REPRESENTATION_CONTEXT(3)
GLOBAL_UNCERTAINTY_ASSIGNED_CONTEXT((#2265))
GLOBAL_UNIT_ASSIGNED_CONTEXT((#2304,#2306,#2307))
REPRESENTATION_CONTEXT('','3D')
);
#2304=(
LENGTH_UNIT()
NAMED_UNIT(*)
SI_UNIT(.MILLI.,.METRE.)
);
#2305=(
LENGTH_UNIT()
NAMED_UNIT(*)
SI_UNIT($,.METRE.)
);
#2306=(
NAMED_UNIT(*)
PLANE_ANGLE_UNIT()
SI_UNIT($,.RADIAN.)
);
#2307=(
NAMED_UNIT(*)
SI_UNIT($,.STERADIAN.)
SOLID_ANGLE_UNIT()
);
#2308=SHAPE_DEFINITION_REPRESENTATION(#2345,#2441);
#2309=SHAPE_DEFINITION_REPRESENTATION(#2346,#2442);
#2310=SHAPE_DEFINITION_REPRESENTATION(#2347,#2443);
#2311=SHAPE_DEFINITION_REPRESENTATION(#2348,#2444);
#2312=SHAPE_DEFINITION_REPRESENTATION(#2349,#2445);
#2313=SHAPE_DEFINITION_REPRESENTATION(#2351,#2446);
#2314=SHAPE_DEFINITION_REPRESENTATION(#2352,#2447);
#2315=SHAPE_DEFINITION_REPRESENTATION(#2353,#2448);
#2316=SHAPE_DEFINITION_REPRESENTATION(#2354,#2449);
#2317=SHAPE_DEFINITION_REPRESENTATION(#2355,#2450);
#2318=SHAPE_DEFINITION_REPRESENTATION(#2356,#2451);
#2319=SHAPE_DEFINITION_REPRESENTATION(#2357,#2452);
#2320=SHAPE_DEFINITION_REPRESENTATION(#2358,#2453);
#2321=SHAPE_DEFINITION_REPRESENTATION(#2359,#2454);
#2322=SHAPE_DEFINITION_REPRESENTATION(#2360,#2455);
#2323=SHAPE_DEFINITION_REPRESENTATION(#2361,#2456);
#2324=SHAPE_DEFINITION_REPRESENTATION(#2362,#2457);
#2325=SHAPE_DEFINITION_REPRESENTATION(#2363,#2458);
#2326=SHAPE_DEFINITION_REPRESENTATION(#2381,#2459);
#2327=SHAPE_DEFINITION_REPRESENTATION(#2382,#2460);
#2328=SHAPE_DEFINITION_REPRESENTATION(#2383,#2461);
#2329=SHAPE_DEFINITION_REPRESENTATION(#2384,#2462);
#2330=SHAPE_DEFINITION_REPRESENTATION(#2397,#2463);
#2331=SHAPE_DEFINITION_REPRESENTATION(#2398,#2464);
#2332=SHAPE_DEFINITION_REPRESENTATION(#2399,#2465);
#2333=SHAPE_DEFINITION_REPRESENTATION(#2400,#2466);
#2334=SHAPE_DEFINITION_REPRESENTATION(#2401,#2467);
#2335=SHAPE_DEFINITION_REPRESENTATION(#2402,#2468);
#2336=SHAPE_DEFINITION_REPRESENTATION(#2403,#2469);
#2337=SHAPE_DEFINITION_REPRESENTATION(#2404,#2470);
#2338=SHAPE_DEFINITION_REPRESENTATION(#2405,#2471);
#2339=SHAPE_DEFINITION_REPRESENTATION(#2406,#2472);
#2340=SHAPE_DEFINITION_REPRESENTATION(#2407,#2473);
#2341=SHAPE_DEFINITION_REPRESENTATION(#2413,#2474);
#2342=SHAPE_DEFINITION_REPRESENTATION(#2414,#2475);
#2343=SHAPE_DEFINITION_REPRESENTATION(#2420,#2476);
#2344=SHAPE_DEFINITION_REPRESENTATION(#2424,#2477);
#2345=PRODUCT_DEFINITION_SHAPE('',$,#2479);
#2346=PRODUCT_DEFINITION_SHAPE('',$,#2480);
#2347=PRODUCT_DEFINITION_SHAPE('',$,#2481);
#2348=PRODUCT_DEFINITION_SHAPE('',$,#2482);
#2349=PRODUCT_DEFINITION_SHAPE('',$,#2483);
#2350=PRODUCT_DEFINITION_SHAPE($,$,#977);
#2351=PRODUCT_DEFINITION_SHAPE('',$,#2484);
#2352=PRODUCT_DEFINITION_SHAPE('',$,#2485);
#2353=PRODUCT_DEFINITION_SHAPE('',$,#2486);
#2354=PRODUCT_DEFINITION_SHAPE('',$,#2487);
#2355=PRODUCT_DEFINITION_SHAPE('',$,#2488);
#2356=PRODUCT_DEFINITION_SHAPE('',$,#2489);
#2357=PRODUCT_DEFINITION_SHAPE('',$,#2490);
#2358=PRODUCT_DEFINITION_SHAPE('',$,#2491);
#2359=PRODUCT_DEFINITION_SHAPE('',$,#2492);
#2360=PRODUCT_DEFINITION_SHAPE('',$,#2493);
#2361=PRODUCT_DEFINITION_SHAPE('',$,#2494);
#2362=PRODUCT_DEFINITION_SHAPE('',$,#2495);
#2363=PRODUCT_DEFINITION_SHAPE('',$,#2496);
#2364=PRODUCT_DEFINITION_SHAPE($,$,#978);
#2365=PRODUCT_DEFINITION_SHAPE($,$,#979);
#2366=PRODUCT_DEFINITION_SHAPE($,$,#980);
#2367=PRODUCT_DEFINITION_SHAPE($,$,#981);
#2368=PRODUCT_DEFINITION_SHAPE($,$,#982);
#2369=PRODUCT_DEFINITION_SHAPE($,$,#983);
#2370=PRODUCT_DEFINITION_SHAPE($,$,#984);
#2371=PRODUCT_DEFINITION_SHAPE($,$,#985);
#2372=PRODUCT_DEFINITION_SHAPE($,$,#986);
#2373=PRODUCT_DEFINITION_SHAPE($,$,#987);
#2374=PRODUCT_DEFINITION_SHAPE($,$,#988);
#2375=PRODUCT_DEFINITION_SHAPE($,$,#989);
#2376=PRODUCT_DEFINITION_SHAPE($,$,#990);
#2377=PRODUCT_DEFINITION_SHAPE($,$,#991);
#2378=PRODUCT_DEFINITION_SHAPE($,$,#992);
#2379=PRODUCT_DEFINITION_SHAPE($,$,#993);
#2380=PRODUCT_DEFINITION_SHAPE($,$,#994);
#2381=PRODUCT_DEFINITION_SHAPE('',$,#2497);
#2382=PRODUCT_DEFINITION_SHAPE('',$,#2498);
#2383=PRODUCT_DEFINITION_SHAPE('',$,#2499);
#2384=PRODUCT_DEFINITION_SHAPE('',$,#2500);
#2385=PRODUCT_DEFINITION_SHAPE($,$,#995);
#2386=PRODUCT_DEFINITION_SHAPE($,$,#996);
#2387=PRODUCT_DEFINITION_SHAPE($,$,#997);
#2388=PRODUCT_DEFINITION_SHAPE($,$,#998);
#2389=PRODUCT_DEFINITION_SHAPE($,$,#999);
#2390=PRODUCT_DEFINITION_SHAPE($,$,#1000);
#2391=PRODUCT_DEFINITION_SHAPE($,$,#1001);
#2392=PRODUCT_DEFINITION_SHAPE($,$,#1002);
#2393=PRODUCT_DEFINITION_SHAPE($,$,#1003);
#2394=PRODUCT_DEFINITION_SHAPE($,$,#1004);
#2395=PRODUCT_DEFINITION_SHAPE($,$,#1005);
#2396=PRODUCT_DEFINITION_SHAPE($,$,#1006);
#2397=PRODUCT_DEFINITION_SHAPE('',$,#2501);
#2398=PRODUCT_DEFINITION_SHAPE('',$,#2502);
#2399=PRODUCT_DEFINITION_SHAPE('',$,#2503);
#2400=PRODUCT_DEFINITION_SHAPE('',$,#2504);
#2401=PRODUCT_DEFINITION_SHAPE('',$,#2505);
#2402=PRODUCT_DEFINITION_SHAPE('',$,#2506);
#2403=PRODUCT_DEFINITION_SHAPE('',$,#2507);
#2404=PRODUCT_DEFINITION_SHAPE('',$,#2508);
#2405=PRODUCT_DEFINITION_SHAPE('',$,#2509);
#2406=PRODUCT_DEFINITION_SHAPE('',$,#2510);
#2407=PRODUCT_DEFINITION_SHAPE('',$,#2511);
#2408=PRODUCT_DEFINITION_SHAPE($,$,#1007);
#2409=PRODUCT_DEFINITION_SHAPE($,$,#1008);
#2410=PRODUCT_DEFINITION_SHAPE($,$,#1009);
#2411=PRODUCT_DEFINITION_SHAPE($,$,#1010);
#2412=PRODUCT_DEFINITION_SHAPE($,$,#1011);
#2413=PRODUCT_DEFINITION_SHAPE('',$,#2512);
#2414=PRODUCT_DEFINITION_SHAPE('',$,#2513);
#2415=PRODUCT_DEFINITION_SHAPE($,$,#1012);
#2416=PRODUCT_DEFINITION_SHAPE($,$,#1013);
#2417=PRODUCT_DEFINITION_SHAPE($,$,#1014);
#2418=PRODUCT_DEFINITION_SHAPE($,$,#1015);
#2419=PRODUCT_DEFINITION_SHAPE($,$,#1016);
#2420=PRODUCT_DEFINITION_SHAPE('',$,#2514);
#2421=PRODUCT_DEFINITION_SHAPE($,$,#1017);
#2422=PRODUCT_DEFINITION_SHAPE($,$,#1018);
#2423=PRODUCT_DEFINITION_SHAPE($,$,#1019);
#2424=PRODUCT_DEFINITION_SHAPE('',$,#2515);
#2425=PRODUCT_DEFINITION_SHAPE($,$,#1020);
#2426=PRODUCT_DEFINITION_SHAPE($,$,#1021);
#2427=PRODUCT_DEFINITION_SHAPE($,$,#1022);
#2428=PRODUCT_DEFINITION_SHAPE($,$,#1023);
#2429=PRODUCT_DEFINITION_SHAPE($,$,#1024);
#2430=PRODUCT_DEFINITION_SHAPE($,$,#1025);
#2431=PRODUCT_DEFINITION_SHAPE($,$,#1026);
#2432=PRODUCT_DEFINITION_SHAPE($,$,#1027);
#2433=PRODUCT_DEFINITION_SHAPE($,$,#1028);
#2434=PRODUCT_DEFINITION_SHAPE($,$,#1029);
#2435=PRODUCT_DEFINITION_SHAPE($,$,#1030);
#2436=PRODUCT_DEFINITION_SHAPE($,$,#1031);
#2437=PRODUCT_DEFINITION_SHAPE($,$,#1032);
#2438=PRODUCT_DEFINITION_SHAPE($,$,#1033);
#2439=PRODUCT_DEFINITION_SHAPE($,$,#1034);
#2440=PRODUCT_DEFINITION_SHAPE($,$,#1035);
#2441=SHAPE_REPRESENTATION('',(#1224,#1380,#1381,#1382,#1383,#1384,#1385,
#1386,#1387,#1388,#1389,#1390,#1391,#1392,#1393,#1394,#1395),#2266);
#2442=SHAPE_REPRESENTATION('',(#1225,#1264),#2267);
#2443=SHAPE_REPRESENTATION('',(#1226,#1265),#2268);
#2444=SHAPE_REPRESENTATION('',(#1227,#1229),#2269);
#2445=SHAPE_REPRESENTATION('',(#1228),#2270);
#2446=SHAPE_REPRESENTATION('',(#1230,#1266),#2271);
#2447=SHAPE_REPRESENTATION('',(#1231,#1267),#2272);
#2448=SHAPE_REPRESENTATION('',(#1232,#1268),#2273);
#2449=SHAPE_REPRESENTATION('',(#1233,#1269),#2274);
#2450=SHAPE_REPRESENTATION('',(#1234,#1270),#2275);
#2451=SHAPE_REPRESENTATION('',(#1235,#1271),#2276);
#2452=SHAPE_REPRESENTATION('',(#1236,#1272),#2277);
#2453=SHAPE_REPRESENTATION('',(#1237,#1259),#2278);
#2454=SHAPE_REPRESENTATION('',(#1238,#1243,#1244,#1245,#1246,#1247,#1248,
#1249,#1250,#1251,#1252,#1253,#1254,#1255,#1256,#1257,#1258),#2279);
#2455=SHAPE_REPRESENTATION('',(#1239),#2280);
#2456=SHAPE_REPRESENTATION('',(#1240),#2281);
#2457=SHAPE_REPRESENTATION('',(#1241),#2282);
#2458=SHAPE_REPRESENTATION('',(#1242),#2283);
#2459=SHAPE_REPRESENTATION('',(#1260,#1273),#2284);
#2460=SHAPE_REPRESENTATION('',(#1261,#1274),#2285);
#2461=SHAPE_REPRESENTATION('',(#1262,#1275),#2286);
#2462=SHAPE_REPRESENTATION('',(#1263),#2287);
#2463=SHAPE_REPRESENTATION('',(#1276,#1302),#2288);
#2464=SHAPE_REPRESENTATION('',(#1277,#1300,#1301),#2289);
#2465=SHAPE_REPRESENTATION('',(#1278,#1294,#1295,#1296,#1297,#1298),#2290);
#2466=SHAPE_REPRESENTATION('',(#1279),#2291);
#2467=SHAPE_REPRESENTATION('',(#1280),#2292);
#2468=SHAPE_REPRESENTATION('',(#1281,#1287,#1288,#1289,#1290,#1291),#2293);
#2469=SHAPE_REPRESENTATION('',(#1282),#2294);
#2470=SHAPE_REPRESENTATION('',(#1283),#2295);
#2471=SHAPE_REPRESENTATION('',(#1284),#2296);
#2472=SHAPE_REPRESENTATION('',(#1285),#2297);
#2473=SHAPE_REPRESENTATION('',(#1286),#2298);
#2474=SHAPE_REPRESENTATION('',(#1292),#2299);
#2475=SHAPE_REPRESENTATION('',(#1293),#2300);
#2476=SHAPE_REPRESENTATION('',(#1299),#2301);
#2477=SHAPE_REPRESENTATION('',(#1303),#2302);
#2478=PRODUCT_DEFINITION_CONTEXT('part definition',#2591,'design');
#2479=PRODUCT_DEFINITION('2026-09-13-20-21-34-576','Pyae''s Macro Pad',
#2516,#2478);
#2480=PRODUCT_DEFINITION('2026-09-13-20-21-34-577','MX_PCB',#2517,#2478);
#2481=PRODUCT_DEFINITION('2026-09-13-20-21-34-577_1','MX_PCB',#2518,#2478);
#2482=PRODUCT_DEFINITION('2026-09-13-20-21-34-579','EC11',#2519,#2478);
#2483=PRODUCT_DEFINITION('2026-09-13-20-21-34-580','\X2\047D05EA00B110EB01F7\X0\',
#2520,#2478);
#2484=PRODUCT_DEFINITION('2026-09-13-20-21-34-577_2','MX_PCB',#2521,#2478);
#2485=PRODUCT_DEFINITION('2026-09-13-20-21-34-577_3','MX_PCB',#2522,#2478);
#2486=PRODUCT_DEFINITION('2026-09-13-20-21-34-577_4','MX_PCB',#2523,#2478);
#2487=PRODUCT_DEFINITION('2026-09-13-20-21-34-577_5','MX_PCB',#2524,#2478);
#2488=PRODUCT_DEFINITION('2026-09-13-20-21-34-577_6','MX_PCB',#2525,#2478);
#2489=PRODUCT_DEFINITION('2026-09-13-20-21-34-577_7','MX_PCB',#2526,#2478);
#2490=PRODUCT_DEFINITION('2026-09-13-20-21-34-577_8','MX_PCB',#2527,#2478);
#2491=PRODUCT_DEFINITION('2026-09-13-20-21-34-581','OLED_128x32',#2528,
#2478);
#2492=PRODUCT_DEFINITION('2026-09-13-20-21-34-582',
'OLED_0.91_128x32 (1)',#2529,#2478);
#2493=PRODUCT_DEFINITION('2026-09-13-20-21-34-583','OLED_0.91_128x32',#2530,
#2478);
#2494=PRODUCT_DEFINITION('2026-09-13-20-21-34-584',
'Pin Header 4 x 1 TH 2.54mm Pitch',#2531,#2478);
#2495=PRODUCT_DEFINITION('2026-09-13-20-21-34-585','RESC-0603',#2532,#2478);
#2496=PRODUCT_DEFINITION('2026-09-13-20-21-34-586','2SD0601A',#2533,#2478);
#2497=PRODUCT_DEFINITION('2026-09-13-20-21-34-577_9','MX_PCB',#2534,#2478);
#2498=PRODUCT_DEFINITION('2026-09-13-20-21-34-577_10','MX_PCB',#2535,#2478);
#2499=PRODUCT_DEFINITION('2026-09-13-20-21-34-577_11','MX_PCB',#2536,#2478);
#2500=PRODUCT_DEFINITION('2026-09-13-20-21-34-578',
'SW_Cherry_MX_PCB_cp',#2537,#2478);
#2501=PRODUCT_DEFINITION('2026-09-13-20-21-34-587','Seeed_XIAO_RP2040',
#2538,#2478);
#2502=PRODUCT_DEFINITION('2026-09-13-20-21-34-588',
'Seeed Studio XIAO RP2040 v26',#2539,#2478);
#2503=PRODUCT_DEFINITION('2026-09-13-20-21-34-589','main',#2540,#2478);
#2504=PRODUCT_DEFINITION('2026-09-13-20-21-34-590','type-c v2',#2541,#2478);
#2505=PRODUCT_DEFINITION('2026-09-13-20-21-34-591','smd_button v3',#2542,
#2478);
#2506=PRODUCT_DEFINITION('2026-09-13-20-21-34-592','SK6805-2.4x2.7 v1',
#2543,#2478);
#2507=PRODUCT_DEFINITION('2026-09-13-20-21-34-593','Shell',#2544,#2478);
#2508=PRODUCT_DEFINITION('2026-09-13-20-21-34-594','DOUT',#2545,#2478);
#2509=PRODUCT_DEFINITION('2026-09-13-20-21-34-595','DIN',#2546,#2478);
#2510=PRODUCT_DEFINITION('2026-09-13-20-21-34-596','VSS',#2547,#2478);
#2511=PRODUCT_DEFINITION('2026-09-13-20-21-34-597','VDD',#2548,#2478);
#2512=PRODUCT_DEFINITION('2026-09-13-20-21-34-598',
'smd_button v3(Mirror)',#2549,#2478);
#2513=PRODUCT_DEFINITION('2026-09-13-20-21-34-599','COMPOUND',#2550,#2478);
#2514=PRODUCT_DEFINITION('2026-09-13-20-21-34-600','COMPOUND (1)',#2551,
#2478);
#2515=PRODUCT_DEFINITION('2026-09-13-20-21-34-603','Pya5F53_PCB',#2552,
#2478);
#2516=PRODUCT_DEFINITION_FORMATION('',$,#2593);
#2517=PRODUCT_DEFINITION_FORMATION('',$,#2594);
#2518=PRODUCT_DEFINITION_FORMATION('',$,#2595);
#2519=PRODUCT_DEFINITION_FORMATION('',$,#2596);
#2520=PRODUCT_DEFINITION_FORMATION('',$,#2597);
#2521=PRODUCT_DEFINITION_FORMATION('',$,#2598);
#2522=PRODUCT_DEFINITION_FORMATION('',$,#2599);
#2523=PRODUCT_DEFINITION_FORMATION('',$,#2600);
#2524=PRODUCT_DEFINITION_FORMATION('',$,#2601);
#2525=PRODUCT_DEFINITION_FORMATION('',$,#2602);
#2526=PRODUCT_DEFINITION_FORMATION('',$,#2603);
#2527=PRODUCT_DEFINITION_FORMATION('',$,#2604);
#2528=PRODUCT_DEFINITION_FORMATION('',$,#2605);
#2529=PRODUCT_DEFINITION_FORMATION('',$,#2606);
#2530=PRODUCT_DEFINITION_FORMATION('',$,#2607);
#2531=PRODUCT_DEFINITION_FORMATION('',$,#2608);
#2532=PRODUCT_DEFINITION_FORMATION('',$,#2609);
#2533=PRODUCT_DEFINITION_FORMATION('',$,#2610);
#2534=PRODUCT_DEFINITION_FORMATION('',$,#2611);
#2535=PRODUCT_DEFINITION_FORMATION('',$,#2612);
#2536=PRODUCT_DEFINITION_FORMATION('',$,#2613);
#2537=PRODUCT_DEFINITION_FORMATION('',$,#2614);
#2538=PRODUCT_DEFINITION_FORMATION('',$,#2615);
#2539=PRODUCT_DEFINITION_FORMATION('',$,#2616);
#2540=PRODUCT_DEFINITION_FORMATION('',$,#2617);
#2541=PRODUCT_DEFINITION_FORMATION('',$,#2618);
#2542=PRODUCT_DEFINITION_FORMATION('',$,#2619);
#2543=PRODUCT_DEFINITION_FORMATION('',$,#2620);
#2544=PRODUCT_DEFINITION_FORMATION('',$,#2621);
#2545=PRODUCT_DEFINITION_FORMATION('',$,#2622);
#2546=PRODUCT_DEFINITION_FORMATION('',$,#2623);
#2547=PRODUCT_DEFINITION_FORMATION('',$,#2624);
#2548=PRODUCT_DEFINITION_FORMATION('',$,#2625);
#2549=PRODUCT_DEFINITION_FORMATION('',$,#2626);
#2550=PRODUCT_DEFINITION_FORMATION('',$,#2627);
#2551=PRODUCT_DEFINITION_FORMATION('',$,#2628);
#2552=PRODUCT_DEFINITION_FORMATION('',$,#2629);
#2553=PRODUCT_RELATED_PRODUCT_CATEGORY('Pyae''s Macro Pad',
'Pyae''s Macro Pad',(#2593));
#2554=PRODUCT_RELATED_PRODUCT_CATEGORY('MX_PCB','MX_PCB',(#2594));
#2555=PRODUCT_RELATED_PRODUCT_CATEGORY('MX_PCB','MX_PCB',(#2595));
#2556=PRODUCT_RELATED_PRODUCT_CATEGORY('EC11','EC11',(#2596));
#2557=PRODUCT_RELATED_PRODUCT_CATEGORY('\X2\047D05EA00B110EB01F7\X0\',
'\X2\047D05EA00B110EB01F7\X0\',(#2597));
#2558=PRODUCT_RELATED_PRODUCT_CATEGORY('MX_PCB','MX_PCB',(#2598));
#2559=PRODUCT_RELATED_PRODUCT_CATEGORY('MX_PCB','MX_PCB',(#2599));
#2560=PRODUCT_RELATED_PRODUCT_CATEGORY('MX_PCB','MX_PCB',(#2600));
#2561=PRODUCT_RELATED_PRODUCT_CATEGORY('MX_PCB','MX_PCB',(#2601));
#2562=PRODUCT_RELATED_PRODUCT_CATEGORY('MX_PCB','MX_PCB',(#2602));
#2563=PRODUCT_RELATED_PRODUCT_CATEGORY('MX_PCB','MX_PCB',(#2603));
#2564=PRODUCT_RELATED_PRODUCT_CATEGORY('MX_PCB','MX_PCB',(#2604));
#2565=PRODUCT_RELATED_PRODUCT_CATEGORY('OLED_128x32','OLED_128x32',(#2605));
#2566=PRODUCT_RELATED_PRODUCT_CATEGORY('OLED_0.91_128x32 (1)',
'OLED_0.91_128x32 (1)',(#2606));
#2567=PRODUCT_RELATED_PRODUCT_CATEGORY('OLED_0.91_128x32',
'OLED_0.91_128x32',(#2607));
#2568=PRODUCT_RELATED_PRODUCT_CATEGORY(
'Pin Header 4 x 1 TH 2.54mm Pitch','Pin Header 4 x 1 TH 2.54mm Pitch',(#2608));
#2569=PRODUCT_RELATED_PRODUCT_CATEGORY('RESC-0603','RESC-0603',(#2609));
#2570=PRODUCT_RELATED_PRODUCT_CATEGORY('2SD0601A','2SD0601A',(#2610));
#2571=PRODUCT_RELATED_PRODUCT_CATEGORY('MX_PCB','MX_PCB',(#2611));
#2572=PRODUCT_RELATED_PRODUCT_CATEGORY('MX_PCB','MX_PCB',(#2612));
#2573=PRODUCT_RELATED_PRODUCT_CATEGORY('MX_PCB','MX_PCB',(#2613));
#2574=PRODUCT_RELATED_PRODUCT_CATEGORY('SW_Cherry_MX_PCB_cp',
'SW_Cherry_MX_PCB_cp',(#2614));
#2575=PRODUCT_RELATED_PRODUCT_CATEGORY('Seeed_XIAO_RP2040',
'Seeed_XIAO_RP2040',(#2615));
#2576=PRODUCT_RELATED_PRODUCT_CATEGORY('Seeed Studio XIAO RP2040 v26',
'Seeed Studio XIAO RP2040 v26',(#2616));
#2577=PRODUCT_RELATED_PRODUCT_CATEGORY('main','main',(#2617));
#2578=PRODUCT_RELATED_PRODUCT_CATEGORY('type-c v2','type-c v2',(#2618));
#2579=PRODUCT_RELATED_PRODUCT_CATEGORY('smd_button v3','smd_button v3',
(#2619));
#2580=PRODUCT_RELATED_PRODUCT_CATEGORY('SK6805-2.4x2.7 v1',
'SK6805-2.4x2.7 v1',(#2620));
#2581=PRODUCT_RELATED_PRODUCT_CATEGORY('Shell','Shell',(#2621));
#2582=PRODUCT_RELATED_PRODUCT_CATEGORY('DOUT','DOUT',(#2622));
#2583=PRODUCT_RELATED_PRODUCT_CATEGORY('DIN','DIN',(#2623));
#2584=PRODUCT_RELATED_PRODUCT_CATEGORY('VSS','VSS',(#2624));
#2585=PRODUCT_RELATED_PRODUCT_CATEGORY('VDD','VDD',(#2625));
#2586=PRODUCT_RELATED_PRODUCT_CATEGORY('smd_button v3(Mirror)',
'smd_button v3(Mirror)',(#2626));
#2587=PRODUCT_RELATED_PRODUCT_CATEGORY('COMPOUND','COMPOUND',(#2627));
#2588=PRODUCT_RELATED_PRODUCT_CATEGORY('COMPOUND (1)','COMPOUND (1)',(#2628));
#2589=PRODUCT_RELATED_PRODUCT_CATEGORY('Pya5F53_PCB','Pya5F53_PCB',(#2629));
#2590=APPLICATION_PROTOCOL_DEFINITION('international standard',
'automotive_design',2009,#2591);
#2591=APPLICATION_CONTEXT(
'Core Data for Automotive Mechanical Design Process');
#2592=PRODUCT_CONTEXT('part definition',#2591,'mechanical');
#2593=PRODUCT('2026-09-13-20-21-34-576','Pyae''s Macro Pad',
'KiCad electronic assembly',(#2592));
#2594=PRODUCT('2026-09-13-20-21-34-577','MX_PCB',$,(#2592));
#2595=PRODUCT('2026-09-13-20-21-34-577_1','MX_PCB',$,(#2592));
#2596=PRODUCT('2026-09-13-20-21-34-579','EC11',$,(#2592));
#2597=PRODUCT('2026-09-13-20-21-34-580','\X2\047D05EA00B110EB01F7\X0\',
$,(#2592));
#2598=PRODUCT('2026-09-13-20-21-34-577_2','MX_PCB',$,(#2592));
#2599=PRODUCT('2026-09-13-20-21-34-577_3','MX_PCB',$,(#2592));
#2600=PRODUCT('2026-09-13-20-21-34-577_4','MX_PCB',$,(#2592));
#2601=PRODUCT('2026-09-13-20-21-34-577_5','MX_PCB',$,(#2592));
#2602=PRODUCT('2026-09-13-20-21-34-577_6','MX_PCB',$,(#2592));
#2603=PRODUCT('2026-09-13-20-21-34-577_7','MX_PCB',$,(#2592));
#2604=PRODUCT('2026-09-13-20-21-34-577_8','MX_PCB',$,(#2592));
#2605=PRODUCT('2026-09-13-20-21-34-581','OLED_128x32',$,(#2592));
#2606=PRODUCT('2026-09-13-20-21-34-582','OLED_0.91_128x32 (1)',$,(#2592));
#2607=PRODUCT('2026-09-13-20-21-34-583','OLED_0.91_128x32',$,(#2592));
#2608=PRODUCT('2026-09-13-20-21-34-584',
'Pin Header 4 x 1 TH 2.54mm Pitch',$,(#2592));
#2609=PRODUCT('2026-09-13-20-21-34-585','RESC-0603',$,(#2592));
#2610=PRODUCT('2026-09-13-20-21-34-586','2SD0601A',$,(#2592));
#2611=PRODUCT('2026-09-13-20-21-34-577_9','MX_PCB',$,(#2592));
#2612=PRODUCT('2026-09-13-20-21-34-577_10','MX_PCB',$,(#2592));
#2613=PRODUCT('2026-09-13-20-21-34-577_11','MX_PCB',$,(#2592));
#2614=PRODUCT('2026-09-13-20-21-34-578','SW_Cherry_MX_PCB_cp',$,(#2592));
#2615=PRODUCT('2026-09-13-20-21-34-587','Seeed_XIAO_RP2040',$,(#2592));
#2616=PRODUCT('2026-09-13-20-21-34-588','Seeed Studio XIAO RP2040 v26',
$,(#2592));
#2617=PRODUCT('2026-09-13-20-21-34-589','main',$,(#2592));
#2618=PRODUCT('2026-09-13-20-21-34-590','type-c v2',$,(#2592));
#2619=PRODUCT('2026-09-13-20-21-34-591','smd_button v3',$,(#2592));
#2620=PRODUCT('2026-09-13-20-21-34-592','SK6805-2.4x2.7 v1',$,(#2592));
#2621=PRODUCT('2026-09-13-20-21-34-593','Shell',$,(#2592));
#2622=PRODUCT('2026-09-13-20-21-34-594','DOUT',$,(#2592));
#2623=PRODUCT('2026-09-13-20-21-34-595','DIN',$,(#2592));
#2624=PRODUCT('2026-09-13-20-21-34-596','VSS',$,(#2592));
#2625=PRODUCT('2026-09-13-20-21-34-597','VDD',$,(#2592));
#2626=PRODUCT('2026-09-13-20-21-34-598','smd_button v3(Mirror)',$,(#2592));
#2627=PRODUCT('2026-09-13-20-21-34-599','COMPOUND',$,(#2592));
#2628=PRODUCT('2026-09-13-20-21-34-600','COMPOUND (1)',$,(#2592));
#2629=PRODUCT('2026-09-13-20-21-34-603','Pya5F53_PCB',$,(#2592));
#2630=PRESENTATION_STYLE_ASSIGNMENT((#2631));
#2631=SURFACE_STYLE_USAGE(.BOTH.,#2632);
#2632=SURFACE_SIDE_STYLE('',(#2633));
#2633=SURFACE_STYLE_FILL_AREA(#2634);
#2634=FILL_AREA_STYLE('Steel - Satin',(#2635));
#2635=FILL_AREA_STYLE_COLOUR('Steel - Satin',#2636);
#2636=COLOUR_RGB('Steel - Satin',0.627450980392157,0.627450980392157,0.627450980392157);
ENDSEC;
END-ISO-10303-21;
