ISO-10303-21;
HEADER;
/* Generated by software containing ST-Developer
 * from STEP Tools, Inc. (www.steptools.com) 
 */

FILE_DESCRIPTION(
/* description */ (''),
/* implementation_level */ '2;1');

FILE_NAME(
/* name */ 'Pyae''s Macropad (Full).step',
/* time_stamp */ '2026-10-03T10:13:32-07:00',
/* author */ (''),
/* organization */ (''),
/* preprocessor_version */ 'ST-DEVELOPER v20.2',
/* originating_system */ 'Autodesk Translation Framework v15.15.0.0',
/* authorisation */ '');

FILE_SCHEMA (('AUTOMOTIVE_DESIGN { 1 0 10303 214 3 1 1 }'));
ENDSEC;

DATA;
#10=MECHANICAL_DESIGN_GEOMETRIC_PRESENTATION_REPRESENTATION('',(#38,#39,
#40,#41),#12013);
#11=SHAPE_REPRESENTATION_RELATIONSHIP('SRR','None',#12020,#12);
#12=ADVANCED_BREP_SHAPE_REPRESENTATION('',(#42,#43,#44,#45),#12012);
#13=CONICAL_SURFACE('',#7891,5.25000020861626,0.785398163397446);
#14=(
BOUNDED_SURFACE()
B_SPLINE_SURFACE(2,2,((#11682,#11683,#11684),(#11685,#11686,#11687),(#11688,
#11689,#11690)),.UNSPECIFIED.,.F.,.F.,.F.)
B_SPLINE_SURFACE_WITH_KNOTS((3,3),(3,3),(-1.48770086621852,1.21663155490326E-15),
(1.5707963267949,3.14159265358979),.UNSPECIFIED.)
GEOMETRIC_REPRESENTATION_ITEM()
RATIONAL_B_SPLINE_SURFACE(((1.,0.707106781186547,1.),(0.735866790445067,
0.520336397573687,0.735866790445067),(1.,0.707106781186547,1.)))
REPRESENTATION_ITEM('')
SURFACE()
);
#15=(
BOUNDED_SURFACE()
B_SPLINE_SURFACE(2,2,((#11751,#11752,#11753),(#11754,#11755,#11756),(#11757,
#11758,#11759)),.UNSPECIFIED.,.F.,.F.,.F.)
B_SPLINE_SURFACE_WITH_KNOTS((3,3),(3,3),(-1.48770086621851,6.48233926586297E-17),
(-3.14159265358979,-1.5707963267949),.UNSPECIFIED.)
GEOMETRIC_REPRESENTATION_ITEM()
RATIONAL_B_SPLINE_SURFACE(((1.,0.707106781186548,1.),(0.735866790445073,
0.520336397573691,0.735866790445073),(1.,0.707106781186548,1.)))
REPRESENTATION_ITEM('')
SURFACE()
);
#16=(
BOUNDED_SURFACE()
B_SPLINE_SURFACE(2,2,((#11817,#11818,#11819),(#11820,#11821,#11822),(#11823,
#11824,#11825)),.UNSPECIFIED.,.F.,.F.,.F.)
B_SPLINE_SURFACE_WITH_KNOTS((3,3),(3,3),(-1.48770086621851,7.62619993329089E-17),
(-1.5707963267949,2.52666204763566E-16),.UNSPECIFIED.)
GEOMETRIC_REPRESENTATION_ITEM()
RATIONAL_B_SPLINE_SURFACE(((1.,0.707106781186547,1.),(0.735866790445062,
0.520336397573683,0.735866790445062),(1.,0.707106781186547,1.)))
REPRESENTATION_ITEM('')
SURFACE()
);
#17=(
BOUNDED_SURFACE()
B_SPLINE_SURFACE(2,2,((#11869,#11870,#11871),(#11872,#11873,#11874),(#11875,
#11876,#11877)),.UNSPECIFIED.,.F.,.F.,.F.)
B_SPLINE_SURFACE_WITH_KNOTS((3,3),(3,3),(-1.48770086621851,4.41095300596622E-16),
(-3.04899259878395E-15,1.5707963267949),.UNSPECIFIED.)
GEOMETRIC_REPRESENTATION_ITEM()
RATIONAL_B_SPLINE_SURFACE(((1.,0.707106781186546,1.),(0.735866790445085,
0.520336397573699,0.735866790445085),(1.,0.707106781186546,1.)))
REPRESENTATION_ITEM('')
SURFACE()
);
#18=B_SPLINE_CURVE_WITH_KNOTS('',3,(#11653,#11654,#11655,#11656,#11657,
#11658),.UNSPECIFIED.,.F.,.F.,(4,2,4),(0.384256137451367,0.400580985451007,
0.418987811667108),.UNSPECIFIED.);
#19=B_SPLINE_CURVE_WITH_KNOTS('',3,(#11673,#11674,#11675,#11676,#11677,
#11678),.UNSPECIFIED.,.F.,.F.,(4,2,4),(0.625864644185213,0.644271470401307,
0.660596318400942),.UNSPECIFIED.);
#20=B_SPLINE_CURVE_WITH_KNOTS('',3,(#11692,#11693,#11694,#11695,#11696,
#11697,#11698,#11699,#11700,#11701,#11702,#11703,#11704,#11705,#11706,#11707,
#11708,#11709,#11710),.UNSPECIFIED.,.F.,.F.,(4,2,2,2,2,3,2,2,4),(0.859876438933202,
0.878891527938897,0.937255317336382,0.997334084172243,1.05688163828352,
1.08361708930669,1.13665555661527,1.20380454316806,1.21478783943609),
 .UNSPECIFIED.);
#21=B_SPLINE_CURVE_WITH_KNOTS('',3,(#11711,#11712,#11713,#11714,#11715,
#11716,#11717,#11718),.UNSPECIFIED.,.F.,.F.,(4,2,2,4),(1.21478783943609,
1.2658131309942,1.33080075637241,1.33550097231844),.UNSPECIFIED.);
#22=B_SPLINE_CURVE_WITH_KNOTS('',3,(#11722,#11723,#11724,#11725,#11726,
#11727),.UNSPECIFIED.,.F.,.F.,(4,2,4),(0.384256137451371,0.400580985451006,
0.418987811667112),.UNSPECIFIED.);
#23=B_SPLINE_CURVE_WITH_KNOTS('',3,(#11742,#11743,#11744,#11745,#11746,
#11747),.UNSPECIFIED.,.F.,.F.,(4,2,4),(0.625864644185207,0.644271470401304,
0.660596318400945),.UNSPECIFIED.);
#24=B_SPLINE_CURVE_WITH_KNOTS('',3,(#11761,#11762,#11763,#11764,#11765,
#11766,#11767,#11768),.UNSPECIFIED.,.F.,.F.,(4,2,2,4),(0.150098517082204,
0.170995123555059,0.203889672594715,0.206411830025361),.UNSPECIFIED.);
#25=B_SPLINE_CURVE_WITH_KNOTS('',3,(#11769,#11770,#11771,#11772,#11773,
#11774,#11775,#11776,#11777,#11778,#11779,#11780,#11781,#11782,#11783,#11784),
 .UNSPECIFIED.,.F.,.F.,(4,2,2,2,2,2,2,4),(0.206411830025361,0.236628557434684,
0.265167209058174,0.291382942842833,0.324703457651152,0.354638997149591,
0.385146905131855,0.396013415763595),.UNSPECIFIED.);
#26=B_SPLINE_CURVE_WITH_KNOTS('',3,(#11788,#11789,#11790,#11791,#11792,
#11793),.UNSPECIFIED.,.F.,.F.,(4,2,4),(0.384256137451367,0.400580985451006,
0.4189878116671),.UNSPECIFIED.);
#27=B_SPLINE_CURVE_WITH_KNOTS('',3,(#11808,#11809,#11810,#11811,#11812,
#11813),.UNSPECIFIED.,.F.,.F.,(4,2,4),(0.62582758159897,0.643192742113969,
0.660560959967472),.UNSPECIFIED.);
#28=B_SPLINE_CURVE_WITH_KNOTS('',3,(#11826,#11827,#11828,#11829,#11830,
#11831,#11832,#11833,#11834,#11835,#11836,#11837,#11838,#11839,#11840,#11841,
#11842,#11843,#11844,#11845),.UNSPECIFIED.,.F.,.F.,(4,2,2,2,2,2,2,2,2,4),
(0.150098517081028,0.170995123553977,0.203889672593809,0.236628557433943,
0.26516720905754,0.291382942842288,0.324703457650713,0.35463899714922,0.38514690513153,
0.396013415763276),.UNSPECIFIED.);
#29=B_SPLINE_CURVE_WITH_KNOTS('',3,(#11849,#11850,#11851,#11852,#11853,
#11854),.UNSPECIFIED.,.F.,.F.,(4,2,4),(0.384729968342094,0.402098186195598,
0.419463346710596),.UNSPECIFIED.);
#30=B_SPLINE_CURVE_WITH_KNOTS('',3,(#11860,#11861,#11862,#11863,#11864,
#11865),.UNSPECIFIED.,.F.,.F.,(4,2,4),(0.625864644185207,0.644271470401303,
0.660596318400941),.UNSPECIFIED.);
#31=B_SPLINE_CURVE_WITH_KNOTS('',3,(#11878,#11879,#11880,#11881,#11882,
#11883,#11884,#11885,#11886,#11887,#11888,#11889,#11890,#11891,#11892,#11893,
#11894,#11895,#11896,#11897,#11898,#11899,#11900),.UNSPECIFIED.,.F.,.F.,
(4,2,2,2,2,3,2,2,2,2,4),(0.859876438933359,0.878891527939074,0.937255317336599,
0.99733408417248,1.05688163828376,1.08361708930693,1.13665555661552,1.20380454316833,
1.26581313099453,1.33080075637277,1.33550097231882),.UNSPECIFIED.);
#32=ELLIPSE('',#7784,5.01909918771674,5.);
#33=ELLIPSE('',#7786,5.01909918771674,5.);
#34=ELLIPSE('',#7787,7.18420579180312,5.);
#35=ELLIPSE('',#7788,7.18420579180312,5.);
#36=ELLIPSE('',#7794,5.53723289526466,5.);
#37=ELLIPSE('',#7805,5.53723289526467,5.);
#38=STYLED_ITEM('',(#12029),#42);
#39=STYLED_ITEM('',(#12029),#43);
#40=STYLED_ITEM('',(#12029),#44);
#41=STYLED_ITEM('',(#12029),#45);
#42=MANIFOLD_SOLID_BREP('Body2',#7438);
#43=MANIFOLD_SOLID_BREP('Body3',#7439);
#44=MANIFOLD_SOLID_BREP('Body4',#7440);
#45=MANIFOLD_SOLID_BREP('Body5',#7441);
#46=FACE_BOUND('',#613,.T.);
#47=FACE_BOUND('',#614,.T.);
#48=FACE_BOUND('',#615,.T.);
#49=FACE_BOUND('',#616,.T.);
#50=FACE_BOUND('',#617,.T.);
#51=FACE_BOUND('',#618,.T.);
#52=FACE_BOUND('',#619,.T.);
#53=FACE_BOUND('',#620,.T.);
#54=FACE_BOUND('',#621,.T.);
#55=FACE_BOUND('',#622,.T.);
#56=FACE_BOUND('',#623,.T.);
#57=FACE_BOUND('',#624,.T.);
#58=FACE_BOUND('',#625,.T.);
#59=FACE_BOUND('',#626,.T.);
#60=FACE_BOUND('',#627,.T.);
#61=FACE_BOUND('',#628,.T.);
#62=FACE_BOUND('',#629,.T.);
#63=FACE_BOUND('',#630,.T.);
#64=FACE_BOUND('',#631,.T.);
#65=FACE_BOUND('',#658,.T.);
#66=FACE_BOUND('',#676,.T.);
#67=FACE_BOUND('',#694,.T.);
#68=FACE_BOUND('',#712,.T.);
#69=FACE_BOUND('',#730,.T.);
#70=FACE_BOUND('',#748,.T.);
#71=FACE_BOUND('',#766,.T.);
#72=FACE_BOUND('',#784,.T.);
#73=FACE_BOUND('',#802,.T.);
#74=FACE_BOUND('',#820,.T.);
#75=FACE_BOUND('',#838,.T.);
#76=FACE_BOUND('',#856,.T.);
#77=FACE_BOUND('',#874,.T.);
#78=FACE_BOUND('',#934,.T.);
#79=FACE_BOUND('',#935,.T.);
#80=FACE_BOUND('',#936,.T.);
#81=FACE_BOUND('',#937,.T.);
#82=FACE_BOUND('',#938,.T.);
#83=FACE_BOUND('',#939,.T.);
#84=FACE_BOUND('',#940,.T.);
#85=FACE_BOUND('',#941,.T.);
#86=FACE_BOUND('',#942,.T.);
#87=FACE_BOUND('',#943,.T.);
#88=FACE_BOUND('',#944,.T.);
#89=FACE_BOUND('',#945,.T.);
#90=FACE_BOUND('',#946,.T.);
#91=FACE_BOUND('',#947,.T.);
#92=FACE_BOUND('',#948,.T.);
#93=FACE_BOUND('',#949,.T.);
#94=FACE_BOUND('',#950,.T.);
#95=FACE_BOUND('',#951,.T.);
#96=FACE_BOUND('',#952,.T.);
#97=FACE_BOUND('',#968,.T.);
#98=FACE_BOUND('',#970,.T.);
#99=FACE_BOUND('',#971,.T.);
#100=FACE_BOUND('',#972,.T.);
#101=FACE_BOUND('',#973,.T.);
#102=FACE_BOUND('',#974,.T.);
#103=FACE_BOUND('',#987,.T.);
#104=FACE_BOUND('',#1018,.T.);
#105=FACE_BOUND('',#1019,.T.);
#106=FACE_BOUND('',#1020,.T.);
#107=FACE_BOUND('',#1021,.T.);
#108=FACE_BOUND('',#1022,.T.);
#109=FACE_BOUND('',#1023,.T.);
#110=FACE_BOUND('',#1024,.T.);
#111=FACE_BOUND('',#1025,.T.);
#112=FACE_BOUND('',#1038,.T.);
#113=FACE_BOUND('',#1039,.T.);
#114=FACE_BOUND('',#1040,.T.);
#115=FACE_BOUND('',#1043,.T.);
#116=FACE_BOUND('',#1046,.T.);
#117=CIRCLE('',#7460,5.);
#118=CIRCLE('',#7461,5.);
#119=CIRCLE('',#7464,5.);
#120=CIRCLE('',#7465,5.);
#121=CIRCLE('',#7466,5.);
#122=CIRCLE('',#7467,1.6);
#123=CIRCLE('',#7468,1.6);
#124=CIRCLE('',#7469,1.6);
#125=CIRCLE('',#7470,1.6);
#126=CIRCLE('',#7472,5.);
#127=CIRCLE('',#7475,5.);
#128=CIRCLE('',#7478,5.);
#129=CIRCLE('',#7480,1.6);
#130=CIRCLE('',#7482,1.6);
#131=CIRCLE('',#7484,1.6);
#132=CIRCLE('',#7486,1.6);
#133=CIRCLE('',#7768,3.5);
#134=CIRCLE('',#7769,3.5);
#135=CIRCLE('',#7772,3.5);
#136=CIRCLE('',#7773,3.5);
#137=CIRCLE('',#7775,3.5);
#138=CIRCLE('',#7776,3.5);
#139=CIRCLE('',#7779,3.5);
#140=CIRCLE('',#7781,3.5);
#141=CIRCLE('',#7783,5.);
#142=CIRCLE('',#7791,5.);
#143=CIRCLE('',#7793,5.);
#144=CIRCLE('',#7799,5.);
#145=CIRCLE('',#7800,2.3);
#146=CIRCLE('',#7801,2.3);
#147=CIRCLE('',#7802,2.3);
#148=CIRCLE('',#7803,2.3);
#149=CIRCLE('',#7813,2.3);
#150=CIRCLE('',#7815,2.3);
#151=CIRCLE('',#7817,2.3);
#152=CIRCLE('',#7821,2.3);
#153=CIRCLE('',#7833,3.00000000000001);
#154=CIRCLE('',#7834,3.);
#155=CIRCLE('',#7836,3.);
#156=CIRCLE('',#7838,3.);
#157=CIRCLE('',#7839,3.00000000000001);
#158=CIRCLE('',#7841,3.00000000000001);
#159=CIRCLE('',#7842,5.);
#160=CIRCLE('',#7844,3.);
#161=CIRCLE('',#7846,3.);
#162=CIRCLE('',#7847,3.);
#163=CIRCLE('',#7849,3.);
#164=CIRCLE('',#7850,5.);
#165=CIRCLE('',#7852,3.);
#166=CIRCLE('',#7854,3.00000000000001);
#167=CIRCLE('',#7855,3.00000000000001);
#168=CIRCLE('',#7857,2.99999999999999);
#169=CIRCLE('',#7858,5.);
#170=CIRCLE('',#7860,3.);
#171=CIRCLE('',#7862,3.);
#172=CIRCLE('',#7863,5.);
#173=CIRCLE('',#7865,1.6);
#174=CIRCLE('',#7866,1.6);
#175=CIRCLE('',#7868,1.6);
#176=CIRCLE('',#7869,1.6);
#177=CIRCLE('',#7870,1.6);
#178=CIRCLE('',#7872,7.75);
#179=CIRCLE('',#7873,1.6);
#180=CIRCLE('',#7874,1.6);
#181=CIRCLE('',#7876,7.75);
#182=CIRCLE('',#7878,1.6);
#183=CIRCLE('',#7888,1.6);
#184=CIRCLE('',#7889,1.6);
#185=CIRCLE('',#7892,5.50000020861626);
#186=CIRCLE('',#7893,5.00000020861626);
#187=CIRCLE('',#7895,7.5);
#188=CIRCLE('',#7898,7.5);
#189=CIRCLE('',#7899,2.99999999999999);
#190=CIRCLE('',#7902,2.99999999999999);
#191=CYLINDRICAL_SURFACE('',#7459,5.);
#192=CYLINDRICAL_SURFACE('',#7471,5.);
#193=CYLINDRICAL_SURFACE('',#7474,5.);
#194=CYLINDRICAL_SURFACE('',#7477,5.);
#195=CYLINDRICAL_SURFACE('',#7479,1.6);
#196=CYLINDRICAL_SURFACE('',#7481,1.6);
#197=CYLINDRICAL_SURFACE('',#7483,1.6);
#198=CYLINDRICAL_SURFACE('',#7485,1.6);
#199=CYLINDRICAL_SURFACE('',#7767,3.5);
#200=CYLINDRICAL_SURFACE('',#7771,3.5);
#201=CYLINDRICAL_SURFACE('',#7778,3.5);
#202=CYLINDRICAL_SURFACE('',#7780,3.5);
#203=CYLINDRICAL_SURFACE('',#7782,5.);
#204=CYLINDRICAL_SURFACE('',#7790,5.);
#205=CYLINDRICAL_SURFACE('',#7792,5.);
#206=CYLINDRICAL_SURFACE('',#7795,5.);
#207=CYLINDRICAL_SURFACE('',#7804,5.);
#208=CYLINDRICAL_SURFACE('',#7806,5.);
#209=CYLINDRICAL_SURFACE('',#7812,2.3);
#210=CYLINDRICAL_SURFACE('',#7814,2.3);
#211=CYLINDRICAL_SURFACE('',#7816,2.3);
#212=CYLINDRICAL_SURFACE('',#7820,2.3);
#213=CYLINDRICAL_SURFACE('',#7832,3.);
#214=CYLINDRICAL_SURFACE('',#7835,3.);
#215=CYLINDRICAL_SURFACE('',#7837,3.);
#216=CYLINDRICAL_SURFACE('',#7840,3.);
#217=CYLINDRICAL_SURFACE('',#7843,3.);
#218=CYLINDRICAL_SURFACE('',#7845,3.);
#219=CYLINDRICAL_SURFACE('',#7848,3.);
#220=CYLINDRICAL_SURFACE('',#7851,3.);
#221=CYLINDRICAL_SURFACE('',#7853,3.);
#222=CYLINDRICAL_SURFACE('',#7856,3.);
#223=CYLINDRICAL_SURFACE('',#7859,3.);
#224=CYLINDRICAL_SURFACE('',#7861,3.);
#225=CYLINDRICAL_SURFACE('',#7864,1.6);
#226=CYLINDRICAL_SURFACE('',#7867,1.6);
#227=CYLINDRICAL_SURFACE('',#7875,7.75);
#228=CYLINDRICAL_SURFACE('',#7877,1.6);
#229=CYLINDRICAL_SURFACE('',#7887,1.6);
#230=CYLINDRICAL_SURFACE('',#7903,2.99999999999999);
#231=CYLINDRICAL_SURFACE('',#7904,7.5);
#232=FACE_OUTER_BOUND('',#606,.T.);
#233=FACE_OUTER_BOUND('',#607,.T.);
#234=FACE_OUTER_BOUND('',#608,.T.);
#235=FACE_OUTER_BOUND('',#609,.T.);
#236=FACE_OUTER_BOUND('',#610,.T.);
#237=FACE_OUTER_BOUND('',#611,.T.);
#238=FACE_OUTER_BOUND('',#612,.T.);
#239=FACE_OUTER_BOUND('',#632,.T.);
#240=FACE_OUTER_BOUND('',#633,.T.);
#241=FACE_OUTER_BOUND('',#634,.T.);
#242=FACE_OUTER_BOUND('',#635,.T.);
#243=FACE_OUTER_BOUND('',#636,.T.);
#244=FACE_OUTER_BOUND('',#637,.T.);
#245=FACE_OUTER_BOUND('',#638,.T.);
#246=FACE_OUTER_BOUND('',#639,.T.);
#247=FACE_OUTER_BOUND('',#640,.T.);
#248=FACE_OUTER_BOUND('',#641,.T.);
#249=FACE_OUTER_BOUND('',#642,.T.);
#250=FACE_OUTER_BOUND('',#643,.T.);
#251=FACE_OUTER_BOUND('',#644,.T.);
#252=FACE_OUTER_BOUND('',#645,.T.);
#253=FACE_OUTER_BOUND('',#646,.T.);
#254=FACE_OUTER_BOUND('',#647,.T.);
#255=FACE_OUTER_BOUND('',#648,.T.);
#256=FACE_OUTER_BOUND('',#649,.T.);
#257=FACE_OUTER_BOUND('',#650,.T.);
#258=FACE_OUTER_BOUND('',#651,.T.);
#259=FACE_OUTER_BOUND('',#652,.T.);
#260=FACE_OUTER_BOUND('',#653,.T.);
#261=FACE_OUTER_BOUND('',#654,.T.);
#262=FACE_OUTER_BOUND('',#655,.T.);
#263=FACE_OUTER_BOUND('',#656,.T.);
#264=FACE_OUTER_BOUND('',#657,.T.);
#265=FACE_OUTER_BOUND('',#659,.T.);
#266=FACE_OUTER_BOUND('',#660,.T.);
#267=FACE_OUTER_BOUND('',#661,.T.);
#268=FACE_OUTER_BOUND('',#662,.T.);
#269=FACE_OUTER_BOUND('',#663,.T.);
#270=FACE_OUTER_BOUND('',#664,.T.);
#271=FACE_OUTER_BOUND('',#665,.T.);
#272=FACE_OUTER_BOUND('',#666,.T.);
#273=FACE_OUTER_BOUND('',#667,.T.);
#274=FACE_OUTER_BOUND('',#668,.T.);
#275=FACE_OUTER_BOUND('',#669,.T.);
#276=FACE_OUTER_BOUND('',#670,.T.);
#277=FACE_OUTER_BOUND('',#671,.T.);
#278=FACE_OUTER_BOUND('',#672,.T.);
#279=FACE_OUTER_BOUND('',#673,.T.);
#280=FACE_OUTER_BOUND('',#674,.T.);
#281=FACE_OUTER_BOUND('',#675,.T.);
#282=FACE_OUTER_BOUND('',#677,.T.);
#283=FACE_OUTER_BOUND('',#678,.T.);
#284=FACE_OUTER_BOUND('',#679,.T.);
#285=FACE_OUTER_BOUND('',#680,.T.);
#286=FACE_OUTER_BOUND('',#681,.T.);
#287=FACE_OUTER_BOUND('',#682,.T.);
#288=FACE_OUTER_BOUND('',#683,.T.);
#289=FACE_OUTER_BOUND('',#684,.T.);
#290=FACE_OUTER_BOUND('',#685,.T.);
#291=FACE_OUTER_BOUND('',#686,.T.);
#292=FACE_OUTER_BOUND('',#687,.T.);
#293=FACE_OUTER_BOUND('',#688,.T.);
#294=FACE_OUTER_BOUND('',#689,.T.);
#295=FACE_OUTER_BOUND('',#690,.T.);
#296=FACE_OUTER_BOUND('',#691,.T.);
#297=FACE_OUTER_BOUND('',#692,.T.);
#298=FACE_OUTER_BOUND('',#693,.T.);
#299=FACE_OUTER_BOUND('',#695,.T.);
#300=FACE_OUTER_BOUND('',#696,.T.);
#301=FACE_OUTER_BOUND('',#697,.T.);
#302=FACE_OUTER_BOUND('',#698,.T.);
#303=FACE_OUTER_BOUND('',#699,.T.);
#304=FACE_OUTER_BOUND('',#700,.T.);
#305=FACE_OUTER_BOUND('',#701,.T.);
#306=FACE_OUTER_BOUND('',#702,.T.);
#307=FACE_OUTER_BOUND('',#703,.T.);
#308=FACE_OUTER_BOUND('',#704,.T.);
#309=FACE_OUTER_BOUND('',#705,.T.);
#310=FACE_OUTER_BOUND('',#706,.T.);
#311=FACE_OUTER_BOUND('',#707,.T.);
#312=FACE_OUTER_BOUND('',#708,.T.);
#313=FACE_OUTER_BOUND('',#709,.T.);
#314=FACE_OUTER_BOUND('',#710,.T.);
#315=FACE_OUTER_BOUND('',#711,.T.);
#316=FACE_OUTER_BOUND('',#713,.T.);
#317=FACE_OUTER_BOUND('',#714,.T.);
#318=FACE_OUTER_BOUND('',#715,.T.);
#319=FACE_OUTER_BOUND('',#716,.T.);
#320=FACE_OUTER_BOUND('',#717,.T.);
#321=FACE_OUTER_BOUND('',#718,.T.);
#322=FACE_OUTER_BOUND('',#719,.T.);
#323=FACE_OUTER_BOUND('',#720,.T.);
#324=FACE_OUTER_BOUND('',#721,.T.);
#325=FACE_OUTER_BOUND('',#722,.T.);
#326=FACE_OUTER_BOUND('',#723,.T.);
#327=FACE_OUTER_BOUND('',#724,.T.);
#328=FACE_OUTER_BOUND('',#725,.T.);
#329=FACE_OUTER_BOUND('',#726,.T.);
#330=FACE_OUTER_BOUND('',#727,.T.);
#331=FACE_OUTER_BOUND('',#728,.T.);
#332=FACE_OUTER_BOUND('',#729,.T.);
#333=FACE_OUTER_BOUND('',#731,.T.);
#334=FACE_OUTER_BOUND('',#732,.T.);
#335=FACE_OUTER_BOUND('',#733,.T.);
#336=FACE_OUTER_BOUND('',#734,.T.);
#337=FACE_OUTER_BOUND('',#735,.T.);
#338=FACE_OUTER_BOUND('',#736,.T.);
#339=FACE_OUTER_BOUND('',#737,.T.);
#340=FACE_OUTER_BOUND('',#738,.T.);
#341=FACE_OUTER_BOUND('',#739,.T.);
#342=FACE_OUTER_BOUND('',#740,.T.);
#343=FACE_OUTER_BOUND('',#741,.T.);
#344=FACE_OUTER_BOUND('',#742,.T.);
#345=FACE_OUTER_BOUND('',#743,.T.);
#346=FACE_OUTER_BOUND('',#744,.T.);
#347=FACE_OUTER_BOUND('',#745,.T.);
#348=FACE_OUTER_BOUND('',#746,.T.);
#349=FACE_OUTER_BOUND('',#747,.T.);
#350=FACE_OUTER_BOUND('',#749,.T.);
#351=FACE_OUTER_BOUND('',#750,.T.);
#352=FACE_OUTER_BOUND('',#751,.T.);
#353=FACE_OUTER_BOUND('',#752,.T.);
#354=FACE_OUTER_BOUND('',#753,.T.);
#355=FACE_OUTER_BOUND('',#754,.T.);
#356=FACE_OUTER_BOUND('',#755,.T.);
#357=FACE_OUTER_BOUND('',#756,.T.);
#358=FACE_OUTER_BOUND('',#757,.T.);
#359=FACE_OUTER_BOUND('',#758,.T.);
#360=FACE_OUTER_BOUND('',#759,.T.);
#361=FACE_OUTER_BOUND('',#760,.T.);
#362=FACE_OUTER_BOUND('',#761,.T.);
#363=FACE_OUTER_BOUND('',#762,.T.);
#364=FACE_OUTER_BOUND('',#763,.T.);
#365=FACE_OUTER_BOUND('',#764,.T.);
#366=FACE_OUTER_BOUND('',#765,.T.);
#367=FACE_OUTER_BOUND('',#767,.T.);
#368=FACE_OUTER_BOUND('',#768,.T.);
#369=FACE_OUTER_BOUND('',#769,.T.);
#370=FACE_OUTER_BOUND('',#770,.T.);
#371=FACE_OUTER_BOUND('',#771,.T.);
#372=FACE_OUTER_BOUND('',#772,.T.);
#373=FACE_OUTER_BOUND('',#773,.T.);
#374=FACE_OUTER_BOUND('',#774,.T.);
#375=FACE_OUTER_BOUND('',#775,.T.);
#376=FACE_OUTER_BOUND('',#776,.T.);
#377=FACE_OUTER_BOUND('',#777,.T.);
#378=FACE_OUTER_BOUND('',#778,.T.);
#379=FACE_OUTER_BOUND('',#779,.T.);
#380=FACE_OUTER_BOUND('',#780,.T.);
#381=FACE_OUTER_BOUND('',#781,.T.);
#382=FACE_OUTER_BOUND('',#782,.T.);
#383=FACE_OUTER_BOUND('',#783,.T.);
#384=FACE_OUTER_BOUND('',#785,.T.);
#385=FACE_OUTER_BOUND('',#786,.T.);
#386=FACE_OUTER_BOUND('',#787,.T.);
#387=FACE_OUTER_BOUND('',#788,.T.);
#388=FACE_OUTER_BOUND('',#789,.T.);
#389=FACE_OUTER_BOUND('',#790,.T.);
#390=FACE_OUTER_BOUND('',#791,.T.);
#391=FACE_OUTER_BOUND('',#792,.T.);
#392=FACE_OUTER_BOUND('',#793,.T.);
#393=FACE_OUTER_BOUND('',#794,.T.);
#394=FACE_OUTER_BOUND('',#795,.T.);
#395=FACE_OUTER_BOUND('',#796,.T.);
#396=FACE_OUTER_BOUND('',#797,.T.);
#397=FACE_OUTER_BOUND('',#798,.T.);
#398=FACE_OUTER_BOUND('',#799,.T.);
#399=FACE_OUTER_BOUND('',#800,.T.);
#400=FACE_OUTER_BOUND('',#801,.T.);
#401=FACE_OUTER_BOUND('',#803,.T.);
#402=FACE_OUTER_BOUND('',#804,.T.);
#403=FACE_OUTER_BOUND('',#805,.T.);
#404=FACE_OUTER_BOUND('',#806,.T.);
#405=FACE_OUTER_BOUND('',#807,.T.);
#406=FACE_OUTER_BOUND('',#808,.T.);
#407=FACE_OUTER_BOUND('',#809,.T.);
#408=FACE_OUTER_BOUND('',#810,.T.);
#409=FACE_OUTER_BOUND('',#811,.T.);
#410=FACE_OUTER_BOUND('',#812,.T.);
#411=FACE_OUTER_BOUND('',#813,.T.);
#412=FACE_OUTER_BOUND('',#814,.T.);
#413=FACE_OUTER_BOUND('',#815,.T.);
#414=FACE_OUTER_BOUND('',#816,.T.);
#415=FACE_OUTER_BOUND('',#817,.T.);
#416=FACE_OUTER_BOUND('',#818,.T.);
#417=FACE_OUTER_BOUND('',#819,.T.);
#418=FACE_OUTER_BOUND('',#821,.T.);
#419=FACE_OUTER_BOUND('',#822,.T.);
#420=FACE_OUTER_BOUND('',#823,.T.);
#421=FACE_OUTER_BOUND('',#824,.T.);
#422=FACE_OUTER_BOUND('',#825,.T.);
#423=FACE_OUTER_BOUND('',#826,.T.);
#424=FACE_OUTER_BOUND('',#827,.T.);
#425=FACE_OUTER_BOUND('',#828,.T.);
#426=FACE_OUTER_BOUND('',#829,.T.);
#427=FACE_OUTER_BOUND('',#830,.T.);
#428=FACE_OUTER_BOUND('',#831,.T.);
#429=FACE_OUTER_BOUND('',#832,.T.);
#430=FACE_OUTER_BOUND('',#833,.T.);
#431=FACE_OUTER_BOUND('',#834,.T.);
#432=FACE_OUTER_BOUND('',#835,.T.);
#433=FACE_OUTER_BOUND('',#836,.T.);
#434=FACE_OUTER_BOUND('',#837,.T.);
#435=FACE_OUTER_BOUND('',#839,.T.);
#436=FACE_OUTER_BOUND('',#840,.T.);
#437=FACE_OUTER_BOUND('',#841,.T.);
#438=FACE_OUTER_BOUND('',#842,.T.);
#439=FACE_OUTER_BOUND('',#843,.T.);
#440=FACE_OUTER_BOUND('',#844,.T.);
#441=FACE_OUTER_BOUND('',#845,.T.);
#442=FACE_OUTER_BOUND('',#846,.T.);
#443=FACE_OUTER_BOUND('',#847,.T.);
#444=FACE_OUTER_BOUND('',#848,.T.);
#445=FACE_OUTER_BOUND('',#849,.T.);
#446=FACE_OUTER_BOUND('',#850,.T.);
#447=FACE_OUTER_BOUND('',#851,.T.);
#448=FACE_OUTER_BOUND('',#852,.T.);
#449=FACE_OUTER_BOUND('',#853,.T.);
#450=FACE_OUTER_BOUND('',#854,.T.);
#451=FACE_OUTER_BOUND('',#855,.T.);
#452=FACE_OUTER_BOUND('',#857,.T.);
#453=FACE_OUTER_BOUND('',#858,.T.);
#454=FACE_OUTER_BOUND('',#859,.T.);
#455=FACE_OUTER_BOUND('',#860,.T.);
#456=FACE_OUTER_BOUND('',#861,.T.);
#457=FACE_OUTER_BOUND('',#862,.T.);
#458=FACE_OUTER_BOUND('',#863,.T.);
#459=FACE_OUTER_BOUND('',#864,.T.);
#460=FACE_OUTER_BOUND('',#865,.T.);
#461=FACE_OUTER_BOUND('',#866,.T.);
#462=FACE_OUTER_BOUND('',#867,.T.);
#463=FACE_OUTER_BOUND('',#868,.T.);
#464=FACE_OUTER_BOUND('',#869,.T.);
#465=FACE_OUTER_BOUND('',#870,.T.);
#466=FACE_OUTER_BOUND('',#871,.T.);
#467=FACE_OUTER_BOUND('',#872,.T.);
#468=FACE_OUTER_BOUND('',#873,.T.);
#469=FACE_OUTER_BOUND('',#875,.T.);
#470=FACE_OUTER_BOUND('',#876,.T.);
#471=FACE_OUTER_BOUND('',#877,.T.);
#472=FACE_OUTER_BOUND('',#878,.T.);
#473=FACE_OUTER_BOUND('',#879,.T.);
#474=FACE_OUTER_BOUND('',#880,.T.);
#475=FACE_OUTER_BOUND('',#881,.T.);
#476=FACE_OUTER_BOUND('',#882,.T.);
#477=FACE_OUTER_BOUND('',#883,.T.);
#478=FACE_OUTER_BOUND('',#884,.T.);
#479=FACE_OUTER_BOUND('',#885,.T.);
#480=FACE_OUTER_BOUND('',#886,.T.);
#481=FACE_OUTER_BOUND('',#887,.T.);
#482=FACE_OUTER_BOUND('',#888,.T.);
#483=FACE_OUTER_BOUND('',#889,.T.);
#484=FACE_OUTER_BOUND('',#890,.T.);
#485=FACE_OUTER_BOUND('',#891,.T.);
#486=FACE_OUTER_BOUND('',#892,.T.);
#487=FACE_OUTER_BOUND('',#893,.T.);
#488=FACE_OUTER_BOUND('',#894,.T.);
#489=FACE_OUTER_BOUND('',#895,.T.);
#490=FACE_OUTER_BOUND('',#896,.T.);
#491=FACE_OUTER_BOUND('',#897,.T.);
#492=FACE_OUTER_BOUND('',#898,.T.);
#493=FACE_OUTER_BOUND('',#899,.T.);
#494=FACE_OUTER_BOUND('',#900,.T.);
#495=FACE_OUTER_BOUND('',#901,.T.);
#496=FACE_OUTER_BOUND('',#902,.T.);
#497=FACE_OUTER_BOUND('',#903,.T.);
#498=FACE_OUTER_BOUND('',#904,.T.);
#499=FACE_OUTER_BOUND('',#905,.T.);
#500=FACE_OUTER_BOUND('',#906,.T.);
#501=FACE_OUTER_BOUND('',#907,.T.);
#502=FACE_OUTER_BOUND('',#908,.T.);
#503=FACE_OUTER_BOUND('',#909,.T.);
#504=FACE_OUTER_BOUND('',#910,.T.);
#505=FACE_OUTER_BOUND('',#911,.T.);
#506=FACE_OUTER_BOUND('',#912,.T.);
#507=FACE_OUTER_BOUND('',#913,.T.);
#508=FACE_OUTER_BOUND('',#914,.T.);
#509=FACE_OUTER_BOUND('',#915,.T.);
#510=FACE_OUTER_BOUND('',#916,.T.);
#511=FACE_OUTER_BOUND('',#917,.T.);
#512=FACE_OUTER_BOUND('',#918,.T.);
#513=FACE_OUTER_BOUND('',#919,.T.);
#514=FACE_OUTER_BOUND('',#920,.T.);
#515=FACE_OUTER_BOUND('',#921,.T.);
#516=FACE_OUTER_BOUND('',#922,.T.);
#517=FACE_OUTER_BOUND('',#923,.T.);
#518=FACE_OUTER_BOUND('',#924,.T.);
#519=FACE_OUTER_BOUND('',#925,.T.);
#520=FACE_OUTER_BOUND('',#926,.T.);
#521=FACE_OUTER_BOUND('',#927,.T.);
#522=FACE_OUTER_BOUND('',#928,.T.);
#523=FACE_OUTER_BOUND('',#929,.T.);
#524=FACE_OUTER_BOUND('',#930,.T.);
#525=FACE_OUTER_BOUND('',#931,.T.);
#526=FACE_OUTER_BOUND('',#932,.T.);
#527=FACE_OUTER_BOUND('',#933,.T.);
#528=FACE_OUTER_BOUND('',#953,.T.);
#529=FACE_OUTER_BOUND('',#954,.T.);
#530=FACE_OUTER_BOUND('',#955,.T.);
#531=FACE_OUTER_BOUND('',#956,.T.);
#532=FACE_OUTER_BOUND('',#957,.T.);
#533=FACE_OUTER_BOUND('',#958,.T.);
#534=FACE_OUTER_BOUND('',#959,.T.);
#535=FACE_OUTER_BOUND('',#960,.T.);
#536=FACE_OUTER_BOUND('',#961,.T.);
#537=FACE_OUTER_BOUND('',#962,.T.);
#538=FACE_OUTER_BOUND('',#963,.T.);
#539=FACE_OUTER_BOUND('',#964,.T.);
#540=FACE_OUTER_BOUND('',#965,.T.);
#541=FACE_OUTER_BOUND('',#966,.T.);
#542=FACE_OUTER_BOUND('',#967,.T.);
#543=FACE_OUTER_BOUND('',#969,.T.);
#544=FACE_OUTER_BOUND('',#975,.T.);
#545=FACE_OUTER_BOUND('',#976,.T.);
#546=FACE_OUTER_BOUND('',#977,.T.);
#547=FACE_OUTER_BOUND('',#978,.T.);
#548=FACE_OUTER_BOUND('',#979,.T.);
#549=FACE_OUTER_BOUND('',#980,.T.);
#550=FACE_OUTER_BOUND('',#981,.T.);
#551=FACE_OUTER_BOUND('',#982,.T.);
#552=FACE_OUTER_BOUND('',#983,.T.);
#553=FACE_OUTER_BOUND('',#984,.T.);
#554=FACE_OUTER_BOUND('',#985,.T.);
#555=FACE_OUTER_BOUND('',#986,.T.);
#556=FACE_OUTER_BOUND('',#988,.T.);
#557=FACE_OUTER_BOUND('',#989,.T.);
#558=FACE_OUTER_BOUND('',#990,.T.);
#559=FACE_OUTER_BOUND('',#991,.T.);
#560=FACE_OUTER_BOUND('',#992,.T.);
#561=FACE_OUTER_BOUND('',#993,.T.);
#562=FACE_OUTER_BOUND('',#994,.T.);
#563=FACE_OUTER_BOUND('',#995,.T.);
#564=FACE_OUTER_BOUND('',#996,.T.);
#565=FACE_OUTER_BOUND('',#997,.T.);
#566=FACE_OUTER_BOUND('',#998,.T.);
#567=FACE_OUTER_BOUND('',#999,.T.);
#568=FACE_OUTER_BOUND('',#1000,.T.);
#569=FACE_OUTER_BOUND('',#1001,.T.);
#570=FACE_OUTER_BOUND('',#1002,.T.);
#571=FACE_OUTER_BOUND('',#1003,.T.);
#572=FACE_OUTER_BOUND('',#1004,.T.);
#573=FACE_OUTER_BOUND('',#1005,.T.);
#574=FACE_OUTER_BOUND('',#1006,.T.);
#575=FACE_OUTER_BOUND('',#1007,.T.);
#576=FACE_OUTER_BOUND('',#1008,.T.);
#577=FACE_OUTER_BOUND('',#1009,.T.);
#578=FACE_OUTER_BOUND('',#1010,.T.);
#579=FACE_OUTER_BOUND('',#1011,.T.);
#580=FACE_OUTER_BOUND('',#1012,.T.);
#581=FACE_OUTER_BOUND('',#1013,.T.);
#582=FACE_OUTER_BOUND('',#1014,.T.);
#583=FACE_OUTER_BOUND('',#1015,.T.);
#584=FACE_OUTER_BOUND('',#1016,.T.);
#585=FACE_OUTER_BOUND('',#1017,.T.);
#586=FACE_OUTER_BOUND('',#1026,.T.);
#587=FACE_OUTER_BOUND('',#1027,.T.);
#588=FACE_OUTER_BOUND('',#1028,.T.);
#589=FACE_OUTER_BOUND('',#1029,.T.);
#590=FACE_OUTER_BOUND('',#1030,.T.);
#591=FACE_OUTER_BOUND('',#1031,.T.);
#592=FACE_OUTER_BOUND('',#1032,.T.);
#593=FACE_OUTER_BOUND('',#1033,.T.);
#594=FACE_OUTER_BOUND('',#1034,.T.);
#595=FACE_OUTER_BOUND('',#1035,.T.);
#596=FACE_OUTER_BOUND('',#1036,.T.);
#597=FACE_OUTER_BOUND('',#1037,.T.);
#598=FACE_OUTER_BOUND('',#1041,.T.);
#599=FACE_OUTER_BOUND('',#1042,.T.);
#600=FACE_OUTER_BOUND('',#1044,.T.);
#601=FACE_OUTER_BOUND('',#1045,.T.);
#602=FACE_OUTER_BOUND('',#1047,.T.);
#603=FACE_OUTER_BOUND('',#1048,.T.);
#604=FACE_OUTER_BOUND('',#1049,.T.);
#605=FACE_OUTER_BOUND('',#1050,.T.);
#606=EDGE_LOOP('',(#4662,#4663,#4664,#4665));
#607=EDGE_LOOP('',(#4666,#4667,#4668,#4669));
#608=EDGE_LOOP('',(#4670,#4671,#4672,#4673));
#609=EDGE_LOOP('',(#4674,#4675,#4676,#4677));
#610=EDGE_LOOP('',(#4678,#4679,#4680,#4681));
#611=EDGE_LOOP('',(#4682,#4683,#4684,#4685));
#612=EDGE_LOOP('',(#4686,#4687,#4688,#4689,#4690,#4691,#4692,#4693));
#613=EDGE_LOOP('',(#4694));
#614=EDGE_LOOP('',(#4695));
#615=EDGE_LOOP('',(#4696));
#616=EDGE_LOOP('',(#4697));
#617=EDGE_LOOP('',(#4698,#4699,#4700,#4701,#4702));
#618=EDGE_LOOP('',(#4703,#4704,#4705,#4706));
#619=EDGE_LOOP('',(#4707,#4708,#4709,#4710));
#620=EDGE_LOOP('',(#4711,#4712,#4713,#4714));
#621=EDGE_LOOP('',(#4715,#4716,#4717,#4718));
#622=EDGE_LOOP('',(#4719,#4720,#4721,#4722));
#623=EDGE_LOOP('',(#4723,#4724,#4725,#4726));
#624=EDGE_LOOP('',(#4727,#4728,#4729,#4730));
#625=EDGE_LOOP('',(#4731,#4732,#4733,#4734));
#626=EDGE_LOOP('',(#4735,#4736,#4737,#4738));
#627=EDGE_LOOP('',(#4739,#4740,#4741,#4742));
#628=EDGE_LOOP('',(#4743,#4744,#4745,#4746));
#629=EDGE_LOOP('',(#4747,#4748,#4749,#4750));
#630=EDGE_LOOP('',(#4751,#4752,#4753,#4754));
#631=EDGE_LOOP('',(#4755,#4756,#4757,#4758));
#632=EDGE_LOOP('',(#4759,#4760,#4761,#4762));
#633=EDGE_LOOP('',(#4763,#4764,#4765,#4766));
#634=EDGE_LOOP('',(#4767,#4768,#4769,#4770));
#635=EDGE_LOOP('',(#4771,#4772,#4773,#4774));
#636=EDGE_LOOP('',(#4775,#4776,#4777,#4778));
#637=EDGE_LOOP('',(#4779,#4780,#4781,#4782));
#638=EDGE_LOOP('',(#4783,#4784,#4785,#4786));
#639=EDGE_LOOP('',(#4787,#4788,#4789,#4790));
#640=EDGE_LOOP('',(#4791,#4792,#4793,#4794));
#641=EDGE_LOOP('',(#4795,#4796,#4797,#4798));
#642=EDGE_LOOP('',(#4799,#4800,#4801,#4802));
#643=EDGE_LOOP('',(#4803,#4804,#4805,#4806));
#644=EDGE_LOOP('',(#4807,#4808,#4809,#4810));
#645=EDGE_LOOP('',(#4811,#4812,#4813,#4814));
#646=EDGE_LOOP('',(#4815,#4816,#4817,#4818));
#647=EDGE_LOOP('',(#4819,#4820,#4821,#4822));
#648=EDGE_LOOP('',(#4823,#4824,#4825,#4826));
#649=EDGE_LOOP('',(#4827,#4828,#4829,#4830));
#650=EDGE_LOOP('',(#4831,#4832,#4833,#4834));
#651=EDGE_LOOP('',(#4835,#4836,#4837,#4838));
#652=EDGE_LOOP('',(#4839,#4840,#4841,#4842));
#653=EDGE_LOOP('',(#4843,#4844,#4845,#4846));
#654=EDGE_LOOP('',(#4847,#4848,#4849,#4850));
#655=EDGE_LOOP('',(#4851,#4852,#4853,#4854));
#656=EDGE_LOOP('',(#4855,#4856,#4857,#4858));
#657=EDGE_LOOP('',(#4859,#4860,#4861,#4862,#4863,#4864,#4865,#4866,#4867,
#4868,#4869,#4870,#4871,#4872,#4873,#4874));
#658=EDGE_LOOP('',(#4875,#4876,#4877,#4878));
#659=EDGE_LOOP('',(#4879,#4880,#4881,#4882));
#660=EDGE_LOOP('',(#4883,#4884,#4885,#4886));
#661=EDGE_LOOP('',(#4887,#4888,#4889,#4890));
#662=EDGE_LOOP('',(#4891,#4892,#4893,#4894));
#663=EDGE_LOOP('',(#4895,#4896,#4897,#4898));
#664=EDGE_LOOP('',(#4899,#4900,#4901,#4902));
#665=EDGE_LOOP('',(#4903,#4904,#4905,#4906));
#666=EDGE_LOOP('',(#4907,#4908,#4909,#4910));
#667=EDGE_LOOP('',(#4911,#4912,#4913,#4914));
#668=EDGE_LOOP('',(#4915,#4916,#4917,#4918));
#669=EDGE_LOOP('',(#4919,#4920,#4921,#4922));
#670=EDGE_LOOP('',(#4923,#4924,#4925,#4926));
#671=EDGE_LOOP('',(#4927,#4928,#4929,#4930));
#672=EDGE_LOOP('',(#4931,#4932,#4933,#4934));
#673=EDGE_LOOP('',(#4935,#4936,#4937,#4938));
#674=EDGE_LOOP('',(#4939,#4940,#4941,#4942));
#675=EDGE_LOOP('',(#4943,#4944,#4945,#4946,#4947,#4948,#4949,#4950,#4951,
#4952,#4953,#4954,#4955,#4956,#4957,#4958));
#676=EDGE_LOOP('',(#4959,#4960,#4961,#4962));
#677=EDGE_LOOP('',(#4963,#4964,#4965,#4966));
#678=EDGE_LOOP('',(#4967,#4968,#4969,#4970));
#679=EDGE_LOOP('',(#4971,#4972,#4973,#4974));
#680=EDGE_LOOP('',(#4975,#4976,#4977,#4978));
#681=EDGE_LOOP('',(#4979,#4980,#4981,#4982));
#682=EDGE_LOOP('',(#4983,#4984,#4985,#4986));
#683=EDGE_LOOP('',(#4987,#4988,#4989,#4990));
#684=EDGE_LOOP('',(#4991,#4992,#4993,#4994));
#685=EDGE_LOOP('',(#4995,#4996,#4997,#4998));
#686=EDGE_LOOP('',(#4999,#5000,#5001,#5002));
#687=EDGE_LOOP('',(#5003,#5004,#5005,#5006));
#688=EDGE_LOOP('',(#5007,#5008,#5009,#5010));
#689=EDGE_LOOP('',(#5011,#5012,#5013,#5014));
#690=EDGE_LOOP('',(#5015,#5016,#5017,#5018));
#691=EDGE_LOOP('',(#5019,#5020,#5021,#5022));
#692=EDGE_LOOP('',(#5023,#5024,#5025,#5026));
#693=EDGE_LOOP('',(#5027,#5028,#5029,#5030,#5031,#5032,#5033,#5034,#5035,
#5036,#5037,#5038,#5039,#5040,#5041,#5042));
#694=EDGE_LOOP('',(#5043,#5044,#5045,#5046));
#695=EDGE_LOOP('',(#5047,#5048,#5049,#5050));
#696=EDGE_LOOP('',(#5051,#5052,#5053,#5054));
#697=EDGE_LOOP('',(#5055,#5056,#5057,#5058));
#698=EDGE_LOOP('',(#5059,#5060,#5061,#5062));
#699=EDGE_LOOP('',(#5063,#5064,#5065,#5066));
#700=EDGE_LOOP('',(#5067,#5068,#5069,#5070));
#701=EDGE_LOOP('',(#5071,#5072,#5073,#5074));
#702=EDGE_LOOP('',(#5075,#5076,#5077,#5078));
#703=EDGE_LOOP('',(#5079,#5080,#5081,#5082));
#704=EDGE_LOOP('',(#5083,#5084,#5085,#5086));
#705=EDGE_LOOP('',(#5087,#5088,#5089,#5090));
#706=EDGE_LOOP('',(#5091,#5092,#5093,#5094));
#707=EDGE_LOOP('',(#5095,#5096,#5097,#5098));
#708=EDGE_LOOP('',(#5099,#5100,#5101,#5102));
#709=EDGE_LOOP('',(#5103,#5104,#5105,#5106));
#710=EDGE_LOOP('',(#5107,#5108,#5109,#5110));
#711=EDGE_LOOP('',(#5111,#5112,#5113,#5114,#5115,#5116,#5117,#5118,#5119,
#5120,#5121,#5122,#5123,#5124,#5125,#5126));
#712=EDGE_LOOP('',(#5127,#5128,#5129,#5130));
#713=EDGE_LOOP('',(#5131,#5132,#5133,#5134));
#714=EDGE_LOOP('',(#5135,#5136,#5137,#5138));
#715=EDGE_LOOP('',(#5139,#5140,#5141,#5142));
#716=EDGE_LOOP('',(#5143,#5144,#5145,#5146));
#717=EDGE_LOOP('',(#5147,#5148,#5149,#5150));
#718=EDGE_LOOP('',(#5151,#5152,#5153,#5154));
#719=EDGE_LOOP('',(#5155,#5156,#5157,#5158));
#720=EDGE_LOOP('',(#5159,#5160,#5161,#5162));
#721=EDGE_LOOP('',(#5163,#5164,#5165,#5166));
#722=EDGE_LOOP('',(#5167,#5168,#5169,#5170));
#723=EDGE_LOOP('',(#5171,#5172,#5173,#5174));
#724=EDGE_LOOP('',(#5175,#5176,#5177,#5178));
#725=EDGE_LOOP('',(#5179,#5180,#5181,#5182));
#726=EDGE_LOOP('',(#5183,#5184,#5185,#5186));
#727=EDGE_LOOP('',(#5187,#5188,#5189,#5190));
#728=EDGE_LOOP('',(#5191,#5192,#5193,#5194));
#729=EDGE_LOOP('',(#5195,#5196,#5197,#5198,#5199,#5200,#5201,#5202,#5203,
#5204,#5205,#5206,#5207,#5208,#5209,#5210));
#730=EDGE_LOOP('',(#5211,#5212,#5213,#5214));
#731=EDGE_LOOP('',(#5215,#5216,#5217,#5218));
#732=EDGE_LOOP('',(#5219,#5220,#5221,#5222));
#733=EDGE_LOOP('',(#5223,#5224,#5225,#5226));
#734=EDGE_LOOP('',(#5227,#5228,#5229,#5230));
#735=EDGE_LOOP('',(#5231,#5232,#5233,#5234));
#736=EDGE_LOOP('',(#5235,#5236,#5237,#5238));
#737=EDGE_LOOP('',(#5239,#5240,#5241,#5242));
#738=EDGE_LOOP('',(#5243,#5244,#5245,#5246));
#739=EDGE_LOOP('',(#5247,#5248,#5249,#5250));
#740=EDGE_LOOP('',(#5251,#5252,#5253,#5254));
#741=EDGE_LOOP('',(#5255,#5256,#5257,#5258));
#742=EDGE_LOOP('',(#5259,#5260,#5261,#5262));
#743=EDGE_LOOP('',(#5263,#5264,#5265,#5266));
#744=EDGE_LOOP('',(#5267,#5268,#5269,#5270));
#745=EDGE_LOOP('',(#5271,#5272,#5273,#5274));
#746=EDGE_LOOP('',(#5275,#5276,#5277,#5278));
#747=EDGE_LOOP('',(#5279,#5280,#5281,#5282,#5283,#5284,#5285,#5286,#5287,
#5288,#5289,#5290,#5291,#5292,#5293,#5294));
#748=EDGE_LOOP('',(#5295,#5296,#5297,#5298));
#749=EDGE_LOOP('',(#5299,#5300,#5301,#5302));
#750=EDGE_LOOP('',(#5303,#5304,#5305,#5306));
#751=EDGE_LOOP('',(#5307,#5308,#5309,#5310));
#752=EDGE_LOOP('',(#5311,#5312,#5313,#5314));
#753=EDGE_LOOP('',(#5315,#5316,#5317,#5318));
#754=EDGE_LOOP('',(#5319,#5320,#5321,#5322));
#755=EDGE_LOOP('',(#5323,#5324,#5325,#5326));
#756=EDGE_LOOP('',(#5327,#5328,#5329,#5330));
#757=EDGE_LOOP('',(#5331,#5332,#5333,#5334));
#758=EDGE_LOOP('',(#5335,#5336,#5337,#5338));
#759=EDGE_LOOP('',(#5339,#5340,#5341,#5342));
#760=EDGE_LOOP('',(#5343,#5344,#5345,#5346));
#761=EDGE_LOOP('',(#5347,#5348,#5349,#5350));
#762=EDGE_LOOP('',(#5351,#5352,#5353,#5354));
#763=EDGE_LOOP('',(#5355,#5356,#5357,#5358));
#764=EDGE_LOOP('',(#5359,#5360,#5361,#5362));
#765=EDGE_LOOP('',(#5363,#5364,#5365,#5366,#5367,#5368,#5369,#5370,#5371,
#5372,#5373,#5374,#5375,#5376,#5377,#5378));
#766=EDGE_LOOP('',(#5379,#5380,#5381,#5382));
#767=EDGE_LOOP('',(#5383,#5384,#5385,#5386));
#768=EDGE_LOOP('',(#5387,#5388,#5389,#5390));
#769=EDGE_LOOP('',(#5391,#5392,#5393,#5394));
#770=EDGE_LOOP('',(#5395,#5396,#5397,#5398));
#771=EDGE_LOOP('',(#5399,#5400,#5401,#5402));
#772=EDGE_LOOP('',(#5403,#5404,#5405,#5406));
#773=EDGE_LOOP('',(#5407,#5408,#5409,#5410));
#774=EDGE_LOOP('',(#5411,#5412,#5413,#5414));
#775=EDGE_LOOP('',(#5415,#5416,#5417,#5418));
#776=EDGE_LOOP('',(#5419,#5420,#5421,#5422));
#777=EDGE_LOOP('',(#5423,#5424,#5425,#5426));
#778=EDGE_LOOP('',(#5427,#5428,#5429,#5430));
#779=EDGE_LOOP('',(#5431,#5432,#5433,#5434));
#780=EDGE_LOOP('',(#5435,#5436,#5437,#5438));
#781=EDGE_LOOP('',(#5439,#5440,#5441,#5442));
#782=EDGE_LOOP('',(#5443,#5444,#5445,#5446));
#783=EDGE_LOOP('',(#5447,#5448,#5449,#5450,#5451,#5452,#5453,#5454,#5455,
#5456,#5457,#5458,#5459,#5460,#5461,#5462));
#784=EDGE_LOOP('',(#5463,#5464,#5465,#5466));
#785=EDGE_LOOP('',(#5467,#5468,#5469,#5470));
#786=EDGE_LOOP('',(#5471,#5472,#5473,#5474));
#787=EDGE_LOOP('',(#5475,#5476,#5477,#5478));
#788=EDGE_LOOP('',(#5479,#5480,#5481,#5482));
#789=EDGE_LOOP('',(#5483,#5484,#5485,#5486));
#790=EDGE_LOOP('',(#5487,#5488,#5489,#5490));
#791=EDGE_LOOP('',(#5491,#5492,#5493,#5494));
#792=EDGE_LOOP('',(#5495,#5496,#5497,#5498));
#793=EDGE_LOOP('',(#5499,#5500,#5501,#5502));
#794=EDGE_LOOP('',(#5503,#5504,#5505,#5506));
#795=EDGE_LOOP('',(#5507,#5508,#5509,#5510));
#796=EDGE_LOOP('',(#5511,#5512,#5513,#5514));
#797=EDGE_LOOP('',(#5515,#5516,#5517,#5518));
#798=EDGE_LOOP('',(#5519,#5520,#5521,#5522));
#799=EDGE_LOOP('',(#5523,#5524,#5525,#5526));
#800=EDGE_LOOP('',(#5527,#5528,#5529,#5530));
#801=EDGE_LOOP('',(#5531,#5532,#5533,#5534,#5535,#5536,#5537,#5538,#5539,
#5540,#5541,#5542,#5543,#5544,#5545,#5546));
#802=EDGE_LOOP('',(#5547,#5548,#5549,#5550));
#803=EDGE_LOOP('',(#5551,#5552,#5553,#5554));
#804=EDGE_LOOP('',(#5555,#5556,#5557,#5558));
#805=EDGE_LOOP('',(#5559,#5560,#5561,#5562));
#806=EDGE_LOOP('',(#5563,#5564,#5565,#5566));
#807=EDGE_LOOP('',(#5567,#5568,#5569,#5570));
#808=EDGE_LOOP('',(#5571,#5572,#5573,#5574));
#809=EDGE_LOOP('',(#5575,#5576,#5577,#5578));
#810=EDGE_LOOP('',(#5579,#5580,#5581,#5582));
#811=EDGE_LOOP('',(#5583,#5584,#5585,#5586));
#812=EDGE_LOOP('',(#5587,#5588,#5589,#5590));
#813=EDGE_LOOP('',(#5591,#5592,#5593,#5594));
#814=EDGE_LOOP('',(#5595,#5596,#5597,#5598));
#815=EDGE_LOOP('',(#5599,#5600,#5601,#5602));
#816=EDGE_LOOP('',(#5603,#5604,#5605,#5606));
#817=EDGE_LOOP('',(#5607,#5608,#5609,#5610));
#818=EDGE_LOOP('',(#5611,#5612,#5613,#5614));
#819=EDGE_LOOP('',(#5615,#5616,#5617,#5618,#5619,#5620,#5621,#5622,#5623,
#5624,#5625,#5626,#5627,#5628,#5629,#5630));
#820=EDGE_LOOP('',(#5631,#5632,#5633,#5634));
#821=EDGE_LOOP('',(#5635,#5636,#5637,#5638));
#822=EDGE_LOOP('',(#5639,#5640,#5641,#5642));
#823=EDGE_LOOP('',(#5643,#5644,#5645,#5646));
#824=EDGE_LOOP('',(#5647,#5648,#5649,#5650));
#825=EDGE_LOOP('',(#5651,#5652,#5653,#5654));
#826=EDGE_LOOP('',(#5655,#5656,#5657,#5658));
#827=EDGE_LOOP('',(#5659,#5660,#5661,#5662));
#828=EDGE_LOOP('',(#5663,#5664,#5665,#5666));
#829=EDGE_LOOP('',(#5667,#5668,#5669,#5670));
#830=EDGE_LOOP('',(#5671,#5672,#5673,#5674));
#831=EDGE_LOOP('',(#5675,#5676,#5677,#5678));
#832=EDGE_LOOP('',(#5679,#5680,#5681,#5682));
#833=EDGE_LOOP('',(#5683,#5684,#5685,#5686));
#834=EDGE_LOOP('',(#5687,#5688,#5689,#5690));
#835=EDGE_LOOP('',(#5691,#5692,#5693,#5694));
#836=EDGE_LOOP('',(#5695,#5696,#5697,#5698));
#837=EDGE_LOOP('',(#5699,#5700,#5701,#5702,#5703,#5704,#5705,#5706,#5707,
#5708,#5709,#5710,#5711,#5712,#5713,#5714));
#838=EDGE_LOOP('',(#5715,#5716,#5717,#5718));
#839=EDGE_LOOP('',(#5719,#5720,#5721,#5722));
#840=EDGE_LOOP('',(#5723,#5724,#5725,#5726));
#841=EDGE_LOOP('',(#5727,#5728,#5729,#5730));
#842=EDGE_LOOP('',(#5731,#5732,#5733,#5734));
#843=EDGE_LOOP('',(#5735,#5736,#5737,#5738));
#844=EDGE_LOOP('',(#5739,#5740,#5741,#5742));
#845=EDGE_LOOP('',(#5743,#5744,#5745,#5746));
#846=EDGE_LOOP('',(#5747,#5748,#5749,#5750));
#847=EDGE_LOOP('',(#5751,#5752,#5753,#5754));
#848=EDGE_LOOP('',(#5755,#5756,#5757,#5758));
#849=EDGE_LOOP('',(#5759,#5760,#5761,#5762));
#850=EDGE_LOOP('',(#5763,#5764,#5765,#5766));
#851=EDGE_LOOP('',(#5767,#5768,#5769,#5770));
#852=EDGE_LOOP('',(#5771,#5772,#5773,#5774));
#853=EDGE_LOOP('',(#5775,#5776,#5777,#5778));
#854=EDGE_LOOP('',(#5779,#5780,#5781,#5782));
#855=EDGE_LOOP('',(#5783,#5784,#5785,#5786,#5787,#5788,#5789,#5790,#5791,
#5792,#5793,#5794,#5795,#5796,#5797,#5798));
#856=EDGE_LOOP('',(#5799,#5800,#5801,#5802));
#857=EDGE_LOOP('',(#5803,#5804,#5805,#5806));
#858=EDGE_LOOP('',(#5807,#5808,#5809,#5810));
#859=EDGE_LOOP('',(#5811,#5812,#5813,#5814));
#860=EDGE_LOOP('',(#5815,#5816,#5817,#5818));
#861=EDGE_LOOP('',(#5819,#5820,#5821,#5822));
#862=EDGE_LOOP('',(#5823,#5824,#5825,#5826));
#863=EDGE_LOOP('',(#5827,#5828,#5829,#5830));
#864=EDGE_LOOP('',(#5831,#5832,#5833,#5834));
#865=EDGE_LOOP('',(#5835,#5836,#5837,#5838));
#866=EDGE_LOOP('',(#5839,#5840,#5841,#5842));
#867=EDGE_LOOP('',(#5843,#5844,#5845,#5846));
#868=EDGE_LOOP('',(#5847,#5848,#5849,#5850));
#869=EDGE_LOOP('',(#5851,#5852,#5853,#5854));
#870=EDGE_LOOP('',(#5855,#5856,#5857,#5858));
#871=EDGE_LOOP('',(#5859,#5860,#5861,#5862));
#872=EDGE_LOOP('',(#5863,#5864,#5865,#5866));
#873=EDGE_LOOP('',(#5867,#5868,#5869,#5870,#5871,#5872,#5873,#5874,#5875,
#5876,#5877,#5878,#5879,#5880,#5881,#5882));
#874=EDGE_LOOP('',(#5883,#5884,#5885,#5886));
#875=EDGE_LOOP('',(#5887,#5888,#5889,#5890));
#876=EDGE_LOOP('',(#5891,#5892,#5893,#5894));
#877=EDGE_LOOP('',(#5895,#5896,#5897,#5898));
#878=EDGE_LOOP('',(#5899,#5900,#5901,#5902));
#879=EDGE_LOOP('',(#5903,#5904,#5905,#5906));
#880=EDGE_LOOP('',(#5907,#5908,#5909,#5910));
#881=EDGE_LOOP('',(#5911,#5912,#5913,#5914));
#882=EDGE_LOOP('',(#5915,#5916,#5917,#5918));
#883=EDGE_LOOP('',(#5919,#5920,#5921,#5922));
#884=EDGE_LOOP('',(#5923,#5924,#5925,#5926));
#885=EDGE_LOOP('',(#5927,#5928,#5929,#5930));
#886=EDGE_LOOP('',(#5931,#5932,#5933,#5934));
#887=EDGE_LOOP('',(#5935,#5936,#5937,#5938));
#888=EDGE_LOOP('',(#5939,#5940,#5941,#5942));
#889=EDGE_LOOP('',(#5943,#5944,#5945,#5946));
#890=EDGE_LOOP('',(#5947,#5948,#5949,#5950));
#891=EDGE_LOOP('',(#5951,#5952,#5953,#5954));
#892=EDGE_LOOP('',(#5955,#5956,#5957,#5958));
#893=EDGE_LOOP('',(#5959,#5960,#5961,#5962));
#894=EDGE_LOOP('',(#5963,#5964,#5965,#5966));
#895=EDGE_LOOP('',(#5967,#5968,#5969,#5970));
#896=EDGE_LOOP('',(#5971,#5972,#5973,#5974));
#897=EDGE_LOOP('',(#5975,#5976,#5977,#5978));
#898=EDGE_LOOP('',(#5979,#5980,#5981,#5982));
#899=EDGE_LOOP('',(#5983,#5984,#5985,#5986));
#900=EDGE_LOOP('',(#5987,#5988,#5989,#5990));
#901=EDGE_LOOP('',(#5991,#5992,#5993,#5994));
#902=EDGE_LOOP('',(#5995,#5996,#5997,#5998));
#903=EDGE_LOOP('',(#5999,#6000,#6001,#6002));
#904=EDGE_LOOP('',(#6003,#6004,#6005,#6006));
#905=EDGE_LOOP('',(#6007,#6008,#6009,#6010));
#906=EDGE_LOOP('',(#6011,#6012,#6013,#6014));
#907=EDGE_LOOP('',(#6015,#6016,#6017,#6018));
#908=EDGE_LOOP('',(#6019,#6020,#6021,#6022));
#909=EDGE_LOOP('',(#6023,#6024,#6025,#6026));
#910=EDGE_LOOP('',(#6027,#6028,#6029,#6030));
#911=EDGE_LOOP('',(#6031,#6032,#6033,#6034));
#912=EDGE_LOOP('',(#6035,#6036,#6037,#6038));
#913=EDGE_LOOP('',(#6039,#6040,#6041,#6042));
#914=EDGE_LOOP('',(#6043,#6044,#6045,#6046));
#915=EDGE_LOOP('',(#6047,#6048,#6049,#6050));
#916=EDGE_LOOP('',(#6051,#6052,#6053,#6054));
#917=EDGE_LOOP('',(#6055,#6056,#6057,#6058));
#918=EDGE_LOOP('',(#6059,#6060,#6061,#6062));
#919=EDGE_LOOP('',(#6063,#6064,#6065,#6066));
#920=EDGE_LOOP('',(#6067,#6068,#6069,#6070));
#921=EDGE_LOOP('',(#6071,#6072,#6073,#6074));
#922=EDGE_LOOP('',(#6075,#6076,#6077,#6078));
#923=EDGE_LOOP('',(#6079,#6080,#6081,#6082));
#924=EDGE_LOOP('',(#6083,#6084,#6085,#6086));
#925=EDGE_LOOP('',(#6087,#6088,#6089,#6090));
#926=EDGE_LOOP('',(#6091,#6092,#6093,#6094));
#927=EDGE_LOOP('',(#6095,#6096,#6097,#6098));
#928=EDGE_LOOP('',(#6099,#6100,#6101,#6102));
#929=EDGE_LOOP('',(#6103,#6104,#6105,#6106));
#930=EDGE_LOOP('',(#6107,#6108,#6109,#6110));
#931=EDGE_LOOP('',(#6111,#6112,#6113,#6114));
#932=EDGE_LOOP('',(#6115,#6116,#6117,#6118));
#933=EDGE_LOOP('',(#6119,#6120,#6121,#6122,#6123,#6124,#6125,#6126));
#934=EDGE_LOOP('',(#6127));
#935=EDGE_LOOP('',(#6128));
#936=EDGE_LOOP('',(#6129));
#937=EDGE_LOOP('',(#6130));
#938=EDGE_LOOP('',(#6131,#6132,#6133,#6134,#6135));
#939=EDGE_LOOP('',(#6136,#6137,#6138,#6139,#6140,#6141,#6142,#6143,#6144,
#6145,#6146,#6147,#6148,#6149,#6150,#6151));
#940=EDGE_LOOP('',(#6152,#6153,#6154,#6155,#6156,#6157,#6158,#6159,#6160,
#6161,#6162,#6163,#6164,#6165,#6166,#6167));
#941=EDGE_LOOP('',(#6168,#6169,#6170,#6171,#6172,#6173,#6174,#6175,#6176,
#6177,#6178,#6179,#6180,#6181,#6182,#6183));
#942=EDGE_LOOP('',(#6184,#6185,#6186,#6187,#6188,#6189,#6190,#6191,#6192,
#6193,#6194,#6195,#6196,#6197,#6198,#6199));
#943=EDGE_LOOP('',(#6200,#6201,#6202,#6203,#6204,#6205,#6206,#6207,#6208,
#6209,#6210,#6211,#6212,#6213,#6214,#6215));
#944=EDGE_LOOP('',(#6216,#6217,#6218,#6219,#6220,#6221,#6222,#6223,#6224,
#6225,#6226,#6227,#6228,#6229,#6230,#6231));
#945=EDGE_LOOP('',(#6232,#6233,#6234,#6235,#6236,#6237,#6238,#6239,#6240,
#6241,#6242,#6243,#6244,#6245,#6246,#6247));
#946=EDGE_LOOP('',(#6248,#6249,#6250,#6251,#6252,#6253,#6254,#6255,#6256,
#6257,#6258,#6259,#6260,#6261,#6262,#6263));
#947=EDGE_LOOP('',(#6264,#6265,#6266,#6267,#6268,#6269,#6270,#6271,#6272,
#6273,#6274,#6275,#6276,#6277,#6278,#6279));
#948=EDGE_LOOP('',(#6280,#6281,#6282,#6283,#6284,#6285,#6286,#6287,#6288,
#6289,#6290,#6291,#6292,#6293,#6294,#6295));
#949=EDGE_LOOP('',(#6296,#6297,#6298,#6299,#6300,#6301,#6302,#6303,#6304,
#6305,#6306,#6307,#6308,#6309,#6310,#6311));
#950=EDGE_LOOP('',(#6312,#6313,#6314,#6315,#6316,#6317,#6318,#6319,#6320,
#6321,#6322,#6323,#6324,#6325,#6326,#6327));
#951=EDGE_LOOP('',(#6328,#6329,#6330,#6331,#6332,#6333,#6334,#6335,#6336,
#6337,#6338,#6339,#6340,#6341,#6342,#6343));
#952=EDGE_LOOP('',(#6344,#6345,#6346,#6347));
#953=EDGE_LOOP('',(#6348,#6349,#6350,#6351));
#954=EDGE_LOOP('',(#6352,#6353,#6354,#6355));
#955=EDGE_LOOP('',(#6356,#6357,#6358,#6359));
#956=EDGE_LOOP('',(#6360,#6361,#6362,#6363,#6364,#6365,#6366,#6367));
#957=EDGE_LOOP('',(#6368,#6369,#6370,#6371));
#958=EDGE_LOOP('',(#6372,#6373,#6374,#6375));
#959=EDGE_LOOP('',(#6376,#6377,#6378,#6379));
#960=EDGE_LOOP('',(#6380,#6381,#6382,#6383));
#961=EDGE_LOOP('',(#6384,#6385,#6386,#6387,#6388,#6389,#6390,#6391));
#962=EDGE_LOOP('',(#6392,#6393,#6394,#6395));
#963=EDGE_LOOP('',(#6396,#6397,#6398,#6399));
#964=EDGE_LOOP('',(#6400,#6401,#6402,#6403));
#965=EDGE_LOOP('',(#6404,#6405,#6406,#6407));
#966=EDGE_LOOP('',(#6408,#6409,#6410,#6411));
#967=EDGE_LOOP('',(#6412,#6413,#6414,#6415));
#968=EDGE_LOOP('',(#6416,#6417,#6418,#6419));
#969=EDGE_LOOP('',(#6420,#6421,#6422,#6423,#6424,#6425,#6426,#6427));
#970=EDGE_LOOP('',(#6428));
#971=EDGE_LOOP('',(#6429,#6430,#6431,#6432,#6433,#6434,#6435,#6436));
#972=EDGE_LOOP('',(#6437));
#973=EDGE_LOOP('',(#6438));
#974=EDGE_LOOP('',(#6439));
#975=EDGE_LOOP('',(#6440,#6441,#6442,#6443));
#976=EDGE_LOOP('',(#6444,#6445,#6446,#6447));
#977=EDGE_LOOP('',(#6448,#6449,#6450,#6451,#6452));
#978=EDGE_LOOP('',(#6453,#6454,#6455,#6456));
#979=EDGE_LOOP('',(#6457,#6458,#6459,#6460));
#980=EDGE_LOOP('',(#6461,#6462,#6463,#6464));
#981=EDGE_LOOP('',(#6465,#6466,#6467,#6468));
#982=EDGE_LOOP('',(#6469,#6470,#6471,#6472));
#983=EDGE_LOOP('',(#6473,#6474,#6475,#6476));
#984=EDGE_LOOP('',(#6477,#6478,#6479,#6480));
#985=EDGE_LOOP('',(#6481,#6482,#6483,#6484));
#986=EDGE_LOOP('',(#6485,#6486,#6487,#6488));
#987=EDGE_LOOP('',(#6489,#6490,#6491,#6492));
#988=EDGE_LOOP('',(#6493,#6494,#6495,#6496));
#989=EDGE_LOOP('',(#6497));
#990=EDGE_LOOP('',(#6498));
#991=EDGE_LOOP('',(#6499));
#992=EDGE_LOOP('',(#6500));
#993=EDGE_LOOP('',(#6501,#6502,#6503,#6504,#6505));
#994=EDGE_LOOP('',(#6506,#6507,#6508,#6509));
#995=EDGE_LOOP('',(#6510,#6511,#6512,#6513));
#996=EDGE_LOOP('',(#6514,#6515,#6516,#6517));
#997=EDGE_LOOP('',(#6518,#6519,#6520,#6521));
#998=EDGE_LOOP('',(#6522,#6523,#6524,#6525));
#999=EDGE_LOOP('',(#6526,#6527,#6528,#6529));
#1000=EDGE_LOOP('',(#6530,#6531,#6532,#6533));
#1001=EDGE_LOOP('',(#6534,#6535,#6536,#6537));
#1002=EDGE_LOOP('',(#6538,#6539,#6540,#6541));
#1003=EDGE_LOOP('',(#6542,#6543,#6544,#6545,#6546));
#1004=EDGE_LOOP('',(#6547,#6548,#6549,#6550));
#1005=EDGE_LOOP('',(#6551,#6552,#6553,#6554));
#1006=EDGE_LOOP('',(#6555,#6556,#6557,#6558));
#1007=EDGE_LOOP('',(#6559,#6560,#6561,#6562,#6563));
#1008=EDGE_LOOP('',(#6564,#6565,#6566,#6567));
#1009=EDGE_LOOP('',(#6568,#6569,#6570,#6571));
#1010=EDGE_LOOP('',(#6572,#6573,#6574,#6575));
#1011=EDGE_LOOP('',(#6576,#6577,#6578,#6579));
#1012=EDGE_LOOP('',(#6580,#6581,#6582,#6583));
#1013=EDGE_LOOP('',(#6584,#6585,#6586,#6587));
#1014=EDGE_LOOP('',(#6588,#6589,#6590,#6591));
#1015=EDGE_LOOP('',(#6592,#6593,#6594,#6595,#6596,#6597,#6598,#6599));
#1016=EDGE_LOOP('',(#6600,#6601,#6602,#6603,#6604,#6605,#6606,#6607));
#1017=EDGE_LOOP('',(#6608,#6609,#6610,#6611,#6612,#6613,#6614,#6615,#6616,
#6617,#6618,#6619,#6620,#6621,#6622,#6623));
#1018=EDGE_LOOP('',(#6624));
#1019=EDGE_LOOP('',(#6625));
#1020=EDGE_LOOP('',(#6626));
#1021=EDGE_LOOP('',(#6627,#6628,#6629,#6630));
#1022=EDGE_LOOP('',(#6631,#6632,#6633,#6634));
#1023=EDGE_LOOP('',(#6635));
#1024=EDGE_LOOP('',(#6636));
#1025=EDGE_LOOP('',(#6637,#6638,#6639,#6640));
#1026=EDGE_LOOP('',(#6641,#6642,#6643,#6644));
#1027=EDGE_LOOP('',(#6645,#6646,#6647,#6648,#6649,#6650,#6651,#6652));
#1028=EDGE_LOOP('',(#6653,#6654,#6655,#6656));
#1029=EDGE_LOOP('',(#6657,#6658,#6659,#6660));
#1030=EDGE_LOOP('',(#6661,#6662,#6663,#6664));
#1031=EDGE_LOOP('',(#6665,#6666,#6667,#6668));
#1032=EDGE_LOOP('',(#6669,#6670,#6671,#6672));
#1033=EDGE_LOOP('',(#6673,#6674,#6675,#6676));
#1034=EDGE_LOOP('',(#6677,#6678,#6679,#6680));
#1035=EDGE_LOOP('',(#6681,#6682,#6683,#6684));
#1036=EDGE_LOOP('',(#6685,#6686,#6687,#6688,#6689,#6690,#6691,#6692));
#1037=EDGE_LOOP('',(#6693,#6694,#6695,#6696,#6697,#6698,#6699,#6700,#6701,
#6702));
#1038=EDGE_LOOP('',(#6703,#6704,#6705,#6706));
#1039=EDGE_LOOP('',(#6707,#6708,#6709,#6710));
#1040=EDGE_LOOP('',(#6711));
#1041=EDGE_LOOP('',(#6712,#6713,#6714,#6715));
#1042=EDGE_LOOP('',(#6716));
#1043=EDGE_LOOP('',(#6717));
#1044=EDGE_LOOP('',(#6718));
#1045=EDGE_LOOP('',(#6719));
#1046=EDGE_LOOP('',(#6720,#6721));
#1047=EDGE_LOOP('',(#6722,#6723,#6724,#6725));
#1048=EDGE_LOOP('',(#6726,#6727));
#1049=EDGE_LOOP('',(#6728,#6729,#6730,#6731));
#1050=EDGE_LOOP('',(#6732,#6733,#6734,#6735));
#1051=LINE('',#9754,#1994);
#1052=LINE('',#9756,#1995);
#1053=LINE('',#9758,#1996);
#1054=LINE('',#9759,#1997);
#1055=LINE('',#9762,#1998);
#1056=LINE('',#9764,#1999);
#1057=LINE('',#9765,#2000);
#1058=LINE('',#9768,#2001);
#1059=LINE('',#9770,#2002);
#1060=LINE('',#9771,#2003);
#1061=LINE('',#9773,#2004);
#1062=LINE('',#9774,#2005);
#1063=LINE('',#9780,#2006);
#1064=LINE('',#9783,#2007);
#1065=LINE('',#9786,#2008);
#1066=LINE('',#9788,#2009);
#1067=LINE('',#9789,#2010);
#1068=LINE('',#9792,#2011);
#1069=LINE('',#9796,#2012);
#1070=LINE('',#9800,#2013);
#1071=LINE('',#9812,#2014);
#1072=LINE('',#9814,#2015);
#1073=LINE('',#9816,#2016);
#1074=LINE('',#9818,#2017);
#1075=LINE('',#9819,#2018);
#1076=LINE('',#9822,#2019);
#1077=LINE('',#9824,#2020);
#1078=LINE('',#9826,#2021);
#1079=LINE('',#9827,#2022);
#1080=LINE('',#9830,#2023);
#1081=LINE('',#9832,#2024);
#1082=LINE('',#9834,#2025);
#1083=LINE('',#9835,#2026);
#1084=LINE('',#9838,#2027);
#1085=LINE('',#9840,#2028);
#1086=LINE('',#9842,#2029);
#1087=LINE('',#9843,#2030);
#1088=LINE('',#9846,#2031);
#1089=LINE('',#9848,#2032);
#1090=LINE('',#9850,#2033);
#1091=LINE('',#9851,#2034);
#1092=LINE('',#9854,#2035);
#1093=LINE('',#9856,#2036);
#1094=LINE('',#9858,#2037);
#1095=LINE('',#9859,#2038);
#1096=LINE('',#9862,#2039);
#1097=LINE('',#9864,#2040);
#1098=LINE('',#9866,#2041);
#1099=LINE('',#9867,#2042);
#1100=LINE('',#9870,#2043);
#1101=LINE('',#9872,#2044);
#1102=LINE('',#9874,#2045);
#1103=LINE('',#9875,#2046);
#1104=LINE('',#9878,#2047);
#1105=LINE('',#9880,#2048);
#1106=LINE('',#9882,#2049);
#1107=LINE('',#9883,#2050);
#1108=LINE('',#9886,#2051);
#1109=LINE('',#9888,#2052);
#1110=LINE('',#9890,#2053);
#1111=LINE('',#9891,#2054);
#1112=LINE('',#9894,#2055);
#1113=LINE('',#9896,#2056);
#1114=LINE('',#9898,#2057);
#1115=LINE('',#9899,#2058);
#1116=LINE('',#9902,#2059);
#1117=LINE('',#9904,#2060);
#1118=LINE('',#9906,#2061);
#1119=LINE('',#9907,#2062);
#1120=LINE('',#9910,#2063);
#1121=LINE('',#9912,#2064);
#1122=LINE('',#9914,#2065);
#1123=LINE('',#9915,#2066);
#1124=LINE('',#9918,#2067);
#1125=LINE('',#9920,#2068);
#1126=LINE('',#9922,#2069);
#1127=LINE('',#9923,#2070);
#1128=LINE('',#9926,#2071);
#1129=LINE('',#9930,#2072);
#1130=LINE('',#9931,#2073);
#1131=LINE('',#9934,#2074);
#1132=LINE('',#9938,#2075);
#1133=LINE('',#9939,#2076);
#1134=LINE('',#9942,#2077);
#1135=LINE('',#9947,#2078);
#1136=LINE('',#9951,#2079);
#1137=LINE('',#9955,#2080);
#1138=LINE('',#9959,#2081);
#1139=LINE('',#9963,#2082);
#1140=LINE('',#9965,#2083);
#1141=LINE('',#9967,#2084);
#1142=LINE('',#9968,#2085);
#1143=LINE('',#9971,#2086);
#1144=LINE('',#9973,#2087);
#1145=LINE('',#9974,#2088);
#1146=LINE('',#9977,#2089);
#1147=LINE('',#9979,#2090);
#1148=LINE('',#9980,#2091);
#1149=LINE('',#9983,#2092);
#1150=LINE('',#9985,#2093);
#1151=LINE('',#9986,#2094);
#1152=LINE('',#9989,#2095);
#1153=LINE('',#9991,#2096);
#1154=LINE('',#9992,#2097);
#1155=LINE('',#9995,#2098);
#1156=LINE('',#9997,#2099);
#1157=LINE('',#9998,#2100);
#1158=LINE('',#10001,#2101);
#1159=LINE('',#10003,#2102);
#1160=LINE('',#10004,#2103);
#1161=LINE('',#10007,#2104);
#1162=LINE('',#10009,#2105);
#1163=LINE('',#10010,#2106);
#1164=LINE('',#10013,#2107);
#1165=LINE('',#10015,#2108);
#1166=LINE('',#10016,#2109);
#1167=LINE('',#10019,#2110);
#1168=LINE('',#10021,#2111);
#1169=LINE('',#10022,#2112);
#1170=LINE('',#10025,#2113);
#1171=LINE('',#10027,#2114);
#1172=LINE('',#10028,#2115);
#1173=LINE('',#10031,#2116);
#1174=LINE('',#10033,#2117);
#1175=LINE('',#10034,#2118);
#1176=LINE('',#10037,#2119);
#1177=LINE('',#10039,#2120);
#1178=LINE('',#10040,#2121);
#1179=LINE('',#10043,#2122);
#1180=LINE('',#10045,#2123);
#1181=LINE('',#10046,#2124);
#1182=LINE('',#10049,#2125);
#1183=LINE('',#10051,#2126);
#1184=LINE('',#10052,#2127);
#1185=LINE('',#10054,#2128);
#1186=LINE('',#10055,#2129);
#1187=LINE('',#10059,#2130);
#1188=LINE('',#10061,#2131);
#1189=LINE('',#10063,#2132);
#1190=LINE('',#10064,#2133);
#1191=LINE('',#10068,#2134);
#1192=LINE('',#10070,#2135);
#1193=LINE('',#10072,#2136);
#1194=LINE('',#10073,#2137);
#1195=LINE('',#10076,#2138);
#1196=LINE('',#10078,#2139);
#1197=LINE('',#10079,#2140);
#1198=LINE('',#10082,#2141);
#1199=LINE('',#10084,#2142);
#1200=LINE('',#10085,#2143);
#1201=LINE('',#10088,#2144);
#1202=LINE('',#10090,#2145);
#1203=LINE('',#10091,#2146);
#1204=LINE('',#10094,#2147);
#1205=LINE('',#10096,#2148);
#1206=LINE('',#10097,#2149);
#1207=LINE('',#10100,#2150);
#1208=LINE('',#10102,#2151);
#1209=LINE('',#10103,#2152);
#1210=LINE('',#10106,#2153);
#1211=LINE('',#10108,#2154);
#1212=LINE('',#10109,#2155);
#1213=LINE('',#10112,#2156);
#1214=LINE('',#10114,#2157);
#1215=LINE('',#10115,#2158);
#1216=LINE('',#10118,#2159);
#1217=LINE('',#10120,#2160);
#1218=LINE('',#10121,#2161);
#1219=LINE('',#10124,#2162);
#1220=LINE('',#10126,#2163);
#1221=LINE('',#10127,#2164);
#1222=LINE('',#10130,#2165);
#1223=LINE('',#10132,#2166);
#1224=LINE('',#10133,#2167);
#1225=LINE('',#10136,#2168);
#1226=LINE('',#10138,#2169);
#1227=LINE('',#10139,#2170);
#1228=LINE('',#10142,#2171);
#1229=LINE('',#10144,#2172);
#1230=LINE('',#10145,#2173);
#1231=LINE('',#10148,#2174);
#1232=LINE('',#10150,#2175);
#1233=LINE('',#10151,#2176);
#1234=LINE('',#10154,#2177);
#1235=LINE('',#10156,#2178);
#1236=LINE('',#10157,#2179);
#1237=LINE('',#10159,#2180);
#1238=LINE('',#10160,#2181);
#1239=LINE('',#10164,#2182);
#1240=LINE('',#10166,#2183);
#1241=LINE('',#10168,#2184);
#1242=LINE('',#10169,#2185);
#1243=LINE('',#10173,#2186);
#1244=LINE('',#10175,#2187);
#1245=LINE('',#10177,#2188);
#1246=LINE('',#10178,#2189);
#1247=LINE('',#10181,#2190);
#1248=LINE('',#10183,#2191);
#1249=LINE('',#10184,#2192);
#1250=LINE('',#10187,#2193);
#1251=LINE('',#10189,#2194);
#1252=LINE('',#10190,#2195);
#1253=LINE('',#10193,#2196);
#1254=LINE('',#10195,#2197);
#1255=LINE('',#10196,#2198);
#1256=LINE('',#10199,#2199);
#1257=LINE('',#10201,#2200);
#1258=LINE('',#10202,#2201);
#1259=LINE('',#10205,#2202);
#1260=LINE('',#10207,#2203);
#1261=LINE('',#10208,#2204);
#1262=LINE('',#10211,#2205);
#1263=LINE('',#10213,#2206);
#1264=LINE('',#10214,#2207);
#1265=LINE('',#10217,#2208);
#1266=LINE('',#10219,#2209);
#1267=LINE('',#10220,#2210);
#1268=LINE('',#10223,#2211);
#1269=LINE('',#10225,#2212);
#1270=LINE('',#10226,#2213);
#1271=LINE('',#10229,#2214);
#1272=LINE('',#10231,#2215);
#1273=LINE('',#10232,#2216);
#1274=LINE('',#10235,#2217);
#1275=LINE('',#10237,#2218);
#1276=LINE('',#10238,#2219);
#1277=LINE('',#10241,#2220);
#1278=LINE('',#10243,#2221);
#1279=LINE('',#10244,#2222);
#1280=LINE('',#10247,#2223);
#1281=LINE('',#10249,#2224);
#1282=LINE('',#10250,#2225);
#1283=LINE('',#10253,#2226);
#1284=LINE('',#10255,#2227);
#1285=LINE('',#10256,#2228);
#1286=LINE('',#10259,#2229);
#1287=LINE('',#10261,#2230);
#1288=LINE('',#10262,#2231);
#1289=LINE('',#10264,#2232);
#1290=LINE('',#10265,#2233);
#1291=LINE('',#10269,#2234);
#1292=LINE('',#10271,#2235);
#1293=LINE('',#10273,#2236);
#1294=LINE('',#10274,#2237);
#1295=LINE('',#10278,#2238);
#1296=LINE('',#10280,#2239);
#1297=LINE('',#10282,#2240);
#1298=LINE('',#10283,#2241);
#1299=LINE('',#10286,#2242);
#1300=LINE('',#10288,#2243);
#1301=LINE('',#10289,#2244);
#1302=LINE('',#10292,#2245);
#1303=LINE('',#10294,#2246);
#1304=LINE('',#10295,#2247);
#1305=LINE('',#10298,#2248);
#1306=LINE('',#10300,#2249);
#1307=LINE('',#10301,#2250);
#1308=LINE('',#10304,#2251);
#1309=LINE('',#10306,#2252);
#1310=LINE('',#10307,#2253);
#1311=LINE('',#10310,#2254);
#1312=LINE('',#10312,#2255);
#1313=LINE('',#10313,#2256);
#1314=LINE('',#10316,#2257);
#1315=LINE('',#10318,#2258);
#1316=LINE('',#10319,#2259);
#1317=LINE('',#10322,#2260);
#1318=LINE('',#10324,#2261);
#1319=LINE('',#10325,#2262);
#1320=LINE('',#10328,#2263);
#1321=LINE('',#10330,#2264);
#1322=LINE('',#10331,#2265);
#1323=LINE('',#10334,#2266);
#1324=LINE('',#10336,#2267);
#1325=LINE('',#10337,#2268);
#1326=LINE('',#10340,#2269);
#1327=LINE('',#10342,#2270);
#1328=LINE('',#10343,#2271);
#1329=LINE('',#10346,#2272);
#1330=LINE('',#10348,#2273);
#1331=LINE('',#10349,#2274);
#1332=LINE('',#10352,#2275);
#1333=LINE('',#10354,#2276);
#1334=LINE('',#10355,#2277);
#1335=LINE('',#10358,#2278);
#1336=LINE('',#10360,#2279);
#1337=LINE('',#10361,#2280);
#1338=LINE('',#10364,#2281);
#1339=LINE('',#10366,#2282);
#1340=LINE('',#10367,#2283);
#1341=LINE('',#10369,#2284);
#1342=LINE('',#10370,#2285);
#1343=LINE('',#10374,#2286);
#1344=LINE('',#10376,#2287);
#1345=LINE('',#10378,#2288);
#1346=LINE('',#10379,#2289);
#1347=LINE('',#10383,#2290);
#1348=LINE('',#10385,#2291);
#1349=LINE('',#10387,#2292);
#1350=LINE('',#10388,#2293);
#1351=LINE('',#10391,#2294);
#1352=LINE('',#10393,#2295);
#1353=LINE('',#10394,#2296);
#1354=LINE('',#10397,#2297);
#1355=LINE('',#10399,#2298);
#1356=LINE('',#10400,#2299);
#1357=LINE('',#10403,#2300);
#1358=LINE('',#10405,#2301);
#1359=LINE('',#10406,#2302);
#1360=LINE('',#10409,#2303);
#1361=LINE('',#10411,#2304);
#1362=LINE('',#10412,#2305);
#1363=LINE('',#10415,#2306);
#1364=LINE('',#10417,#2307);
#1365=LINE('',#10418,#2308);
#1366=LINE('',#10421,#2309);
#1367=LINE('',#10423,#2310);
#1368=LINE('',#10424,#2311);
#1369=LINE('',#10427,#2312);
#1370=LINE('',#10429,#2313);
#1371=LINE('',#10430,#2314);
#1372=LINE('',#10433,#2315);
#1373=LINE('',#10435,#2316);
#1374=LINE('',#10436,#2317);
#1375=LINE('',#10439,#2318);
#1376=LINE('',#10441,#2319);
#1377=LINE('',#10442,#2320);
#1378=LINE('',#10445,#2321);
#1379=LINE('',#10447,#2322);
#1380=LINE('',#10448,#2323);
#1381=LINE('',#10451,#2324);
#1382=LINE('',#10453,#2325);
#1383=LINE('',#10454,#2326);
#1384=LINE('',#10457,#2327);
#1385=LINE('',#10459,#2328);
#1386=LINE('',#10460,#2329);
#1387=LINE('',#10463,#2330);
#1388=LINE('',#10465,#2331);
#1389=LINE('',#10466,#2332);
#1390=LINE('',#10469,#2333);
#1391=LINE('',#10471,#2334);
#1392=LINE('',#10472,#2335);
#1393=LINE('',#10474,#2336);
#1394=LINE('',#10475,#2337);
#1395=LINE('',#10479,#2338);
#1396=LINE('',#10481,#2339);
#1397=LINE('',#10483,#2340);
#1398=LINE('',#10484,#2341);
#1399=LINE('',#10488,#2342);
#1400=LINE('',#10490,#2343);
#1401=LINE('',#10492,#2344);
#1402=LINE('',#10493,#2345);
#1403=LINE('',#10496,#2346);
#1404=LINE('',#10498,#2347);
#1405=LINE('',#10499,#2348);
#1406=LINE('',#10502,#2349);
#1407=LINE('',#10504,#2350);
#1408=LINE('',#10505,#2351);
#1409=LINE('',#10508,#2352);
#1410=LINE('',#10510,#2353);
#1411=LINE('',#10511,#2354);
#1412=LINE('',#10514,#2355);
#1413=LINE('',#10516,#2356);
#1414=LINE('',#10517,#2357);
#1415=LINE('',#10520,#2358);
#1416=LINE('',#10522,#2359);
#1417=LINE('',#10523,#2360);
#1418=LINE('',#10526,#2361);
#1419=LINE('',#10528,#2362);
#1420=LINE('',#10529,#2363);
#1421=LINE('',#10532,#2364);
#1422=LINE('',#10534,#2365);
#1423=LINE('',#10535,#2366);
#1424=LINE('',#10538,#2367);
#1425=LINE('',#10540,#2368);
#1426=LINE('',#10541,#2369);
#1427=LINE('',#10544,#2370);
#1428=LINE('',#10546,#2371);
#1429=LINE('',#10547,#2372);
#1430=LINE('',#10550,#2373);
#1431=LINE('',#10552,#2374);
#1432=LINE('',#10553,#2375);
#1433=LINE('',#10556,#2376);
#1434=LINE('',#10558,#2377);
#1435=LINE('',#10559,#2378);
#1436=LINE('',#10562,#2379);
#1437=LINE('',#10564,#2380);
#1438=LINE('',#10565,#2381);
#1439=LINE('',#10568,#2382);
#1440=LINE('',#10570,#2383);
#1441=LINE('',#10571,#2384);
#1442=LINE('',#10574,#2385);
#1443=LINE('',#10576,#2386);
#1444=LINE('',#10577,#2387);
#1445=LINE('',#10579,#2388);
#1446=LINE('',#10580,#2389);
#1447=LINE('',#10584,#2390);
#1448=LINE('',#10586,#2391);
#1449=LINE('',#10588,#2392);
#1450=LINE('',#10589,#2393);
#1451=LINE('',#10593,#2394);
#1452=LINE('',#10595,#2395);
#1453=LINE('',#10597,#2396);
#1454=LINE('',#10598,#2397);
#1455=LINE('',#10601,#2398);
#1456=LINE('',#10603,#2399);
#1457=LINE('',#10604,#2400);
#1458=LINE('',#10607,#2401);
#1459=LINE('',#10609,#2402);
#1460=LINE('',#10610,#2403);
#1461=LINE('',#10613,#2404);
#1462=LINE('',#10615,#2405);
#1463=LINE('',#10616,#2406);
#1464=LINE('',#10619,#2407);
#1465=LINE('',#10621,#2408);
#1466=LINE('',#10622,#2409);
#1467=LINE('',#10625,#2410);
#1468=LINE('',#10627,#2411);
#1469=LINE('',#10628,#2412);
#1470=LINE('',#10631,#2413);
#1471=LINE('',#10633,#2414);
#1472=LINE('',#10634,#2415);
#1473=LINE('',#10637,#2416);
#1474=LINE('',#10639,#2417);
#1475=LINE('',#10640,#2418);
#1476=LINE('',#10643,#2419);
#1477=LINE('',#10645,#2420);
#1478=LINE('',#10646,#2421);
#1479=LINE('',#10649,#2422);
#1480=LINE('',#10651,#2423);
#1481=LINE('',#10652,#2424);
#1482=LINE('',#10655,#2425);
#1483=LINE('',#10657,#2426);
#1484=LINE('',#10658,#2427);
#1485=LINE('',#10661,#2428);
#1486=LINE('',#10663,#2429);
#1487=LINE('',#10664,#2430);
#1488=LINE('',#10667,#2431);
#1489=LINE('',#10669,#2432);
#1490=LINE('',#10670,#2433);
#1491=LINE('',#10673,#2434);
#1492=LINE('',#10675,#2435);
#1493=LINE('',#10676,#2436);
#1494=LINE('',#10679,#2437);
#1495=LINE('',#10681,#2438);
#1496=LINE('',#10682,#2439);
#1497=LINE('',#10684,#2440);
#1498=LINE('',#10685,#2441);
#1499=LINE('',#10689,#2442);
#1500=LINE('',#10691,#2443);
#1501=LINE('',#10693,#2444);
#1502=LINE('',#10694,#2445);
#1503=LINE('',#10698,#2446);
#1504=LINE('',#10700,#2447);
#1505=LINE('',#10702,#2448);
#1506=LINE('',#10703,#2449);
#1507=LINE('',#10706,#2450);
#1508=LINE('',#10708,#2451);
#1509=LINE('',#10709,#2452);
#1510=LINE('',#10712,#2453);
#1511=LINE('',#10714,#2454);
#1512=LINE('',#10715,#2455);
#1513=LINE('',#10718,#2456);
#1514=LINE('',#10720,#2457);
#1515=LINE('',#10721,#2458);
#1516=LINE('',#10724,#2459);
#1517=LINE('',#10726,#2460);
#1518=LINE('',#10727,#2461);
#1519=LINE('',#10730,#2462);
#1520=LINE('',#10732,#2463);
#1521=LINE('',#10733,#2464);
#1522=LINE('',#10736,#2465);
#1523=LINE('',#10738,#2466);
#1524=LINE('',#10739,#2467);
#1525=LINE('',#10742,#2468);
#1526=LINE('',#10744,#2469);
#1527=LINE('',#10745,#2470);
#1528=LINE('',#10748,#2471);
#1529=LINE('',#10750,#2472);
#1530=LINE('',#10751,#2473);
#1531=LINE('',#10754,#2474);
#1532=LINE('',#10756,#2475);
#1533=LINE('',#10757,#2476);
#1534=LINE('',#10760,#2477);
#1535=LINE('',#10762,#2478);
#1536=LINE('',#10763,#2479);
#1537=LINE('',#10766,#2480);
#1538=LINE('',#10768,#2481);
#1539=LINE('',#10769,#2482);
#1540=LINE('',#10772,#2483);
#1541=LINE('',#10774,#2484);
#1542=LINE('',#10775,#2485);
#1543=LINE('',#10778,#2486);
#1544=LINE('',#10780,#2487);
#1545=LINE('',#10781,#2488);
#1546=LINE('',#10784,#2489);
#1547=LINE('',#10786,#2490);
#1548=LINE('',#10787,#2491);
#1549=LINE('',#10789,#2492);
#1550=LINE('',#10790,#2493);
#1551=LINE('',#10794,#2494);
#1552=LINE('',#10796,#2495);
#1553=LINE('',#10798,#2496);
#1554=LINE('',#10799,#2497);
#1555=LINE('',#10803,#2498);
#1556=LINE('',#10805,#2499);
#1557=LINE('',#10807,#2500);
#1558=LINE('',#10808,#2501);
#1559=LINE('',#10811,#2502);
#1560=LINE('',#10813,#2503);
#1561=LINE('',#10814,#2504);
#1562=LINE('',#10817,#2505);
#1563=LINE('',#10819,#2506);
#1564=LINE('',#10820,#2507);
#1565=LINE('',#10823,#2508);
#1566=LINE('',#10825,#2509);
#1567=LINE('',#10826,#2510);
#1568=LINE('',#10829,#2511);
#1569=LINE('',#10831,#2512);
#1570=LINE('',#10832,#2513);
#1571=LINE('',#10835,#2514);
#1572=LINE('',#10837,#2515);
#1573=LINE('',#10838,#2516);
#1574=LINE('',#10841,#2517);
#1575=LINE('',#10843,#2518);
#1576=LINE('',#10844,#2519);
#1577=LINE('',#10847,#2520);
#1578=LINE('',#10849,#2521);
#1579=LINE('',#10850,#2522);
#1580=LINE('',#10853,#2523);
#1581=LINE('',#10855,#2524);
#1582=LINE('',#10856,#2525);
#1583=LINE('',#10859,#2526);
#1584=LINE('',#10861,#2527);
#1585=LINE('',#10862,#2528);
#1586=LINE('',#10865,#2529);
#1587=LINE('',#10867,#2530);
#1588=LINE('',#10868,#2531);
#1589=LINE('',#10871,#2532);
#1590=LINE('',#10873,#2533);
#1591=LINE('',#10874,#2534);
#1592=LINE('',#10877,#2535);
#1593=LINE('',#10879,#2536);
#1594=LINE('',#10880,#2537);
#1595=LINE('',#10883,#2538);
#1596=LINE('',#10885,#2539);
#1597=LINE('',#10886,#2540);
#1598=LINE('',#10889,#2541);
#1599=LINE('',#10891,#2542);
#1600=LINE('',#10892,#2543);
#1601=LINE('',#10894,#2544);
#1602=LINE('',#10895,#2545);
#1603=LINE('',#10899,#2546);
#1604=LINE('',#10901,#2547);
#1605=LINE('',#10903,#2548);
#1606=LINE('',#10904,#2549);
#1607=LINE('',#10908,#2550);
#1608=LINE('',#10910,#2551);
#1609=LINE('',#10912,#2552);
#1610=LINE('',#10913,#2553);
#1611=LINE('',#10916,#2554);
#1612=LINE('',#10918,#2555);
#1613=LINE('',#10919,#2556);
#1614=LINE('',#10922,#2557);
#1615=LINE('',#10924,#2558);
#1616=LINE('',#10925,#2559);
#1617=LINE('',#10928,#2560);
#1618=LINE('',#10930,#2561);
#1619=LINE('',#10931,#2562);
#1620=LINE('',#10934,#2563);
#1621=LINE('',#10936,#2564);
#1622=LINE('',#10937,#2565);
#1623=LINE('',#10940,#2566);
#1624=LINE('',#10942,#2567);
#1625=LINE('',#10943,#2568);
#1626=LINE('',#10946,#2569);
#1627=LINE('',#10948,#2570);
#1628=LINE('',#10949,#2571);
#1629=LINE('',#10952,#2572);
#1630=LINE('',#10954,#2573);
#1631=LINE('',#10955,#2574);
#1632=LINE('',#10958,#2575);
#1633=LINE('',#10960,#2576);
#1634=LINE('',#10961,#2577);
#1635=LINE('',#10964,#2578);
#1636=LINE('',#10966,#2579);
#1637=LINE('',#10967,#2580);
#1638=LINE('',#10970,#2581);
#1639=LINE('',#10972,#2582);
#1640=LINE('',#10973,#2583);
#1641=LINE('',#10976,#2584);
#1642=LINE('',#10978,#2585);
#1643=LINE('',#10979,#2586);
#1644=LINE('',#10982,#2587);
#1645=LINE('',#10984,#2588);
#1646=LINE('',#10985,#2589);
#1647=LINE('',#10988,#2590);
#1648=LINE('',#10990,#2591);
#1649=LINE('',#10991,#2592);
#1650=LINE('',#10994,#2593);
#1651=LINE('',#10996,#2594);
#1652=LINE('',#10997,#2595);
#1653=LINE('',#10999,#2596);
#1654=LINE('',#11000,#2597);
#1655=LINE('',#11004,#2598);
#1656=LINE('',#11006,#2599);
#1657=LINE('',#11008,#2600);
#1658=LINE('',#11009,#2601);
#1659=LINE('',#11013,#2602);
#1660=LINE('',#11015,#2603);
#1661=LINE('',#11017,#2604);
#1662=LINE('',#11018,#2605);
#1663=LINE('',#11021,#2606);
#1664=LINE('',#11023,#2607);
#1665=LINE('',#11024,#2608);
#1666=LINE('',#11027,#2609);
#1667=LINE('',#11029,#2610);
#1668=LINE('',#11030,#2611);
#1669=LINE('',#11033,#2612);
#1670=LINE('',#11035,#2613);
#1671=LINE('',#11036,#2614);
#1672=LINE('',#11039,#2615);
#1673=LINE('',#11041,#2616);
#1674=LINE('',#11042,#2617);
#1675=LINE('',#11045,#2618);
#1676=LINE('',#11047,#2619);
#1677=LINE('',#11048,#2620);
#1678=LINE('',#11051,#2621);
#1679=LINE('',#11053,#2622);
#1680=LINE('',#11054,#2623);
#1681=LINE('',#11057,#2624);
#1682=LINE('',#11059,#2625);
#1683=LINE('',#11060,#2626);
#1684=LINE('',#11063,#2627);
#1685=LINE('',#11065,#2628);
#1686=LINE('',#11066,#2629);
#1687=LINE('',#11069,#2630);
#1688=LINE('',#11071,#2631);
#1689=LINE('',#11072,#2632);
#1690=LINE('',#11075,#2633);
#1691=LINE('',#11077,#2634);
#1692=LINE('',#11078,#2635);
#1693=LINE('',#11081,#2636);
#1694=LINE('',#11083,#2637);
#1695=LINE('',#11084,#2638);
#1696=LINE('',#11087,#2639);
#1697=LINE('',#11089,#2640);
#1698=LINE('',#11090,#2641);
#1699=LINE('',#11093,#2642);
#1700=LINE('',#11095,#2643);
#1701=LINE('',#11096,#2644);
#1702=LINE('',#11099,#2645);
#1703=LINE('',#11101,#2646);
#1704=LINE('',#11102,#2647);
#1705=LINE('',#11104,#2648);
#1706=LINE('',#11105,#2649);
#1707=LINE('',#11109,#2650);
#1708=LINE('',#11111,#2651);
#1709=LINE('',#11113,#2652);
#1710=LINE('',#11114,#2653);
#1711=LINE('',#11118,#2654);
#1712=LINE('',#11120,#2655);
#1713=LINE('',#11122,#2656);
#1714=LINE('',#11123,#2657);
#1715=LINE('',#11126,#2658);
#1716=LINE('',#11128,#2659);
#1717=LINE('',#11129,#2660);
#1718=LINE('',#11132,#2661);
#1719=LINE('',#11134,#2662);
#1720=LINE('',#11135,#2663);
#1721=LINE('',#11138,#2664);
#1722=LINE('',#11140,#2665);
#1723=LINE('',#11141,#2666);
#1724=LINE('',#11144,#2667);
#1725=LINE('',#11146,#2668);
#1726=LINE('',#11147,#2669);
#1727=LINE('',#11150,#2670);
#1728=LINE('',#11152,#2671);
#1729=LINE('',#11153,#2672);
#1730=LINE('',#11156,#2673);
#1731=LINE('',#11158,#2674);
#1732=LINE('',#11159,#2675);
#1733=LINE('',#11162,#2676);
#1734=LINE('',#11164,#2677);
#1735=LINE('',#11165,#2678);
#1736=LINE('',#11168,#2679);
#1737=LINE('',#11170,#2680);
#1738=LINE('',#11171,#2681);
#1739=LINE('',#11174,#2682);
#1740=LINE('',#11176,#2683);
#1741=LINE('',#11177,#2684);
#1742=LINE('',#11180,#2685);
#1743=LINE('',#11182,#2686);
#1744=LINE('',#11183,#2687);
#1745=LINE('',#11186,#2688);
#1746=LINE('',#11188,#2689);
#1747=LINE('',#11189,#2690);
#1748=LINE('',#11192,#2691);
#1749=LINE('',#11194,#2692);
#1750=LINE('',#11195,#2693);
#1751=LINE('',#11198,#2694);
#1752=LINE('',#11200,#2695);
#1753=LINE('',#11201,#2696);
#1754=LINE('',#11204,#2697);
#1755=LINE('',#11206,#2698);
#1756=LINE('',#11207,#2699);
#1757=LINE('',#11209,#2700);
#1758=LINE('',#11210,#2701);
#1759=LINE('',#11214,#2702);
#1760=LINE('',#11216,#2703);
#1761=LINE('',#11218,#2704);
#1762=LINE('',#11219,#2705);
#1763=LINE('',#11223,#2706);
#1764=LINE('',#11225,#2707);
#1765=LINE('',#11227,#2708);
#1766=LINE('',#11228,#2709);
#1767=LINE('',#11231,#2710);
#1768=LINE('',#11233,#2711);
#1769=LINE('',#11234,#2712);
#1770=LINE('',#11237,#2713);
#1771=LINE('',#11239,#2714);
#1772=LINE('',#11240,#2715);
#1773=LINE('',#11243,#2716);
#1774=LINE('',#11245,#2717);
#1775=LINE('',#11246,#2718);
#1776=LINE('',#11249,#2719);
#1777=LINE('',#11251,#2720);
#1778=LINE('',#11252,#2721);
#1779=LINE('',#11255,#2722);
#1780=LINE('',#11257,#2723);
#1781=LINE('',#11258,#2724);
#1782=LINE('',#11261,#2725);
#1783=LINE('',#11263,#2726);
#1784=LINE('',#11264,#2727);
#1785=LINE('',#11267,#2728);
#1786=LINE('',#11269,#2729);
#1787=LINE('',#11270,#2730);
#1788=LINE('',#11273,#2731);
#1789=LINE('',#11275,#2732);
#1790=LINE('',#11276,#2733);
#1791=LINE('',#11279,#2734);
#1792=LINE('',#11281,#2735);
#1793=LINE('',#11282,#2736);
#1794=LINE('',#11285,#2737);
#1795=LINE('',#11287,#2738);
#1796=LINE('',#11288,#2739);
#1797=LINE('',#11291,#2740);
#1798=LINE('',#11293,#2741);
#1799=LINE('',#11294,#2742);
#1800=LINE('',#11297,#2743);
#1801=LINE('',#11299,#2744);
#1802=LINE('',#11300,#2745);
#1803=LINE('',#11303,#2746);
#1804=LINE('',#11305,#2747);
#1805=LINE('',#11306,#2748);
#1806=LINE('',#11309,#2749);
#1807=LINE('',#11311,#2750);
#1808=LINE('',#11312,#2751);
#1809=LINE('',#11314,#2752);
#1810=LINE('',#11315,#2753);
#1811=LINE('',#11319,#2754);
#1812=LINE('',#11321,#2755);
#1813=LINE('',#11323,#2756);
#1814=LINE('',#11324,#2757);
#1815=LINE('',#11326,#2758);
#1816=LINE('',#11327,#2759);
#1817=LINE('',#11329,#2760);
#1818=LINE('',#11331,#2761);
#1819=LINE('',#11332,#2762);
#1820=LINE('',#11334,#2763);
#1821=LINE('',#11336,#2764);
#1822=LINE('',#11337,#2765);
#1823=LINE('',#11339,#2766);
#1824=LINE('',#11341,#2767);
#1825=LINE('',#11342,#2768);
#1826=LINE('',#11344,#2769);
#1827=LINE('',#11346,#2770);
#1828=LINE('',#11347,#2771);
#1829=LINE('',#11349,#2772);
#1830=LINE('',#11351,#2773);
#1831=LINE('',#11352,#2774);
#1832=LINE('',#11354,#2775);
#1833=LINE('',#11356,#2776);
#1834=LINE('',#11357,#2777);
#1835=LINE('',#11359,#2778);
#1836=LINE('',#11361,#2779);
#1837=LINE('',#11362,#2780);
#1838=LINE('',#11364,#2781);
#1839=LINE('',#11366,#2782);
#1840=LINE('',#11367,#2783);
#1841=LINE('',#11369,#2784);
#1842=LINE('',#11371,#2785);
#1843=LINE('',#11372,#2786);
#1844=LINE('',#11374,#2787);
#1845=LINE('',#11376,#2788);
#1846=LINE('',#11377,#2789);
#1847=LINE('',#11379,#2790);
#1848=LINE('',#11381,#2791);
#1849=LINE('',#11382,#2792);
#1850=LINE('',#11384,#2793);
#1851=LINE('',#11386,#2794);
#1852=LINE('',#11387,#2795);
#1853=LINE('',#11389,#2796);
#1854=LINE('',#11391,#2797);
#1855=LINE('',#11394,#2798);
#1856=LINE('',#11397,#2799);
#1857=LINE('',#11400,#2800);
#1858=LINE('',#11403,#2801);
#1859=LINE('',#11406,#2802);
#1860=LINE('',#11409,#2803);
#1861=LINE('',#11412,#2804);
#1862=LINE('',#11415,#2805);
#1863=LINE('',#11418,#2806);
#1864=LINE('',#11421,#2807);
#1865=LINE('',#11424,#2808);
#1866=LINE('',#11427,#2809);
#1867=LINE('',#11432,#2810);
#1868=LINE('',#11433,#2811);
#1869=LINE('',#11434,#2812);
#1870=LINE('',#11437,#2813);
#1871=LINE('',#11438,#2814);
#1872=LINE('',#11441,#2815);
#1873=LINE('',#11442,#2816);
#1874=LINE('',#11445,#2817);
#1875=LINE('',#11446,#2818);
#1876=LINE('',#11448,#2819);
#1877=LINE('',#11450,#2820);
#1878=LINE('',#11457,#2821);
#1879=LINE('',#11460,#2822);
#1880=LINE('',#11463,#2823);
#1881=LINE('',#11465,#2824);
#1882=LINE('',#11466,#2825);
#1883=LINE('',#11472,#2826);
#1884=LINE('',#11475,#2827);
#1885=LINE('',#11477,#2828);
#1886=LINE('',#11479,#2829);
#1887=LINE('',#11483,#2830);
#1888=LINE('',#11487,#2831);
#1889=LINE('',#11488,#2832);
#1890=LINE('',#11492,#2833);
#1891=LINE('',#11495,#2834);
#1892=LINE('',#11502,#2835);
#1893=LINE('',#11505,#2836);
#1894=LINE('',#11508,#2837);
#1895=LINE('',#11512,#2838);
#1896=LINE('',#11516,#2839);
#1897=LINE('',#11519,#2840);
#1898=LINE('',#11522,#2841);
#1899=LINE('',#11523,#2842);
#1900=LINE('',#11527,#2843);
#1901=LINE('',#11531,#2844);
#1902=LINE('',#11535,#2845);
#1903=LINE('',#11538,#2846);
#1904=LINE('',#11539,#2847);
#1905=LINE('',#11542,#2848);
#1906=LINE('',#11543,#2849);
#1907=LINE('',#11546,#2850);
#1908=LINE('',#11547,#2851);
#1909=LINE('',#11550,#2852);
#1910=LINE('',#11552,#2853);
#1911=LINE('',#11554,#2854);
#1912=LINE('',#11555,#2855);
#1913=LINE('',#11558,#2856);
#1914=LINE('',#11560,#2857);
#1915=LINE('',#11563,#2858);
#1916=LINE('',#11564,#2859);
#1917=LINE('',#11573,#2860);
#1918=LINE('',#11576,#2861);
#1919=LINE('',#11581,#2862);
#1920=LINE('',#11582,#2863);
#1921=LINE('',#11583,#2864);
#1922=LINE('',#11586,#2865);
#1923=LINE('',#11587,#2866);
#1924=LINE('',#11590,#2867);
#1925=LINE('',#11591,#2868);
#1926=LINE('',#11593,#2869);
#1927=LINE('',#11596,#2870);
#1928=LINE('',#11600,#2871);
#1929=LINE('',#11604,#2872);
#1930=LINE('',#11610,#2873);
#1931=LINE('',#11620,#2874);
#1932=LINE('',#11622,#2875);
#1933=LINE('',#11624,#2876);
#1934=LINE('',#11625,#2877);
#1935=LINE('',#11628,#2878);
#1936=LINE('',#11630,#2879);
#1937=LINE('',#11631,#2880);
#1938=LINE('',#11634,#2881);
#1939=LINE('',#11635,#2882);
#1940=LINE('',#11638,#2883);
#1941=LINE('',#11639,#2884);
#1942=LINE('',#11641,#2885);
#1943=LINE('',#11647,#2886);
#1944=LINE('',#11650,#2887);
#1945=LINE('',#11661,#2888);
#1946=LINE('',#11667,#2889);
#1947=LINE('',#11670,#2890);
#1948=LINE('',#11680,#2891);
#1949=LINE('',#11730,#2892);
#1950=LINE('',#11736,#2893);
#1951=LINE('',#11739,#2894);
#1952=LINE('',#11749,#2895);
#1953=LINE('',#11796,#2896);
#1954=LINE('',#11802,#2897);
#1955=LINE('',#11805,#2898);
#1956=LINE('',#11815,#2899);
#1957=LINE('',#11857,#2900);
#1958=LINE('',#11867,#2901);
#1959=LINE('',#11904,#2902);
#1960=LINE('',#11911,#2903);
#1961=LINE('',#11921,#2904);
#1962=LINE('',#11923,#2905);
#1963=LINE('',#11925,#2906);
#1964=LINE('',#11926,#2907);
#1965=LINE('',#11929,#2908);
#1966=LINE('',#11931,#2909);
#1967=LINE('',#11933,#2910);
#1968=LINE('',#11934,#2911);
#1969=LINE('',#11939,#2912);
#1970=LINE('',#11943,#2913);
#1971=LINE('',#11946,#2914);
#1972=LINE('',#11948,#2915);
#1973=LINE('',#11949,#2916);
#1974=LINE('',#11952,#2917);
#1975=LINE('',#11953,#2918);
#1976=LINE('',#11956,#2919);
#1977=LINE('',#11957,#2920);
#1978=LINE('',#11959,#2921);
#1979=LINE('',#11962,#2922);
#1980=LINE('',#11964,#2923);
#1981=LINE('',#11965,#2924);
#1982=LINE('',#11968,#2925);
#1983=LINE('',#11969,#2926);
#1984=LINE('',#11972,#2927);
#1985=LINE('',#11973,#2928);
#1986=LINE('',#11975,#2929);
#1987=LINE('',#11979,#2930);
#1988=LINE('',#11986,#2931);
#1989=LINE('',#11997,#2932);
#1990=LINE('',#12001,#2933);
#1991=LINE('',#12003,#2934);
#1992=LINE('',#12004,#2935);
#1993=LINE('',#12009,#2936);
#1994=VECTOR('',#7909,10.);
#1995=VECTOR('',#7910,10.);
#1996=VECTOR('',#7911,10.);
#1997=VECTOR('',#7912,10.);
#1998=VECTOR('',#7915,10.);
#1999=VECTOR('',#7916,10.);
#2000=VECTOR('',#7917,10.);
#2001=VECTOR('',#7920,10.);
#2002=VECTOR('',#7921,10.);
#2003=VECTOR('',#7922,10.);
#2004=VECTOR('',#7925,10.);
#2005=VECTOR('',#7926,10.);
#2006=VECTOR('',#7931,10.);
#2007=VECTOR('',#7934,10.);
#2008=VECTOR('',#7937,10.);
#2009=VECTOR('',#7938,10.);
#2010=VECTOR('',#7939,10.);
#2011=VECTOR('',#7942,10.);
#2012=VECTOR('',#7945,10.);
#2013=VECTOR('',#7948,10.);
#2014=VECTOR('',#7959,10.);
#2015=VECTOR('',#7960,10.);
#2016=VECTOR('',#7961,10.);
#2017=VECTOR('',#7962,10.);
#2018=VECTOR('',#7963,10.);
#2019=VECTOR('',#7964,10.);
#2020=VECTOR('',#7965,10.);
#2021=VECTOR('',#7966,10.);
#2022=VECTOR('',#7967,10.);
#2023=VECTOR('',#7968,10.);
#2024=VECTOR('',#7969,10.);
#2025=VECTOR('',#7970,10.);
#2026=VECTOR('',#7971,10.);
#2027=VECTOR('',#7972,10.);
#2028=VECTOR('',#7973,10.);
#2029=VECTOR('',#7974,10.);
#2030=VECTOR('',#7975,10.);
#2031=VECTOR('',#7976,10.);
#2032=VECTOR('',#7977,10.);
#2033=VECTOR('',#7978,10.);
#2034=VECTOR('',#7979,10.);
#2035=VECTOR('',#7980,10.);
#2036=VECTOR('',#7981,10.);
#2037=VECTOR('',#7982,10.);
#2038=VECTOR('',#7983,10.);
#2039=VECTOR('',#7984,10.);
#2040=VECTOR('',#7985,10.);
#2041=VECTOR('',#7986,10.);
#2042=VECTOR('',#7987,10.);
#2043=VECTOR('',#7988,10.);
#2044=VECTOR('',#7989,10.);
#2045=VECTOR('',#7990,10.);
#2046=VECTOR('',#7991,10.);
#2047=VECTOR('',#7992,10.);
#2048=VECTOR('',#7993,10.);
#2049=VECTOR('',#7994,10.);
#2050=VECTOR('',#7995,10.);
#2051=VECTOR('',#7996,10.);
#2052=VECTOR('',#7997,10.);
#2053=VECTOR('',#7998,10.);
#2054=VECTOR('',#7999,10.);
#2055=VECTOR('',#8000,10.);
#2056=VECTOR('',#8001,10.);
#2057=VECTOR('',#8002,10.);
#2058=VECTOR('',#8003,10.);
#2059=VECTOR('',#8004,10.);
#2060=VECTOR('',#8005,10.);
#2061=VECTOR('',#8006,10.);
#2062=VECTOR('',#8007,10.);
#2063=VECTOR('',#8008,10.);
#2064=VECTOR('',#8009,10.);
#2065=VECTOR('',#8010,10.);
#2066=VECTOR('',#8011,10.);
#2067=VECTOR('',#8012,10.);
#2068=VECTOR('',#8013,10.);
#2069=VECTOR('',#8014,10.);
#2070=VECTOR('',#8015,10.);
#2071=VECTOR('',#8018,10.);
#2072=VECTOR('',#8023,10.);
#2073=VECTOR('',#8024,10.);
#2074=VECTOR('',#8027,10.);
#2075=VECTOR('',#8032,10.);
#2076=VECTOR('',#8033,10.);
#2077=VECTOR('',#8036,10.);
#2078=VECTOR('',#8043,1.6);
#2079=VECTOR('',#8048,1.6);
#2080=VECTOR('',#8053,1.6);
#2081=VECTOR('',#8058,1.6);
#2082=VECTOR('',#8061,10.);
#2083=VECTOR('',#8062,10.);
#2084=VECTOR('',#8063,10.);
#2085=VECTOR('',#8064,10.);
#2086=VECTOR('',#8067,10.);
#2087=VECTOR('',#8068,10.);
#2088=VECTOR('',#8069,10.);
#2089=VECTOR('',#8072,10.);
#2090=VECTOR('',#8073,10.);
#2091=VECTOR('',#8074,10.);
#2092=VECTOR('',#8077,10.);
#2093=VECTOR('',#8078,10.);
#2094=VECTOR('',#8079,10.);
#2095=VECTOR('',#8082,10.);
#2096=VECTOR('',#8083,10.);
#2097=VECTOR('',#8084,10.);
#2098=VECTOR('',#8087,10.);
#2099=VECTOR('',#8088,10.);
#2100=VECTOR('',#8089,10.);
#2101=VECTOR('',#8092,10.);
#2102=VECTOR('',#8093,10.);
#2103=VECTOR('',#8094,10.);
#2104=VECTOR('',#8097,10.);
#2105=VECTOR('',#8098,10.);
#2106=VECTOR('',#8099,10.);
#2107=VECTOR('',#8102,10.);
#2108=VECTOR('',#8103,10.);
#2109=VECTOR('',#8104,9.99999999999999);
#2110=VECTOR('',#8107,10.);
#2111=VECTOR('',#8108,10.);
#2112=VECTOR('',#8109,10.);
#2113=VECTOR('',#8112,10.);
#2114=VECTOR('',#8113,10.);
#2115=VECTOR('',#8114,10.);
#2116=VECTOR('',#8117,10.);
#2117=VECTOR('',#8118,10.);
#2118=VECTOR('',#8119,10.);
#2119=VECTOR('',#8122,10.);
#2120=VECTOR('',#8123,10.);
#2121=VECTOR('',#8124,10.);
#2122=VECTOR('',#8127,10.);
#2123=VECTOR('',#8128,10.);
#2124=VECTOR('',#8129,10.);
#2125=VECTOR('',#8132,10.);
#2126=VECTOR('',#8133,10.);
#2127=VECTOR('',#8134,10.);
#2128=VECTOR('',#8137,10.);
#2129=VECTOR('',#8138,10.);
#2130=VECTOR('',#8141,10.);
#2131=VECTOR('',#8142,10.);
#2132=VECTOR('',#8143,10.);
#2133=VECTOR('',#8144,10.);
#2134=VECTOR('',#8147,10.);
#2135=VECTOR('',#8148,10.);
#2136=VECTOR('',#8149,10.);
#2137=VECTOR('',#8150,10.);
#2138=VECTOR('',#8153,10.);
#2139=VECTOR('',#8154,10.);
#2140=VECTOR('',#8155,10.);
#2141=VECTOR('',#8158,10.);
#2142=VECTOR('',#8159,10.);
#2143=VECTOR('',#8160,10.);
#2144=VECTOR('',#8163,10.);
#2145=VECTOR('',#8164,10.);
#2146=VECTOR('',#8165,10.);
#2147=VECTOR('',#8168,10.);
#2148=VECTOR('',#8169,10.);
#2149=VECTOR('',#8170,10.);
#2150=VECTOR('',#8173,10.);
#2151=VECTOR('',#8174,10.);
#2152=VECTOR('',#8175,10.);
#2153=VECTOR('',#8178,10.);
#2154=VECTOR('',#8179,10.);
#2155=VECTOR('',#8180,10.);
#2156=VECTOR('',#8183,10.);
#2157=VECTOR('',#8184,10.);
#2158=VECTOR('',#8185,10.);
#2159=VECTOR('',#8188,10.);
#2160=VECTOR('',#8189,10.);
#2161=VECTOR('',#8190,10.);
#2162=VECTOR('',#8193,10.);
#2163=VECTOR('',#8194,10.);
#2164=VECTOR('',#8195,10.);
#2165=VECTOR('',#8198,10.);
#2166=VECTOR('',#8199,10.);
#2167=VECTOR('',#8200,10.);
#2168=VECTOR('',#8203,10.);
#2169=VECTOR('',#8204,10.);
#2170=VECTOR('',#8205,10.);
#2171=VECTOR('',#8208,10.);
#2172=VECTOR('',#8209,10.);
#2173=VECTOR('',#8210,10.);
#2174=VECTOR('',#8213,10.);
#2175=VECTOR('',#8214,10.);
#2176=VECTOR('',#8215,10.);
#2177=VECTOR('',#8218,10.);
#2178=VECTOR('',#8219,10.);
#2179=VECTOR('',#8220,10.);
#2180=VECTOR('',#8223,10.);
#2181=VECTOR('',#8224,10.);
#2182=VECTOR('',#8227,10.);
#2183=VECTOR('',#8228,10.);
#2184=VECTOR('',#8229,10.);
#2185=VECTOR('',#8230,10.);
#2186=VECTOR('',#8233,10.);
#2187=VECTOR('',#8234,10.);
#2188=VECTOR('',#8235,10.);
#2189=VECTOR('',#8236,10.);
#2190=VECTOR('',#8239,10.);
#2191=VECTOR('',#8240,10.);
#2192=VECTOR('',#8241,10.);
#2193=VECTOR('',#8244,10.);
#2194=VECTOR('',#8245,10.);
#2195=VECTOR('',#8246,10.);
#2196=VECTOR('',#8249,10.);
#2197=VECTOR('',#8250,10.);
#2198=VECTOR('',#8251,10.);
#2199=VECTOR('',#8254,10.);
#2200=VECTOR('',#8255,10.);
#2201=VECTOR('',#8256,10.);
#2202=VECTOR('',#8259,10.);
#2203=VECTOR('',#8260,10.);
#2204=VECTOR('',#8261,10.);
#2205=VECTOR('',#8264,10.);
#2206=VECTOR('',#8265,10.);
#2207=VECTOR('',#8266,10.);
#2208=VECTOR('',#8269,10.);
#2209=VECTOR('',#8270,10.);
#2210=VECTOR('',#8271,10.);
#2211=VECTOR('',#8274,10.);
#2212=VECTOR('',#8275,10.);
#2213=VECTOR('',#8276,10.);
#2214=VECTOR('',#8279,10.);
#2215=VECTOR('',#8280,10.);
#2216=VECTOR('',#8281,10.);
#2217=VECTOR('',#8284,10.);
#2218=VECTOR('',#8285,10.);
#2219=VECTOR('',#8286,10.);
#2220=VECTOR('',#8289,10.);
#2221=VECTOR('',#8290,10.);
#2222=VECTOR('',#8291,10.);
#2223=VECTOR('',#8294,10.);
#2224=VECTOR('',#8295,10.);
#2225=VECTOR('',#8296,10.);
#2226=VECTOR('',#8299,10.);
#2227=VECTOR('',#8300,10.);
#2228=VECTOR('',#8301,10.);
#2229=VECTOR('',#8304,10.);
#2230=VECTOR('',#8305,10.);
#2231=VECTOR('',#8306,10.);
#2232=VECTOR('',#8309,10.);
#2233=VECTOR('',#8310,10.);
#2234=VECTOR('',#8313,10.);
#2235=VECTOR('',#8314,10.);
#2236=VECTOR('',#8315,10.);
#2237=VECTOR('',#8316,10.);
#2238=VECTOR('',#8319,10.);
#2239=VECTOR('',#8320,10.);
#2240=VECTOR('',#8321,10.);
#2241=VECTOR('',#8322,10.);
#2242=VECTOR('',#8325,10.);
#2243=VECTOR('',#8326,10.);
#2244=VECTOR('',#8327,10.);
#2245=VECTOR('',#8330,10.);
#2246=VECTOR('',#8331,10.);
#2247=VECTOR('',#8332,10.);
#2248=VECTOR('',#8335,10.);
#2249=VECTOR('',#8336,10.);
#2250=VECTOR('',#8337,10.);
#2251=VECTOR('',#8340,9.99999999999999);
#2252=VECTOR('',#8341,10.);
#2253=VECTOR('',#8342,9.99999999999999);
#2254=VECTOR('',#8345,10.);
#2255=VECTOR('',#8346,10.);
#2256=VECTOR('',#8347,10.);
#2257=VECTOR('',#8350,10.);
#2258=VECTOR('',#8351,10.);
#2259=VECTOR('',#8352,10.);
#2260=VECTOR('',#8355,10.);
#2261=VECTOR('',#8356,10.);
#2262=VECTOR('',#8357,10.);
#2263=VECTOR('',#8360,10.);
#2264=VECTOR('',#8361,10.);
#2265=VECTOR('',#8362,10.);
#2266=VECTOR('',#8365,10.);
#2267=VECTOR('',#8366,10.);
#2268=VECTOR('',#8367,10.);
#2269=VECTOR('',#8370,10.);
#2270=VECTOR('',#8371,10.);
#2271=VECTOR('',#8372,10.);
#2272=VECTOR('',#8375,10.);
#2273=VECTOR('',#8376,10.);
#2274=VECTOR('',#8377,10.);
#2275=VECTOR('',#8380,10.);
#2276=VECTOR('',#8381,10.);
#2277=VECTOR('',#8382,10.);
#2278=VECTOR('',#8385,10.);
#2279=VECTOR('',#8386,10.);
#2280=VECTOR('',#8387,10.);
#2281=VECTOR('',#8390,10.);
#2282=VECTOR('',#8391,10.);
#2283=VECTOR('',#8392,10.);
#2284=VECTOR('',#8395,10.);
#2285=VECTOR('',#8396,10.);
#2286=VECTOR('',#8399,10.);
#2287=VECTOR('',#8400,10.);
#2288=VECTOR('',#8401,10.);
#2289=VECTOR('',#8402,10.);
#2290=VECTOR('',#8405,10.);
#2291=VECTOR('',#8406,10.);
#2292=VECTOR('',#8407,10.);
#2293=VECTOR('',#8408,10.);
#2294=VECTOR('',#8411,10.);
#2295=VECTOR('',#8412,10.);
#2296=VECTOR('',#8413,10.);
#2297=VECTOR('',#8416,10.);
#2298=VECTOR('',#8417,10.);
#2299=VECTOR('',#8418,10.);
#2300=VECTOR('',#8421,10.);
#2301=VECTOR('',#8422,10.);
#2302=VECTOR('',#8423,10.);
#2303=VECTOR('',#8426,10.);
#2304=VECTOR('',#8427,10.);
#2305=VECTOR('',#8428,10.);
#2306=VECTOR('',#8431,10.);
#2307=VECTOR('',#8432,10.);
#2308=VECTOR('',#8433,10.);
#2309=VECTOR('',#8436,10.);
#2310=VECTOR('',#8437,10.);
#2311=VECTOR('',#8438,10.);
#2312=VECTOR('',#8441,10.);
#2313=VECTOR('',#8442,10.);
#2314=VECTOR('',#8443,10.);
#2315=VECTOR('',#8446,10.);
#2316=VECTOR('',#8447,10.);
#2317=VECTOR('',#8448,10.);
#2318=VECTOR('',#8451,10.);
#2319=VECTOR('',#8452,10.);
#2320=VECTOR('',#8453,10.);
#2321=VECTOR('',#8456,10.);
#2322=VECTOR('',#8457,10.);
#2323=VECTOR('',#8458,10.);
#2324=VECTOR('',#8461,10.);
#2325=VECTOR('',#8462,10.);
#2326=VECTOR('',#8463,10.);
#2327=VECTOR('',#8466,10.);
#2328=VECTOR('',#8467,10.);
#2329=VECTOR('',#8468,10.);
#2330=VECTOR('',#8471,10.);
#2331=VECTOR('',#8472,10.);
#2332=VECTOR('',#8473,10.);
#2333=VECTOR('',#8476,10.);
#2334=VECTOR('',#8477,10.);
#2335=VECTOR('',#8478,10.);
#2336=VECTOR('',#8481,10.);
#2337=VECTOR('',#8482,10.);
#2338=VECTOR('',#8485,10.);
#2339=VECTOR('',#8486,10.);
#2340=VECTOR('',#8487,10.);
#2341=VECTOR('',#8488,10.);
#2342=VECTOR('',#8491,10.);
#2343=VECTOR('',#8492,10.);
#2344=VECTOR('',#8493,10.);
#2345=VECTOR('',#8494,10.);
#2346=VECTOR('',#8497,10.);
#2347=VECTOR('',#8498,10.);
#2348=VECTOR('',#8499,10.);
#2349=VECTOR('',#8502,10.);
#2350=VECTOR('',#8503,10.);
#2351=VECTOR('',#8504,10.);
#2352=VECTOR('',#8507,10.);
#2353=VECTOR('',#8508,10.);
#2354=VECTOR('',#8509,10.);
#2355=VECTOR('',#8512,10.);
#2356=VECTOR('',#8513,10.);
#2357=VECTOR('',#8514,10.);
#2358=VECTOR('',#8517,10.);
#2359=VECTOR('',#8518,10.);
#2360=VECTOR('',#8519,10.);
#2361=VECTOR('',#8522,10.);
#2362=VECTOR('',#8523,10.);
#2363=VECTOR('',#8524,10.);
#2364=VECTOR('',#8527,10.);
#2365=VECTOR('',#8528,10.);
#2366=VECTOR('',#8529,10.);
#2367=VECTOR('',#8532,10.);
#2368=VECTOR('',#8533,10.);
#2369=VECTOR('',#8534,9.99999999999999);
#2370=VECTOR('',#8537,10.);
#2371=VECTOR('',#8538,10.);
#2372=VECTOR('',#8539,10.);
#2373=VECTOR('',#8542,10.);
#2374=VECTOR('',#8543,10.);
#2375=VECTOR('',#8544,10.);
#2376=VECTOR('',#8547,10.);
#2377=VECTOR('',#8548,10.);
#2378=VECTOR('',#8549,10.);
#2379=VECTOR('',#8552,10.);
#2380=VECTOR('',#8553,10.);
#2381=VECTOR('',#8554,10.);
#2382=VECTOR('',#8557,10.);
#2383=VECTOR('',#8558,10.);
#2384=VECTOR('',#8559,10.);
#2385=VECTOR('',#8562,10.);
#2386=VECTOR('',#8563,10.);
#2387=VECTOR('',#8564,10.);
#2388=VECTOR('',#8567,10.);
#2389=VECTOR('',#8568,10.);
#2390=VECTOR('',#8571,10.);
#2391=VECTOR('',#8572,10.);
#2392=VECTOR('',#8573,10.);
#2393=VECTOR('',#8574,10.);
#2394=VECTOR('',#8577,10.);
#2395=VECTOR('',#8578,10.);
#2396=VECTOR('',#8579,10.);
#2397=VECTOR('',#8580,10.);
#2398=VECTOR('',#8583,10.);
#2399=VECTOR('',#8584,10.);
#2400=VECTOR('',#8585,10.);
#2401=VECTOR('',#8588,10.);
#2402=VECTOR('',#8589,10.);
#2403=VECTOR('',#8590,10.);
#2404=VECTOR('',#8593,10.);
#2405=VECTOR('',#8594,10.);
#2406=VECTOR('',#8595,10.);
#2407=VECTOR('',#8598,10.);
#2408=VECTOR('',#8599,10.);
#2409=VECTOR('',#8600,10.);
#2410=VECTOR('',#8603,10.);
#2411=VECTOR('',#8604,10.);
#2412=VECTOR('',#8605,10.);
#2413=VECTOR('',#8608,10.);
#2414=VECTOR('',#8609,10.);
#2415=VECTOR('',#8610,10.);
#2416=VECTOR('',#8613,10.);
#2417=VECTOR('',#8614,10.);
#2418=VECTOR('',#8615,10.);
#2419=VECTOR('',#8618,10.);
#2420=VECTOR('',#8619,10.);
#2421=VECTOR('',#8620,10.);
#2422=VECTOR('',#8623,10.);
#2423=VECTOR('',#8624,10.);
#2424=VECTOR('',#8625,10.);
#2425=VECTOR('',#8628,10.);
#2426=VECTOR('',#8629,10.);
#2427=VECTOR('',#8630,10.);
#2428=VECTOR('',#8633,10.);
#2429=VECTOR('',#8634,10.);
#2430=VECTOR('',#8635,10.);
#2431=VECTOR('',#8638,10.);
#2432=VECTOR('',#8639,10.);
#2433=VECTOR('',#8640,10.);
#2434=VECTOR('',#8643,10.);
#2435=VECTOR('',#8644,10.);
#2436=VECTOR('',#8645,10.);
#2437=VECTOR('',#8648,10.);
#2438=VECTOR('',#8649,10.);
#2439=VECTOR('',#8650,10.);
#2440=VECTOR('',#8653,10.);
#2441=VECTOR('',#8654,10.);
#2442=VECTOR('',#8657,10.);
#2443=VECTOR('',#8658,10.);
#2444=VECTOR('',#8659,10.);
#2445=VECTOR('',#8660,10.);
#2446=VECTOR('',#8663,10.);
#2447=VECTOR('',#8664,10.);
#2448=VECTOR('',#8665,10.);
#2449=VECTOR('',#8666,10.);
#2450=VECTOR('',#8669,10.);
#2451=VECTOR('',#8670,10.);
#2452=VECTOR('',#8671,10.);
#2453=VECTOR('',#8674,10.);
#2454=VECTOR('',#8675,10.);
#2455=VECTOR('',#8676,10.);
#2456=VECTOR('',#8679,10.);
#2457=VECTOR('',#8680,10.);
#2458=VECTOR('',#8681,10.);
#2459=VECTOR('',#8684,10.);
#2460=VECTOR('',#8685,10.);
#2461=VECTOR('',#8686,10.);
#2462=VECTOR('',#8689,10.);
#2463=VECTOR('',#8690,10.);
#2464=VECTOR('',#8691,10.);
#2465=VECTOR('',#8694,10.);
#2466=VECTOR('',#8695,10.);
#2467=VECTOR('',#8696,10.);
#2468=VECTOR('',#8699,10.);
#2469=VECTOR('',#8700,10.);
#2470=VECTOR('',#8701,10.);
#2471=VECTOR('',#8704,10.);
#2472=VECTOR('',#8705,10.);
#2473=VECTOR('',#8706,10.);
#2474=VECTOR('',#8709,10.);
#2475=VECTOR('',#8710,10.);
#2476=VECTOR('',#8711,10.);
#2477=VECTOR('',#8714,10.);
#2478=VECTOR('',#8715,10.);
#2479=VECTOR('',#8716,10.);
#2480=VECTOR('',#8719,10.);
#2481=VECTOR('',#8720,10.);
#2482=VECTOR('',#8721,10.);
#2483=VECTOR('',#8724,10.);
#2484=VECTOR('',#8725,10.);
#2485=VECTOR('',#8726,10.);
#2486=VECTOR('',#8729,10.);
#2487=VECTOR('',#8730,10.);
#2488=VECTOR('',#8731,10.);
#2489=VECTOR('',#8734,10.);
#2490=VECTOR('',#8735,10.);
#2491=VECTOR('',#8736,10.);
#2492=VECTOR('',#8739,10.);
#2493=VECTOR('',#8740,10.);
#2494=VECTOR('',#8743,10.);
#2495=VECTOR('',#8744,10.);
#2496=VECTOR('',#8745,10.);
#2497=VECTOR('',#8746,10.);
#2498=VECTOR('',#8749,10.);
#2499=VECTOR('',#8750,10.);
#2500=VECTOR('',#8751,10.);
#2501=VECTOR('',#8752,10.);
#2502=VECTOR('',#8755,10.);
#2503=VECTOR('',#8756,10.);
#2504=VECTOR('',#8757,10.);
#2505=VECTOR('',#8760,10.);
#2506=VECTOR('',#8761,10.);
#2507=VECTOR('',#8762,10.);
#2508=VECTOR('',#8765,10.);
#2509=VECTOR('',#8766,10.);
#2510=VECTOR('',#8767,10.);
#2511=VECTOR('',#8770,10.);
#2512=VECTOR('',#8771,10.);
#2513=VECTOR('',#8772,10.);
#2514=VECTOR('',#8775,10.);
#2515=VECTOR('',#8776,10.);
#2516=VECTOR('',#8777,10.);
#2517=VECTOR('',#8780,10.);
#2518=VECTOR('',#8781,10.);
#2519=VECTOR('',#8782,10.);
#2520=VECTOR('',#8785,10.);
#2521=VECTOR('',#8786,10.);
#2522=VECTOR('',#8787,10.);
#2523=VECTOR('',#8790,10.);
#2524=VECTOR('',#8791,10.);
#2525=VECTOR('',#8792,10.);
#2526=VECTOR('',#8795,10.);
#2527=VECTOR('',#8796,10.);
#2528=VECTOR('',#8797,10.);
#2529=VECTOR('',#8800,10.);
#2530=VECTOR('',#8801,10.);
#2531=VECTOR('',#8802,10.);
#2532=VECTOR('',#8805,10.);
#2533=VECTOR('',#8806,10.);
#2534=VECTOR('',#8807,10.);
#2535=VECTOR('',#8810,10.);
#2536=VECTOR('',#8811,10.);
#2537=VECTOR('',#8812,10.);
#2538=VECTOR('',#8815,10.);
#2539=VECTOR('',#8816,10.);
#2540=VECTOR('',#8817,10.);
#2541=VECTOR('',#8820,10.);
#2542=VECTOR('',#8821,10.);
#2543=VECTOR('',#8822,10.);
#2544=VECTOR('',#8825,10.);
#2545=VECTOR('',#8826,10.);
#2546=VECTOR('',#8829,10.);
#2547=VECTOR('',#8830,10.);
#2548=VECTOR('',#8831,10.);
#2549=VECTOR('',#8832,10.);
#2550=VECTOR('',#8835,10.);
#2551=VECTOR('',#8836,10.);
#2552=VECTOR('',#8837,10.);
#2553=VECTOR('',#8838,10.);
#2554=VECTOR('',#8841,10.);
#2555=VECTOR('',#8842,10.);
#2556=VECTOR('',#8843,10.);
#2557=VECTOR('',#8846,10.);
#2558=VECTOR('',#8847,10.);
#2559=VECTOR('',#8848,10.);
#2560=VECTOR('',#8851,10.);
#2561=VECTOR('',#8852,10.);
#2562=VECTOR('',#8853,10.);
#2563=VECTOR('',#8856,10.);
#2564=VECTOR('',#8857,10.);
#2565=VECTOR('',#8858,10.);
#2566=VECTOR('',#8861,10.);
#2567=VECTOR('',#8862,10.);
#2568=VECTOR('',#8863,10.);
#2569=VECTOR('',#8866,10.);
#2570=VECTOR('',#8867,10.);
#2571=VECTOR('',#8868,10.);
#2572=VECTOR('',#8871,10.);
#2573=VECTOR('',#8872,10.);
#2574=VECTOR('',#8873,10.);
#2575=VECTOR('',#8876,10.);
#2576=VECTOR('',#8877,10.);
#2577=VECTOR('',#8878,10.);
#2578=VECTOR('',#8881,10.);
#2579=VECTOR('',#8882,10.);
#2580=VECTOR('',#8883,10.);
#2581=VECTOR('',#8886,10.);
#2582=VECTOR('',#8887,10.);
#2583=VECTOR('',#8888,10.);
#2584=VECTOR('',#8891,10.);
#2585=VECTOR('',#8892,10.);
#2586=VECTOR('',#8893,10.);
#2587=VECTOR('',#8896,10.);
#2588=VECTOR('',#8897,10.);
#2589=VECTOR('',#8898,10.);
#2590=VECTOR('',#8901,10.);
#2591=VECTOR('',#8902,10.);
#2592=VECTOR('',#8903,10.);
#2593=VECTOR('',#8906,10.);
#2594=VECTOR('',#8907,10.);
#2595=VECTOR('',#8908,10.);
#2596=VECTOR('',#8911,10.);
#2597=VECTOR('',#8912,10.);
#2598=VECTOR('',#8915,10.);
#2599=VECTOR('',#8916,10.);
#2600=VECTOR('',#8917,10.);
#2601=VECTOR('',#8918,10.);
#2602=VECTOR('',#8921,10.);
#2603=VECTOR('',#8922,10.);
#2604=VECTOR('',#8923,10.);
#2605=VECTOR('',#8924,10.);
#2606=VECTOR('',#8927,10.);
#2607=VECTOR('',#8928,10.);
#2608=VECTOR('',#8929,10.);
#2609=VECTOR('',#8932,10.);
#2610=VECTOR('',#8933,10.);
#2611=VECTOR('',#8934,10.);
#2612=VECTOR('',#8937,10.);
#2613=VECTOR('',#8938,10.);
#2614=VECTOR('',#8939,10.);
#2615=VECTOR('',#8942,10.);
#2616=VECTOR('',#8943,10.);
#2617=VECTOR('',#8944,10.);
#2618=VECTOR('',#8947,10.);
#2619=VECTOR('',#8948,10.);
#2620=VECTOR('',#8949,10.);
#2621=VECTOR('',#8952,10.);
#2622=VECTOR('',#8953,10.);
#2623=VECTOR('',#8954,10.);
#2624=VECTOR('',#8957,10.);
#2625=VECTOR('',#8958,10.);
#2626=VECTOR('',#8959,10.);
#2627=VECTOR('',#8962,10.);
#2628=VECTOR('',#8963,10.);
#2629=VECTOR('',#8964,10.);
#2630=VECTOR('',#8967,10.);
#2631=VECTOR('',#8968,10.);
#2632=VECTOR('',#8969,10.);
#2633=VECTOR('',#8972,10.);
#2634=VECTOR('',#8973,10.);
#2635=VECTOR('',#8974,10.);
#2636=VECTOR('',#8977,10.);
#2637=VECTOR('',#8978,10.);
#2638=VECTOR('',#8979,10.);
#2639=VECTOR('',#8982,10.);
#2640=VECTOR('',#8983,10.);
#2641=VECTOR('',#8984,10.);
#2642=VECTOR('',#8987,10.);
#2643=VECTOR('',#8988,10.);
#2644=VECTOR('',#8989,10.);
#2645=VECTOR('',#8992,10.);
#2646=VECTOR('',#8993,10.);
#2647=VECTOR('',#8994,10.);
#2648=VECTOR('',#8997,10.);
#2649=VECTOR('',#8998,10.);
#2650=VECTOR('',#9001,10.);
#2651=VECTOR('',#9002,10.);
#2652=VECTOR('',#9003,10.);
#2653=VECTOR('',#9004,10.);
#2654=VECTOR('',#9007,10.);
#2655=VECTOR('',#9008,10.);
#2656=VECTOR('',#9009,9.99999999999999);
#2657=VECTOR('',#9010,10.);
#2658=VECTOR('',#9013,10.);
#2659=VECTOR('',#9014,10.);
#2660=VECTOR('',#9015,10.);
#2661=VECTOR('',#9018,10.);
#2662=VECTOR('',#9019,10.);
#2663=VECTOR('',#9020,10.);
#2664=VECTOR('',#9023,10.);
#2665=VECTOR('',#9024,10.);
#2666=VECTOR('',#9025,10.);
#2667=VECTOR('',#9028,10.);
#2668=VECTOR('',#9029,10.);
#2669=VECTOR('',#9030,10.);
#2670=VECTOR('',#9033,10.);
#2671=VECTOR('',#9034,10.);
#2672=VECTOR('',#9035,10.);
#2673=VECTOR('',#9038,10.);
#2674=VECTOR('',#9039,10.);
#2675=VECTOR('',#9040,10.);
#2676=VECTOR('',#9043,10.);
#2677=VECTOR('',#9044,10.);
#2678=VECTOR('',#9045,10.);
#2679=VECTOR('',#9048,10.);
#2680=VECTOR('',#9049,10.);
#2681=VECTOR('',#9050,10.);
#2682=VECTOR('',#9053,10.);
#2683=VECTOR('',#9054,10.);
#2684=VECTOR('',#9055,10.);
#2685=VECTOR('',#9058,10.);
#2686=VECTOR('',#9059,10.);
#2687=VECTOR('',#9060,10.);
#2688=VECTOR('',#9063,10.);
#2689=VECTOR('',#9064,10.);
#2690=VECTOR('',#9065,10.);
#2691=VECTOR('',#9068,10.);
#2692=VECTOR('',#9069,10.);
#2693=VECTOR('',#9070,10.);
#2694=VECTOR('',#9073,10.);
#2695=VECTOR('',#9074,10.);
#2696=VECTOR('',#9075,10.);
#2697=VECTOR('',#9078,10.);
#2698=VECTOR('',#9079,10.);
#2699=VECTOR('',#9080,10.);
#2700=VECTOR('',#9083,10.);
#2701=VECTOR('',#9084,10.);
#2702=VECTOR('',#9087,10.);
#2703=VECTOR('',#9088,10.);
#2704=VECTOR('',#9089,10.);
#2705=VECTOR('',#9090,10.);
#2706=VECTOR('',#9093,10.);
#2707=VECTOR('',#9094,10.);
#2708=VECTOR('',#9095,10.);
#2709=VECTOR('',#9096,10.);
#2710=VECTOR('',#9099,10.);
#2711=VECTOR('',#9100,10.);
#2712=VECTOR('',#9101,10.);
#2713=VECTOR('',#9104,10.);
#2714=VECTOR('',#9105,10.);
#2715=VECTOR('',#9106,10.);
#2716=VECTOR('',#9109,10.);
#2717=VECTOR('',#9110,10.);
#2718=VECTOR('',#9111,10.);
#2719=VECTOR('',#9114,10.);
#2720=VECTOR('',#9115,10.);
#2721=VECTOR('',#9116,10.);
#2722=VECTOR('',#9119,10.);
#2723=VECTOR('',#9120,10.);
#2724=VECTOR('',#9121,10.);
#2725=VECTOR('',#9124,10.);
#2726=VECTOR('',#9125,10.);
#2727=VECTOR('',#9126,10.);
#2728=VECTOR('',#9129,10.);
#2729=VECTOR('',#9130,10.);
#2730=VECTOR('',#9131,10.);
#2731=VECTOR('',#9134,10.);
#2732=VECTOR('',#9135,10.);
#2733=VECTOR('',#9136,10.);
#2734=VECTOR('',#9139,10.);
#2735=VECTOR('',#9140,10.);
#2736=VECTOR('',#9141,10.);
#2737=VECTOR('',#9144,10.);
#2738=VECTOR('',#9145,10.);
#2739=VECTOR('',#9146,10.);
#2740=VECTOR('',#9149,10.);
#2741=VECTOR('',#9150,10.);
#2742=VECTOR('',#9151,10.);
#2743=VECTOR('',#9154,10.);
#2744=VECTOR('',#9155,10.);
#2745=VECTOR('',#9156,10.);
#2746=VECTOR('',#9159,10.);
#2747=VECTOR('',#9160,10.);
#2748=VECTOR('',#9161,10.);
#2749=VECTOR('',#9164,10.);
#2750=VECTOR('',#9165,10.);
#2751=VECTOR('',#9166,10.);
#2752=VECTOR('',#9169,10.);
#2753=VECTOR('',#9170,10.);
#2754=VECTOR('',#9173,10.);
#2755=VECTOR('',#9174,10.);
#2756=VECTOR('',#9175,10.);
#2757=VECTOR('',#9176,10.);
#2758=VECTOR('',#9179,10.);
#2759=VECTOR('',#9180,10.);
#2760=VECTOR('',#9183,10.);
#2761=VECTOR('',#9186,10.);
#2762=VECTOR('',#9187,10.);
#2763=VECTOR('',#9190,10.);
#2764=VECTOR('',#9193,10.);
#2765=VECTOR('',#9194,10.);
#2766=VECTOR('',#9197,10.);
#2767=VECTOR('',#9200,10.);
#2768=VECTOR('',#9201,10.);
#2769=VECTOR('',#9204,10.);
#2770=VECTOR('',#9207,10.);
#2771=VECTOR('',#9208,10.);
#2772=VECTOR('',#9211,10.);
#2773=VECTOR('',#9214,10.);
#2774=VECTOR('',#9215,10.);
#2775=VECTOR('',#9218,10.);
#2776=VECTOR('',#9221,10.);
#2777=VECTOR('',#9222,10.);
#2778=VECTOR('',#9225,10.);
#2779=VECTOR('',#9228,10.);
#2780=VECTOR('',#9229,10.);
#2781=VECTOR('',#9232,10.);
#2782=VECTOR('',#9235,10.);
#2783=VECTOR('',#9236,10.);
#2784=VECTOR('',#9239,10.);
#2785=VECTOR('',#9242,10.);
#2786=VECTOR('',#9243,10.);
#2787=VECTOR('',#9246,10.);
#2788=VECTOR('',#9249,10.);
#2789=VECTOR('',#9250,10.);
#2790=VECTOR('',#9253,10.);
#2791=VECTOR('',#9256,10.);
#2792=VECTOR('',#9257,10.);
#2793=VECTOR('',#9260,10.);
#2794=VECTOR('',#9263,10.);
#2795=VECTOR('',#9264,10.);
#2796=VECTOR('',#9267,10.);
#2797=VECTOR('',#9270,10.);
#2798=VECTOR('',#9275,10.);
#2799=VECTOR('',#9280,10.);
#2800=VECTOR('',#9285,10.);
#2801=VECTOR('',#9290,10.);
#2802=VECTOR('',#9295,10.);
#2803=VECTOR('',#9300,10.);
#2804=VECTOR('',#9305,10.);
#2805=VECTOR('',#9310,10.);
#2806=VECTOR('',#9315,10.);
#2807=VECTOR('',#9320,10.);
#2808=VECTOR('',#9325,10.);
#2809=VECTOR('',#9330,10.);
#2810=VECTOR('',#9335,10.);
#2811=VECTOR('',#9336,10.);
#2812=VECTOR('',#9337,10.);
#2813=VECTOR('',#9340,10.);
#2814=VECTOR('',#9341,10.);
#2815=VECTOR('',#9344,10.);
#2816=VECTOR('',#9345,10.);
#2817=VECTOR('',#9348,10.);
#2818=VECTOR('',#9349,10.);
#2819=VECTOR('',#9352,10.);
#2820=VECTOR('',#9355,10.);
#2821=VECTOR('',#9362,10.);
#2822=VECTOR('',#9365,10.);
#2823=VECTOR('',#9368,10.);
#2824=VECTOR('',#9369,10.);
#2825=VECTOR('',#9370,10.);
#2826=VECTOR('',#9375,10.);
#2827=VECTOR('',#9378,10.);
#2828=VECTOR('',#9381,10.);
#2829=VECTOR('',#9382,10.);
#2830=VECTOR('',#9385,10.);
#2831=VECTOR('',#9390,10.);
#2832=VECTOR('',#9391,10.);
#2833=VECTOR('',#9396,10.);
#2834=VECTOR('',#9399,10.);
#2835=VECTOR('',#9406,10.);
#2836=VECTOR('',#9409,10.);
#2837=VECTOR('',#9412,10.);
#2838=VECTOR('',#9415,10.);
#2839=VECTOR('',#9418,10.);
#2840=VECTOR('',#9421,10.);
#2841=VECTOR('',#9424,10.);
#2842=VECTOR('',#9425,10.);
#2843=VECTOR('',#9430,10.);
#2844=VECTOR('',#9433,10.);
#2845=VECTOR('',#9436,10.);
#2846=VECTOR('',#9441,10.);
#2847=VECTOR('',#9442,10.);
#2848=VECTOR('',#9445,10.);
#2849=VECTOR('',#9446,10.);
#2850=VECTOR('',#9449,10.);
#2851=VECTOR('',#9450,10.);
#2852=VECTOR('',#9451,10.);
#2853=VECTOR('',#9452,10.);
#2854=VECTOR('',#9453,10.);
#2855=VECTOR('',#9454,10.);
#2856=VECTOR('',#9457,10.);
#2857=VECTOR('',#9460,10.);
#2858=VECTOR('',#9463,10.);
#2859=VECTOR('',#9464,10.);
#2860=VECTOR('',#9473,10.);
#2861=VECTOR('',#9478,10.);
#2862=VECTOR('',#9483,10.);
#2863=VECTOR('',#9484,10.);
#2864=VECTOR('',#9485,10.);
#2865=VECTOR('',#9488,10.);
#2866=VECTOR('',#9489,10.);
#2867=VECTOR('',#9492,10.);
#2868=VECTOR('',#9493,10.);
#2869=VECTOR('',#9496,10.);
#2870=VECTOR('',#9499,2.3);
#2871=VECTOR('',#9504,2.3);
#2872=VECTOR('',#9509,2.3);
#2873=VECTOR('',#9518,2.3);
#2874=VECTOR('',#9533,10.);
#2875=VECTOR('',#9534,10.);
#2876=VECTOR('',#9535,10.);
#2877=VECTOR('',#9536,10.);
#2878=VECTOR('',#9539,10.);
#2879=VECTOR('',#9540,10.);
#2880=VECTOR('',#9541,10.);
#2881=VECTOR('',#9544,10.);
#2882=VECTOR('',#9545,10.);
#2883=VECTOR('',#9548,10.);
#2884=VECTOR('',#9549,10.);
#2885=VECTOR('',#9552,10.);
#2886=VECTOR('',#9557,10.);
#2887=VECTOR('',#9560,10.);
#2888=VECTOR('',#9565,10.);
#2889=VECTOR('',#9570,10.);
#2890=VECTOR('',#9573,10.);
#2891=VECTOR('',#9576,10.);
#2892=VECTOR('',#9585,10.);
#2893=VECTOR('',#9590,10.);
#2894=VECTOR('',#9593,10.);
#2895=VECTOR('',#9596,10.);
#2896=VECTOR('',#9605,10.);
#2897=VECTOR('',#9610,10.);
#2898=VECTOR('',#9613,10.);
#2899=VECTOR('',#9616,10.);
#2900=VECTOR('',#9625,10.);
#2901=VECTOR('',#9628,10.);
#2902=VECTOR('',#9635,1.6);
#2903=VECTOR('',#9644,1.6);
#2904=VECTOR('',#9655,10.);
#2905=VECTOR('',#9656,10.);
#2906=VECTOR('',#9657,10.);
#2907=VECTOR('',#9658,10.);
#2908=VECTOR('',#9659,10.);
#2909=VECTOR('',#9660,10.);
#2910=VECTOR('',#9661,10.);
#2911=VECTOR('',#9662,10.);
#2912=VECTOR('',#9667,7.75);
#2913=VECTOR('',#9674,1.6);
#2914=VECTOR('',#9677,10.);
#2915=VECTOR('',#9678,10.);
#2916=VECTOR('',#9679,10.);
#2917=VECTOR('',#9682,10.);
#2918=VECTOR('',#9683,10.);
#2919=VECTOR('',#9686,10.);
#2920=VECTOR('',#9687,10.);
#2921=VECTOR('',#9690,10.);
#2922=VECTOR('',#9693,10.);
#2923=VECTOR('',#9694,10.);
#2924=VECTOR('',#9695,10.);
#2925=VECTOR('',#9698,10.);
#2926=VECTOR('',#9699,10.);
#2927=VECTOR('',#9702,10.);
#2928=VECTOR('',#9703,10.);
#2929=VECTOR('',#9706,10.);
#2930=VECTOR('',#9711,1.6);
#2931=VECTOR('',#9720,5.25000020861626);
#2932=VECTOR('',#9733,10.);
#2933=VECTOR('',#9738,10.);
#2934=VECTOR('',#9739,10.);
#2935=VECTOR('',#9740,10.);
#2936=VECTOR('',#9749,7.5);
#2937=VERTEX_POINT('',#9752);
#2938=VERTEX_POINT('',#9753);
#2939=VERTEX_POINT('',#9755);
#2940=VERTEX_POINT('',#9757);
#2941=VERTEX_POINT('',#9761);
#2942=VERTEX_POINT('',#9763);
#2943=VERTEX_POINT('',#9767);
#2944=VERTEX_POINT('',#9769);
#2945=VERTEX_POINT('',#9776);
#2946=VERTEX_POINT('',#9777);
#2947=VERTEX_POINT('',#9779);
#2948=VERTEX_POINT('',#9781);
#2949=VERTEX_POINT('',#9785);
#2950=VERTEX_POINT('',#9787);
#2951=VERTEX_POINT('',#9791);
#2952=VERTEX_POINT('',#9793);
#2953=VERTEX_POINT('',#9795);
#2954=VERTEX_POINT('',#9797);
#2955=VERTEX_POINT('',#9799);
#2956=VERTEX_POINT('',#9802);
#2957=VERTEX_POINT('',#9804);
#2958=VERTEX_POINT('',#9806);
#2959=VERTEX_POINT('',#9808);
#2960=VERTEX_POINT('',#9810);
#2961=VERTEX_POINT('',#9811);
#2962=VERTEX_POINT('',#9813);
#2963=VERTEX_POINT('',#9815);
#2964=VERTEX_POINT('',#9817);
#2965=VERTEX_POINT('',#9820);
#2966=VERTEX_POINT('',#9821);
#2967=VERTEX_POINT('',#9823);
#2968=VERTEX_POINT('',#9825);
#2969=VERTEX_POINT('',#9828);
#2970=VERTEX_POINT('',#9829);
#2971=VERTEX_POINT('',#9831);
#2972=VERTEX_POINT('',#9833);
#2973=VERTEX_POINT('',#9836);
#2974=VERTEX_POINT('',#9837);
#2975=VERTEX_POINT('',#9839);
#2976=VERTEX_POINT('',#9841);
#2977=VERTEX_POINT('',#9844);
#2978=VERTEX_POINT('',#9845);
#2979=VERTEX_POINT('',#9847);
#2980=VERTEX_POINT('',#9849);
#2981=VERTEX_POINT('',#9852);
#2982=VERTEX_POINT('',#9853);
#2983=VERTEX_POINT('',#9855);
#2984=VERTEX_POINT('',#9857);
#2985=VERTEX_POINT('',#9860);
#2986=VERTEX_POINT('',#9861);
#2987=VERTEX_POINT('',#9863);
#2988=VERTEX_POINT('',#9865);
#2989=VERTEX_POINT('',#9868);
#2990=VERTEX_POINT('',#9869);
#2991=VERTEX_POINT('',#9871);
#2992=VERTEX_POINT('',#9873);
#2993=VERTEX_POINT('',#9876);
#2994=VERTEX_POINT('',#9877);
#2995=VERTEX_POINT('',#9879);
#2996=VERTEX_POINT('',#9881);
#2997=VERTEX_POINT('',#9884);
#2998=VERTEX_POINT('',#9885);
#2999=VERTEX_POINT('',#9887);
#3000=VERTEX_POINT('',#9889);
#3001=VERTEX_POINT('',#9892);
#3002=VERTEX_POINT('',#9893);
#3003=VERTEX_POINT('',#9895);
#3004=VERTEX_POINT('',#9897);
#3005=VERTEX_POINT('',#9900);
#3006=VERTEX_POINT('',#9901);
#3007=VERTEX_POINT('',#9903);
#3008=VERTEX_POINT('',#9905);
#3009=VERTEX_POINT('',#9908);
#3010=VERTEX_POINT('',#9909);
#3011=VERTEX_POINT('',#9911);
#3012=VERTEX_POINT('',#9913);
#3013=VERTEX_POINT('',#9916);
#3014=VERTEX_POINT('',#9917);
#3015=VERTEX_POINT('',#9919);
#3016=VERTEX_POINT('',#9921);
#3017=VERTEX_POINT('',#9925);
#3018=VERTEX_POINT('',#9929);
#3019=VERTEX_POINT('',#9933);
#3020=VERTEX_POINT('',#9937);
#3021=VERTEX_POINT('',#9941);
#3022=VERTEX_POINT('',#9945);
#3023=VERTEX_POINT('',#9949);
#3024=VERTEX_POINT('',#9953);
#3025=VERTEX_POINT('',#9957);
#3026=VERTEX_POINT('',#9961);
#3027=VERTEX_POINT('',#9962);
#3028=VERTEX_POINT('',#9964);
#3029=VERTEX_POINT('',#9966);
#3030=VERTEX_POINT('',#9970);
#3031=VERTEX_POINT('',#9972);
#3032=VERTEX_POINT('',#9976);
#3033=VERTEX_POINT('',#9978);
#3034=VERTEX_POINT('',#9982);
#3035=VERTEX_POINT('',#9984);
#3036=VERTEX_POINT('',#9988);
#3037=VERTEX_POINT('',#9990);
#3038=VERTEX_POINT('',#9994);
#3039=VERTEX_POINT('',#9996);
#3040=VERTEX_POINT('',#10000);
#3041=VERTEX_POINT('',#10002);
#3042=VERTEX_POINT('',#10006);
#3043=VERTEX_POINT('',#10008);
#3044=VERTEX_POINT('',#10012);
#3045=VERTEX_POINT('',#10014);
#3046=VERTEX_POINT('',#10018);
#3047=VERTEX_POINT('',#10020);
#3048=VERTEX_POINT('',#10024);
#3049=VERTEX_POINT('',#10026);
#3050=VERTEX_POINT('',#10030);
#3051=VERTEX_POINT('',#10032);
#3052=VERTEX_POINT('',#10036);
#3053=VERTEX_POINT('',#10038);
#3054=VERTEX_POINT('',#10042);
#3055=VERTEX_POINT('',#10044);
#3056=VERTEX_POINT('',#10048);
#3057=VERTEX_POINT('',#10050);
#3058=VERTEX_POINT('',#10057);
#3059=VERTEX_POINT('',#10058);
#3060=VERTEX_POINT('',#10060);
#3061=VERTEX_POINT('',#10062);
#3062=VERTEX_POINT('',#10066);
#3063=VERTEX_POINT('',#10067);
#3064=VERTEX_POINT('',#10069);
#3065=VERTEX_POINT('',#10071);
#3066=VERTEX_POINT('',#10075);
#3067=VERTEX_POINT('',#10077);
#3068=VERTEX_POINT('',#10081);
#3069=VERTEX_POINT('',#10083);
#3070=VERTEX_POINT('',#10087);
#3071=VERTEX_POINT('',#10089);
#3072=VERTEX_POINT('',#10093);
#3073=VERTEX_POINT('',#10095);
#3074=VERTEX_POINT('',#10099);
#3075=VERTEX_POINT('',#10101);
#3076=VERTEX_POINT('',#10105);
#3077=VERTEX_POINT('',#10107);
#3078=VERTEX_POINT('',#10111);
#3079=VERTEX_POINT('',#10113);
#3080=VERTEX_POINT('',#10117);
#3081=VERTEX_POINT('',#10119);
#3082=VERTEX_POINT('',#10123);
#3083=VERTEX_POINT('',#10125);
#3084=VERTEX_POINT('',#10129);
#3085=VERTEX_POINT('',#10131);
#3086=VERTEX_POINT('',#10135);
#3087=VERTEX_POINT('',#10137);
#3088=VERTEX_POINT('',#10141);
#3089=VERTEX_POINT('',#10143);
#3090=VERTEX_POINT('',#10147);
#3091=VERTEX_POINT('',#10149);
#3092=VERTEX_POINT('',#10153);
#3093=VERTEX_POINT('',#10155);
#3094=VERTEX_POINT('',#10162);
#3095=VERTEX_POINT('',#10163);
#3096=VERTEX_POINT('',#10165);
#3097=VERTEX_POINT('',#10167);
#3098=VERTEX_POINT('',#10171);
#3099=VERTEX_POINT('',#10172);
#3100=VERTEX_POINT('',#10174);
#3101=VERTEX_POINT('',#10176);
#3102=VERTEX_POINT('',#10180);
#3103=VERTEX_POINT('',#10182);
#3104=VERTEX_POINT('',#10186);
#3105=VERTEX_POINT('',#10188);
#3106=VERTEX_POINT('',#10192);
#3107=VERTEX_POINT('',#10194);
#3108=VERTEX_POINT('',#10198);
#3109=VERTEX_POINT('',#10200);
#3110=VERTEX_POINT('',#10204);
#3111=VERTEX_POINT('',#10206);
#3112=VERTEX_POINT('',#10210);
#3113=VERTEX_POINT('',#10212);
#3114=VERTEX_POINT('',#10216);
#3115=VERTEX_POINT('',#10218);
#3116=VERTEX_POINT('',#10222);
#3117=VERTEX_POINT('',#10224);
#3118=VERTEX_POINT('',#10228);
#3119=VERTEX_POINT('',#10230);
#3120=VERTEX_POINT('',#10234);
#3121=VERTEX_POINT('',#10236);
#3122=VERTEX_POINT('',#10240);
#3123=VERTEX_POINT('',#10242);
#3124=VERTEX_POINT('',#10246);
#3125=VERTEX_POINT('',#10248);
#3126=VERTEX_POINT('',#10252);
#3127=VERTEX_POINT('',#10254);
#3128=VERTEX_POINT('',#10258);
#3129=VERTEX_POINT('',#10260);
#3130=VERTEX_POINT('',#10267);
#3131=VERTEX_POINT('',#10268);
#3132=VERTEX_POINT('',#10270);
#3133=VERTEX_POINT('',#10272);
#3134=VERTEX_POINT('',#10276);
#3135=VERTEX_POINT('',#10277);
#3136=VERTEX_POINT('',#10279);
#3137=VERTEX_POINT('',#10281);
#3138=VERTEX_POINT('',#10285);
#3139=VERTEX_POINT('',#10287);
#3140=VERTEX_POINT('',#10291);
#3141=VERTEX_POINT('',#10293);
#3142=VERTEX_POINT('',#10297);
#3143=VERTEX_POINT('',#10299);
#3144=VERTEX_POINT('',#10303);
#3145=VERTEX_POINT('',#10305);
#3146=VERTEX_POINT('',#10309);
#3147=VERTEX_POINT('',#10311);
#3148=VERTEX_POINT('',#10315);
#3149=VERTEX_POINT('',#10317);
#3150=VERTEX_POINT('',#10321);
#3151=VERTEX_POINT('',#10323);
#3152=VERTEX_POINT('',#10327);
#3153=VERTEX_POINT('',#10329);
#3154=VERTEX_POINT('',#10333);
#3155=VERTEX_POINT('',#10335);
#3156=VERTEX_POINT('',#10339);
#3157=VERTEX_POINT('',#10341);
#3158=VERTEX_POINT('',#10345);
#3159=VERTEX_POINT('',#10347);
#3160=VERTEX_POINT('',#10351);
#3161=VERTEX_POINT('',#10353);
#3162=VERTEX_POINT('',#10357);
#3163=VERTEX_POINT('',#10359);
#3164=VERTEX_POINT('',#10363);
#3165=VERTEX_POINT('',#10365);
#3166=VERTEX_POINT('',#10372);
#3167=VERTEX_POINT('',#10373);
#3168=VERTEX_POINT('',#10375);
#3169=VERTEX_POINT('',#10377);
#3170=VERTEX_POINT('',#10381);
#3171=VERTEX_POINT('',#10382);
#3172=VERTEX_POINT('',#10384);
#3173=VERTEX_POINT('',#10386);
#3174=VERTEX_POINT('',#10390);
#3175=VERTEX_POINT('',#10392);
#3176=VERTEX_POINT('',#10396);
#3177=VERTEX_POINT('',#10398);
#3178=VERTEX_POINT('',#10402);
#3179=VERTEX_POINT('',#10404);
#3180=VERTEX_POINT('',#10408);
#3181=VERTEX_POINT('',#10410);
#3182=VERTEX_POINT('',#10414);
#3183=VERTEX_POINT('',#10416);
#3184=VERTEX_POINT('',#10420);
#3185=VERTEX_POINT('',#10422);
#3186=VERTEX_POINT('',#10426);
#3187=VERTEX_POINT('',#10428);
#3188=VERTEX_POINT('',#10432);
#3189=VERTEX_POINT('',#10434);
#3190=VERTEX_POINT('',#10438);
#3191=VERTEX_POINT('',#10440);
#3192=VERTEX_POINT('',#10444);
#3193=VERTEX_POINT('',#10446);
#3194=VERTEX_POINT('',#10450);
#3195=VERTEX_POINT('',#10452);
#3196=VERTEX_POINT('',#10456);
#3197=VERTEX_POINT('',#10458);
#3198=VERTEX_POINT('',#10462);
#3199=VERTEX_POINT('',#10464);
#3200=VERTEX_POINT('',#10468);
#3201=VERTEX_POINT('',#10470);
#3202=VERTEX_POINT('',#10477);
#3203=VERTEX_POINT('',#10478);
#3204=VERTEX_POINT('',#10480);
#3205=VERTEX_POINT('',#10482);
#3206=VERTEX_POINT('',#10486);
#3207=VERTEX_POINT('',#10487);
#3208=VERTEX_POINT('',#10489);
#3209=VERTEX_POINT('',#10491);
#3210=VERTEX_POINT('',#10495);
#3211=VERTEX_POINT('',#10497);
#3212=VERTEX_POINT('',#10501);
#3213=VERTEX_POINT('',#10503);
#3214=VERTEX_POINT('',#10507);
#3215=VERTEX_POINT('',#10509);
#3216=VERTEX_POINT('',#10513);
#3217=VERTEX_POINT('',#10515);
#3218=VERTEX_POINT('',#10519);
#3219=VERTEX_POINT('',#10521);
#3220=VERTEX_POINT('',#10525);
#3221=VERTEX_POINT('',#10527);
#3222=VERTEX_POINT('',#10531);
#3223=VERTEX_POINT('',#10533);
#3224=VERTEX_POINT('',#10537);
#3225=VERTEX_POINT('',#10539);
#3226=VERTEX_POINT('',#10543);
#3227=VERTEX_POINT('',#10545);
#3228=VERTEX_POINT('',#10549);
#3229=VERTEX_POINT('',#10551);
#3230=VERTEX_POINT('',#10555);
#3231=VERTEX_POINT('',#10557);
#3232=VERTEX_POINT('',#10561);
#3233=VERTEX_POINT('',#10563);
#3234=VERTEX_POINT('',#10567);
#3235=VERTEX_POINT('',#10569);
#3236=VERTEX_POINT('',#10573);
#3237=VERTEX_POINT('',#10575);
#3238=VERTEX_POINT('',#10582);
#3239=VERTEX_POINT('',#10583);
#3240=VERTEX_POINT('',#10585);
#3241=VERTEX_POINT('',#10587);
#3242=VERTEX_POINT('',#10591);
#3243=VERTEX_POINT('',#10592);
#3244=VERTEX_POINT('',#10594);
#3245=VERTEX_POINT('',#10596);
#3246=VERTEX_POINT('',#10600);
#3247=VERTEX_POINT('',#10602);
#3248=VERTEX_POINT('',#10606);
#3249=VERTEX_POINT('',#10608);
#3250=VERTEX_POINT('',#10612);
#3251=VERTEX_POINT('',#10614);
#3252=VERTEX_POINT('',#10618);
#3253=VERTEX_POINT('',#10620);
#3254=VERTEX_POINT('',#10624);
#3255=VERTEX_POINT('',#10626);
#3256=VERTEX_POINT('',#10630);
#3257=VERTEX_POINT('',#10632);
#3258=VERTEX_POINT('',#10636);
#3259=VERTEX_POINT('',#10638);
#3260=VERTEX_POINT('',#10642);
#3261=VERTEX_POINT('',#10644);
#3262=VERTEX_POINT('',#10648);
#3263=VERTEX_POINT('',#10650);
#3264=VERTEX_POINT('',#10654);
#3265=VERTEX_POINT('',#10656);
#3266=VERTEX_POINT('',#10660);
#3267=VERTEX_POINT('',#10662);
#3268=VERTEX_POINT('',#10666);
#3269=VERTEX_POINT('',#10668);
#3270=VERTEX_POINT('',#10672);
#3271=VERTEX_POINT('',#10674);
#3272=VERTEX_POINT('',#10678);
#3273=VERTEX_POINT('',#10680);
#3274=VERTEX_POINT('',#10687);
#3275=VERTEX_POINT('',#10688);
#3276=VERTEX_POINT('',#10690);
#3277=VERTEX_POINT('',#10692);
#3278=VERTEX_POINT('',#10696);
#3279=VERTEX_POINT('',#10697);
#3280=VERTEX_POINT('',#10699);
#3281=VERTEX_POINT('',#10701);
#3282=VERTEX_POINT('',#10705);
#3283=VERTEX_POINT('',#10707);
#3284=VERTEX_POINT('',#10711);
#3285=VERTEX_POINT('',#10713);
#3286=VERTEX_POINT('',#10717);
#3287=VERTEX_POINT('',#10719);
#3288=VERTEX_POINT('',#10723);
#3289=VERTEX_POINT('',#10725);
#3290=VERTEX_POINT('',#10729);
#3291=VERTEX_POINT('',#10731);
#3292=VERTEX_POINT('',#10735);
#3293=VERTEX_POINT('',#10737);
#3294=VERTEX_POINT('',#10741);
#3295=VERTEX_POINT('',#10743);
#3296=VERTEX_POINT('',#10747);
#3297=VERTEX_POINT('',#10749);
#3298=VERTEX_POINT('',#10753);
#3299=VERTEX_POINT('',#10755);
#3300=VERTEX_POINT('',#10759);
#3301=VERTEX_POINT('',#10761);
#3302=VERTEX_POINT('',#10765);
#3303=VERTEX_POINT('',#10767);
#3304=VERTEX_POINT('',#10771);
#3305=VERTEX_POINT('',#10773);
#3306=VERTEX_POINT('',#10777);
#3307=VERTEX_POINT('',#10779);
#3308=VERTEX_POINT('',#10783);
#3309=VERTEX_POINT('',#10785);
#3310=VERTEX_POINT('',#10792);
#3311=VERTEX_POINT('',#10793);
#3312=VERTEX_POINT('',#10795);
#3313=VERTEX_POINT('',#10797);
#3314=VERTEX_POINT('',#10801);
#3315=VERTEX_POINT('',#10802);
#3316=VERTEX_POINT('',#10804);
#3317=VERTEX_POINT('',#10806);
#3318=VERTEX_POINT('',#10810);
#3319=VERTEX_POINT('',#10812);
#3320=VERTEX_POINT('',#10816);
#3321=VERTEX_POINT('',#10818);
#3322=VERTEX_POINT('',#10822);
#3323=VERTEX_POINT('',#10824);
#3324=VERTEX_POINT('',#10828);
#3325=VERTEX_POINT('',#10830);
#3326=VERTEX_POINT('',#10834);
#3327=VERTEX_POINT('',#10836);
#3328=VERTEX_POINT('',#10840);
#3329=VERTEX_POINT('',#10842);
#3330=VERTEX_POINT('',#10846);
#3331=VERTEX_POINT('',#10848);
#3332=VERTEX_POINT('',#10852);
#3333=VERTEX_POINT('',#10854);
#3334=VERTEX_POINT('',#10858);
#3335=VERTEX_POINT('',#10860);
#3336=VERTEX_POINT('',#10864);
#3337=VERTEX_POINT('',#10866);
#3338=VERTEX_POINT('',#10870);
#3339=VERTEX_POINT('',#10872);
#3340=VERTEX_POINT('',#10876);
#3341=VERTEX_POINT('',#10878);
#3342=VERTEX_POINT('',#10882);
#3343=VERTEX_POINT('',#10884);
#3344=VERTEX_POINT('',#10888);
#3345=VERTEX_POINT('',#10890);
#3346=VERTEX_POINT('',#10897);
#3347=VERTEX_POINT('',#10898);
#3348=VERTEX_POINT('',#10900);
#3349=VERTEX_POINT('',#10902);
#3350=VERTEX_POINT('',#10906);
#3351=VERTEX_POINT('',#10907);
#3352=VERTEX_POINT('',#10909);
#3353=VERTEX_POINT('',#10911);
#3354=VERTEX_POINT('',#10915);
#3355=VERTEX_POINT('',#10917);
#3356=VERTEX_POINT('',#10921);
#3357=VERTEX_POINT('',#10923);
#3358=VERTEX_POINT('',#10927);
#3359=VERTEX_POINT('',#10929);
#3360=VERTEX_POINT('',#10933);
#3361=VERTEX_POINT('',#10935);
#3362=VERTEX_POINT('',#10939);
#3363=VERTEX_POINT('',#10941);
#3364=VERTEX_POINT('',#10945);
#3365=VERTEX_POINT('',#10947);
#3366=VERTEX_POINT('',#10951);
#3367=VERTEX_POINT('',#10953);
#3368=VERTEX_POINT('',#10957);
#3369=VERTEX_POINT('',#10959);
#3370=VERTEX_POINT('',#10963);
#3371=VERTEX_POINT('',#10965);
#3372=VERTEX_POINT('',#10969);
#3373=VERTEX_POINT('',#10971);
#3374=VERTEX_POINT('',#10975);
#3375=VERTEX_POINT('',#10977);
#3376=VERTEX_POINT('',#10981);
#3377=VERTEX_POINT('',#10983);
#3378=VERTEX_POINT('',#10987);
#3379=VERTEX_POINT('',#10989);
#3380=VERTEX_POINT('',#10993);
#3381=VERTEX_POINT('',#10995);
#3382=VERTEX_POINT('',#11002);
#3383=VERTEX_POINT('',#11003);
#3384=VERTEX_POINT('',#11005);
#3385=VERTEX_POINT('',#11007);
#3386=VERTEX_POINT('',#11011);
#3387=VERTEX_POINT('',#11012);
#3388=VERTEX_POINT('',#11014);
#3389=VERTEX_POINT('',#11016);
#3390=VERTEX_POINT('',#11020);
#3391=VERTEX_POINT('',#11022);
#3392=VERTEX_POINT('',#11026);
#3393=VERTEX_POINT('',#11028);
#3394=VERTEX_POINT('',#11032);
#3395=VERTEX_POINT('',#11034);
#3396=VERTEX_POINT('',#11038);
#3397=VERTEX_POINT('',#11040);
#3398=VERTEX_POINT('',#11044);
#3399=VERTEX_POINT('',#11046);
#3400=VERTEX_POINT('',#11050);
#3401=VERTEX_POINT('',#11052);
#3402=VERTEX_POINT('',#11056);
#3403=VERTEX_POINT('',#11058);
#3404=VERTEX_POINT('',#11062);
#3405=VERTEX_POINT('',#11064);
#3406=VERTEX_POINT('',#11068);
#3407=VERTEX_POINT('',#11070);
#3408=VERTEX_POINT('',#11074);
#3409=VERTEX_POINT('',#11076);
#3410=VERTEX_POINT('',#11080);
#3411=VERTEX_POINT('',#11082);
#3412=VERTEX_POINT('',#11086);
#3413=VERTEX_POINT('',#11088);
#3414=VERTEX_POINT('',#11092);
#3415=VERTEX_POINT('',#11094);
#3416=VERTEX_POINT('',#11098);
#3417=VERTEX_POINT('',#11100);
#3418=VERTEX_POINT('',#11107);
#3419=VERTEX_POINT('',#11108);
#3420=VERTEX_POINT('',#11110);
#3421=VERTEX_POINT('',#11112);
#3422=VERTEX_POINT('',#11116);
#3423=VERTEX_POINT('',#11117);
#3424=VERTEX_POINT('',#11119);
#3425=VERTEX_POINT('',#11121);
#3426=VERTEX_POINT('',#11125);
#3427=VERTEX_POINT('',#11127);
#3428=VERTEX_POINT('',#11131);
#3429=VERTEX_POINT('',#11133);
#3430=VERTEX_POINT('',#11137);
#3431=VERTEX_POINT('',#11139);
#3432=VERTEX_POINT('',#11143);
#3433=VERTEX_POINT('',#11145);
#3434=VERTEX_POINT('',#11149);
#3435=VERTEX_POINT('',#11151);
#3436=VERTEX_POINT('',#11155);
#3437=VERTEX_POINT('',#11157);
#3438=VERTEX_POINT('',#11161);
#3439=VERTEX_POINT('',#11163);
#3440=VERTEX_POINT('',#11167);
#3441=VERTEX_POINT('',#11169);
#3442=VERTEX_POINT('',#11173);
#3443=VERTEX_POINT('',#11175);
#3444=VERTEX_POINT('',#11179);
#3445=VERTEX_POINT('',#11181);
#3446=VERTEX_POINT('',#11185);
#3447=VERTEX_POINT('',#11187);
#3448=VERTEX_POINT('',#11191);
#3449=VERTEX_POINT('',#11193);
#3450=VERTEX_POINT('',#11197);
#3451=VERTEX_POINT('',#11199);
#3452=VERTEX_POINT('',#11203);
#3453=VERTEX_POINT('',#11205);
#3454=VERTEX_POINT('',#11212);
#3455=VERTEX_POINT('',#11213);
#3456=VERTEX_POINT('',#11215);
#3457=VERTEX_POINT('',#11217);
#3458=VERTEX_POINT('',#11221);
#3459=VERTEX_POINT('',#11222);
#3460=VERTEX_POINT('',#11224);
#3461=VERTEX_POINT('',#11226);
#3462=VERTEX_POINT('',#11230);
#3463=VERTEX_POINT('',#11232);
#3464=VERTEX_POINT('',#11236);
#3465=VERTEX_POINT('',#11238);
#3466=VERTEX_POINT('',#11242);
#3467=VERTEX_POINT('',#11244);
#3468=VERTEX_POINT('',#11248);
#3469=VERTEX_POINT('',#11250);
#3470=VERTEX_POINT('',#11254);
#3471=VERTEX_POINT('',#11256);
#3472=VERTEX_POINT('',#11260);
#3473=VERTEX_POINT('',#11262);
#3474=VERTEX_POINT('',#11266);
#3475=VERTEX_POINT('',#11268);
#3476=VERTEX_POINT('',#11272);
#3477=VERTEX_POINT('',#11274);
#3478=VERTEX_POINT('',#11278);
#3479=VERTEX_POINT('',#11280);
#3480=VERTEX_POINT('',#11284);
#3481=VERTEX_POINT('',#11286);
#3482=VERTEX_POINT('',#11290);
#3483=VERTEX_POINT('',#11292);
#3484=VERTEX_POINT('',#11296);
#3485=VERTEX_POINT('',#11298);
#3486=VERTEX_POINT('',#11302);
#3487=VERTEX_POINT('',#11304);
#3488=VERTEX_POINT('',#11308);
#3489=VERTEX_POINT('',#11310);
#3490=VERTEX_POINT('',#11317);
#3491=VERTEX_POINT('',#11318);
#3492=VERTEX_POINT('',#11320);
#3493=VERTEX_POINT('',#11322);
#3494=VERTEX_POINT('',#11430);
#3495=VERTEX_POINT('',#11431);
#3496=VERTEX_POINT('',#11436);
#3497=VERTEX_POINT('',#11440);
#3498=VERTEX_POINT('',#11444);
#3499=VERTEX_POINT('',#11453);
#3500=VERTEX_POINT('',#11454);
#3501=VERTEX_POINT('',#11456);
#3502=VERTEX_POINT('',#11458);
#3503=VERTEX_POINT('',#11462);
#3504=VERTEX_POINT('',#11464);
#3505=VERTEX_POINT('',#11468);
#3506=VERTEX_POINT('',#11469);
#3507=VERTEX_POINT('',#11471);
#3508=VERTEX_POINT('',#11473);
#3509=VERTEX_POINT('',#11478);
#3510=VERTEX_POINT('',#11480);
#3511=VERTEX_POINT('',#11482);
#3512=VERTEX_POINT('',#11486);
#3513=VERTEX_POINT('',#11490);
#3514=VERTEX_POINT('',#11494);
#3515=VERTEX_POINT('',#11498);
#3516=VERTEX_POINT('',#11499);
#3517=VERTEX_POINT('',#11501);
#3518=VERTEX_POINT('',#11503);
#3519=VERTEX_POINT('',#11507);
#3520=VERTEX_POINT('',#11509);
#3521=VERTEX_POINT('',#11511);
#3522=VERTEX_POINT('',#11513);
#3523=VERTEX_POINT('',#11515);
#3524=VERTEX_POINT('',#11517);
#3525=VERTEX_POINT('',#11521);
#3526=VERTEX_POINT('',#11525);
#3527=VERTEX_POINT('',#11529);
#3528=VERTEX_POINT('',#11530);
#3529=VERTEX_POINT('',#11532);
#3530=VERTEX_POINT('',#11534);
#3531=VERTEX_POINT('',#11541);
#3532=VERTEX_POINT('',#11545);
#3533=VERTEX_POINT('',#11548);
#3534=VERTEX_POINT('',#11549);
#3535=VERTEX_POINT('',#11551);
#3536=VERTEX_POINT('',#11553);
#3537=VERTEX_POINT('',#11557);
#3538=VERTEX_POINT('',#11561);
#3539=VERTEX_POINT('',#11565);
#3540=VERTEX_POINT('',#11567);
#3541=VERTEX_POINT('',#11569);
#3542=VERTEX_POINT('',#11572);
#3543=VERTEX_POINT('',#11579);
#3544=VERTEX_POINT('',#11580);
#3545=VERTEX_POINT('',#11585);
#3546=VERTEX_POINT('',#11589);
#3547=VERTEX_POINT('',#11595);
#3548=VERTEX_POINT('',#11599);
#3549=VERTEX_POINT('',#11603);
#3550=VERTEX_POINT('',#11609);
#3551=VERTEX_POINT('',#11618);
#3552=VERTEX_POINT('',#11619);
#3553=VERTEX_POINT('',#11621);
#3554=VERTEX_POINT('',#11623);
#3555=VERTEX_POINT('',#11627);
#3556=VERTEX_POINT('',#11629);
#3557=VERTEX_POINT('',#11633);
#3558=VERTEX_POINT('',#11637);
#3559=VERTEX_POINT('',#11643);
#3560=VERTEX_POINT('',#11644);
#3561=VERTEX_POINT('',#11646);
#3562=VERTEX_POINT('',#11648);
#3563=VERTEX_POINT('',#11652);
#3564=VERTEX_POINT('',#11659);
#3565=VERTEX_POINT('',#11663);
#3566=VERTEX_POINT('',#11664);
#3567=VERTEX_POINT('',#11666);
#3568=VERTEX_POINT('',#11668);
#3569=VERTEX_POINT('',#11672);
#3570=VERTEX_POINT('',#11679);
#3571=VERTEX_POINT('',#11691);
#3572=VERTEX_POINT('',#11721);
#3573=VERTEX_POINT('',#11728);
#3574=VERTEX_POINT('',#11732);
#3575=VERTEX_POINT('',#11733);
#3576=VERTEX_POINT('',#11735);
#3577=VERTEX_POINT('',#11737);
#3578=VERTEX_POINT('',#11741);
#3579=VERTEX_POINT('',#11748);
#3580=VERTEX_POINT('',#11760);
#3581=VERTEX_POINT('',#11787);
#3582=VERTEX_POINT('',#11794);
#3583=VERTEX_POINT('',#11798);
#3584=VERTEX_POINT('',#11799);
#3585=VERTEX_POINT('',#11801);
#3586=VERTEX_POINT('',#11803);
#3587=VERTEX_POINT('',#11807);
#3588=VERTEX_POINT('',#11814);
#3589=VERTEX_POINT('',#11848);
#3590=VERTEX_POINT('',#11855);
#3591=VERTEX_POINT('',#11859);
#3592=VERTEX_POINT('',#11866);
#3593=VERTEX_POINT('',#11903);
#3594=VERTEX_POINT('',#11908);
#3595=VERTEX_POINT('',#11910);
#3596=VERTEX_POINT('',#11915);
#3597=VERTEX_POINT('',#11917);
#3598=VERTEX_POINT('',#11919);
#3599=VERTEX_POINT('',#11920);
#3600=VERTEX_POINT('',#11922);
#3601=VERTEX_POINT('',#11924);
#3602=VERTEX_POINT('',#11927);
#3603=VERTEX_POINT('',#11928);
#3604=VERTEX_POINT('',#11930);
#3605=VERTEX_POINT('',#11932);
#3606=VERTEX_POINT('',#11935);
#3607=VERTEX_POINT('',#11938);
#3608=VERTEX_POINT('',#11945);
#3609=VERTEX_POINT('',#11947);
#3610=VERTEX_POINT('',#11951);
#3611=VERTEX_POINT('',#11955);
#3612=VERTEX_POINT('',#11961);
#3613=VERTEX_POINT('',#11963);
#3614=VERTEX_POINT('',#11967);
#3615=VERTEX_POINT('',#11971);
#3616=VERTEX_POINT('',#11977);
#3617=VERTEX_POINT('',#11983);
#3618=VERTEX_POINT('',#11985);
#3619=VERTEX_POINT('',#11989);
#3620=VERTEX_POINT('',#11993);
#3621=VERTEX_POINT('',#11995);
#3622=VERTEX_POINT('',#11996);
#3623=VERTEX_POINT('',#12000);
#3624=VERTEX_POINT('',#12002);
#3625=EDGE_CURVE('',#2937,#2938,#1051,.T.);
#3626=EDGE_CURVE('',#2937,#2939,#1052,.T.);
#3627=EDGE_CURVE('',#2940,#2939,#1053,.T.);
#3628=EDGE_CURVE('',#2938,#2940,#1054,.T.);
#3629=EDGE_CURVE('',#2938,#2941,#1055,.T.);
#3630=EDGE_CURVE('',#2942,#2940,#1056,.T.);
#3631=EDGE_CURVE('',#2941,#2942,#1057,.T.);
#3632=EDGE_CURVE('',#2941,#2943,#1058,.T.);
#3633=EDGE_CURVE('',#2944,#2942,#1059,.T.);
#3634=EDGE_CURVE('',#2943,#2944,#1060,.T.);
#3635=EDGE_CURVE('',#2943,#2937,#1061,.T.);
#3636=EDGE_CURVE('',#2939,#2944,#1062,.T.);
#3637=EDGE_CURVE('',#2945,#2946,#117,.T.);
#3638=EDGE_CURVE('',#2946,#2947,#1063,.T.);
#3639=EDGE_CURVE('',#2947,#2948,#118,.T.);
#3640=EDGE_CURVE('',#2948,#2945,#1064,.T.);
#3641=EDGE_CURVE('',#2949,#2946,#1065,.T.);
#3642=EDGE_CURVE('',#2950,#2949,#1066,.T.);
#3643=EDGE_CURVE('',#2950,#2947,#1067,.T.);
#3644=EDGE_CURVE('',#2945,#2951,#1068,.T.);
#3645=EDGE_CURVE('',#2952,#2951,#119,.T.);
#3646=EDGE_CURVE('',#2952,#2953,#1069,.T.);
#3647=EDGE_CURVE('',#2954,#2953,#120,.T.);
#3648=EDGE_CURVE('',#2954,#2955,#1070,.T.);
#3649=EDGE_CURVE('',#2949,#2955,#121,.T.);
#3650=EDGE_CURVE('',#2956,#2956,#122,.T.);
#3651=EDGE_CURVE('',#2957,#2957,#123,.T.);
#3652=EDGE_CURVE('',#2958,#2958,#124,.T.);
#3653=EDGE_CURVE('',#2959,#2959,#125,.T.);
#3654=EDGE_CURVE('',#2960,#2961,#1071,.T.);
#3655=EDGE_CURVE('',#2961,#2962,#1072,.T.);
#3656=EDGE_CURVE('',#2962,#2963,#1073,.T.);
#3657=EDGE_CURVE('',#2963,#2964,#1074,.T.);
#3658=EDGE_CURVE('',#2964,#2960,#1075,.T.);
#3659=EDGE_CURVE('',#2965,#2966,#1076,.T.);
#3660=EDGE_CURVE('',#2966,#2967,#1077,.T.);
#3661=EDGE_CURVE('',#2967,#2968,#1078,.T.);
#3662=EDGE_CURVE('',#2968,#2965,#1079,.T.);
#3663=EDGE_CURVE('',#2969,#2970,#1080,.T.);
#3664=EDGE_CURVE('',#2970,#2971,#1081,.T.);
#3665=EDGE_CURVE('',#2971,#2972,#1082,.T.);
#3666=EDGE_CURVE('',#2972,#2969,#1083,.T.);
#3667=EDGE_CURVE('',#2973,#2974,#1084,.T.);
#3668=EDGE_CURVE('',#2974,#2975,#1085,.T.);
#3669=EDGE_CURVE('',#2975,#2976,#1086,.T.);
#3670=EDGE_CURVE('',#2976,#2973,#1087,.T.);
#3671=EDGE_CURVE('',#2977,#2978,#1088,.T.);
#3672=EDGE_CURVE('',#2978,#2979,#1089,.T.);
#3673=EDGE_CURVE('',#2979,#2980,#1090,.T.);
#3674=EDGE_CURVE('',#2980,#2977,#1091,.T.);
#3675=EDGE_CURVE('',#2981,#2982,#1092,.T.);
#3676=EDGE_CURVE('',#2982,#2983,#1093,.T.);
#3677=EDGE_CURVE('',#2983,#2984,#1094,.T.);
#3678=EDGE_CURVE('',#2984,#2981,#1095,.T.);
#3679=EDGE_CURVE('',#2985,#2986,#1096,.T.);
#3680=EDGE_CURVE('',#2986,#2987,#1097,.T.);
#3681=EDGE_CURVE('',#2987,#2988,#1098,.T.);
#3682=EDGE_CURVE('',#2988,#2985,#1099,.T.);
#3683=EDGE_CURVE('',#2989,#2990,#1100,.T.);
#3684=EDGE_CURVE('',#2990,#2991,#1101,.T.);
#3685=EDGE_CURVE('',#2991,#2992,#1102,.T.);
#3686=EDGE_CURVE('',#2992,#2989,#1103,.T.);
#3687=EDGE_CURVE('',#2993,#2994,#1104,.T.);
#3688=EDGE_CURVE('',#2994,#2995,#1105,.T.);
#3689=EDGE_CURVE('',#2995,#2996,#1106,.T.);
#3690=EDGE_CURVE('',#2996,#2993,#1107,.T.);
#3691=EDGE_CURVE('',#2997,#2998,#1108,.T.);
#3692=EDGE_CURVE('',#2998,#2999,#1109,.T.);
#3693=EDGE_CURVE('',#2999,#3000,#1110,.T.);
#3694=EDGE_CURVE('',#3000,#2997,#1111,.T.);
#3695=EDGE_CURVE('',#3001,#3002,#1112,.T.);
#3696=EDGE_CURVE('',#3002,#3003,#1113,.T.);
#3697=EDGE_CURVE('',#3003,#3004,#1114,.T.);
#3698=EDGE_CURVE('',#3004,#3001,#1115,.T.);
#3699=EDGE_CURVE('',#3005,#3006,#1116,.T.);
#3700=EDGE_CURVE('',#3006,#3007,#1117,.T.);
#3701=EDGE_CURVE('',#3007,#3008,#1118,.T.);
#3702=EDGE_CURVE('',#3008,#3005,#1119,.T.);
#3703=EDGE_CURVE('',#3009,#3010,#1120,.T.);
#3704=EDGE_CURVE('',#3010,#3011,#1121,.T.);
#3705=EDGE_CURVE('',#3011,#3012,#1122,.T.);
#3706=EDGE_CURVE('',#3012,#3009,#1123,.T.);
#3707=EDGE_CURVE('',#3013,#3014,#1124,.T.);
#3708=EDGE_CURVE('',#3014,#3015,#1125,.T.);
#3709=EDGE_CURVE('',#3015,#3016,#1126,.T.);
#3710=EDGE_CURVE('',#3016,#3013,#1127,.T.);
#3711=EDGE_CURVE('',#2955,#3017,#1128,.T.);
#3712=EDGE_CURVE('',#3017,#2950,#126,.T.);
#3713=EDGE_CURVE('',#3018,#2954,#1129,.T.);
#3714=EDGE_CURVE('',#3018,#3017,#1130,.T.);
#3715=EDGE_CURVE('',#2953,#3019,#1131,.T.);
#3716=EDGE_CURVE('',#3019,#3018,#127,.T.);
#3717=EDGE_CURVE('',#3020,#2952,#1132,.T.);
#3718=EDGE_CURVE('',#3020,#3019,#1133,.T.);
#3719=EDGE_CURVE('',#2951,#3021,#1134,.T.);
#3720=EDGE_CURVE('',#3021,#3020,#128,.T.);
#3721=EDGE_CURVE('',#3022,#3022,#129,.T.);
#3722=EDGE_CURVE('',#3022,#2956,#1135,.T.);
#3723=EDGE_CURVE('',#3023,#3023,#130,.T.);
#3724=EDGE_CURVE('',#3023,#2957,#1136,.T.);
#3725=EDGE_CURVE('',#3024,#3024,#131,.T.);
#3726=EDGE_CURVE('',#3024,#2958,#1137,.T.);
#3727=EDGE_CURVE('',#3025,#3025,#132,.T.);
#3728=EDGE_CURVE('',#3025,#2959,#1138,.T.);
#3729=EDGE_CURVE('',#3026,#3027,#1139,.T.);
#3730=EDGE_CURVE('',#3026,#3028,#1140,.T.);
#3731=EDGE_CURVE('',#3028,#3029,#1141,.T.);
#3732=EDGE_CURVE('',#3027,#3029,#1142,.T.);
#3733=EDGE_CURVE('',#3030,#3026,#1143,.T.);
#3734=EDGE_CURVE('',#3030,#3031,#1144,.T.);
#3735=EDGE_CURVE('',#3031,#3028,#1145,.T.);
#3736=EDGE_CURVE('',#3032,#3030,#1146,.T.);
#3737=EDGE_CURVE('',#3032,#3033,#1147,.T.);
#3738=EDGE_CURVE('',#3033,#3031,#1148,.T.);
#3739=EDGE_CURVE('',#3034,#3032,#1149,.T.);
#3740=EDGE_CURVE('',#3034,#3035,#1150,.T.);
#3741=EDGE_CURVE('',#3035,#3033,#1151,.T.);
#3742=EDGE_CURVE('',#3036,#3034,#1152,.T.);
#3743=EDGE_CURVE('',#3036,#3037,#1153,.T.);
#3744=EDGE_CURVE('',#3037,#3035,#1154,.T.);
#3745=EDGE_CURVE('',#3038,#3036,#1155,.T.);
#3746=EDGE_CURVE('',#3038,#3039,#1156,.T.);
#3747=EDGE_CURVE('',#3039,#3037,#1157,.T.);
#3748=EDGE_CURVE('',#3040,#3038,#1158,.T.);
#3749=EDGE_CURVE('',#3040,#3041,#1159,.T.);
#3750=EDGE_CURVE('',#3041,#3039,#1160,.T.);
#3751=EDGE_CURVE('',#3042,#3040,#1161,.T.);
#3752=EDGE_CURVE('',#3042,#3043,#1162,.T.);
#3753=EDGE_CURVE('',#3043,#3041,#1163,.T.);
#3754=EDGE_CURVE('',#3044,#3042,#1164,.T.);
#3755=EDGE_CURVE('',#3044,#3045,#1165,.T.);
#3756=EDGE_CURVE('',#3045,#3043,#1166,.T.);
#3757=EDGE_CURVE('',#3046,#3044,#1167,.T.);
#3758=EDGE_CURVE('',#3046,#3047,#1168,.T.);
#3759=EDGE_CURVE('',#3047,#3045,#1169,.T.);
#3760=EDGE_CURVE('',#3048,#3046,#1170,.T.);
#3761=EDGE_CURVE('',#3048,#3049,#1171,.T.);
#3762=EDGE_CURVE('',#3049,#3047,#1172,.T.);
#3763=EDGE_CURVE('',#3050,#3048,#1173,.T.);
#3764=EDGE_CURVE('',#3050,#3051,#1174,.T.);
#3765=EDGE_CURVE('',#3051,#3049,#1175,.T.);
#3766=EDGE_CURVE('',#3052,#3050,#1176,.T.);
#3767=EDGE_CURVE('',#3052,#3053,#1177,.T.);
#3768=EDGE_CURVE('',#3053,#3051,#1178,.T.);
#3769=EDGE_CURVE('',#3054,#3052,#1179,.T.);
#3770=EDGE_CURVE('',#3054,#3055,#1180,.T.);
#3771=EDGE_CURVE('',#3055,#3053,#1181,.T.);
#3772=EDGE_CURVE('',#3056,#3054,#1182,.T.);
#3773=EDGE_CURVE('',#3056,#3057,#1183,.T.);
#3774=EDGE_CURVE('',#3057,#3055,#1184,.T.);
#3775=EDGE_CURVE('',#3027,#3056,#1185,.T.);
#3776=EDGE_CURVE('',#3029,#3057,#1186,.T.);
#3777=EDGE_CURVE('',#3058,#3059,#1187,.T.);
#3778=EDGE_CURVE('',#3060,#3058,#1188,.T.);
#3779=EDGE_CURVE('',#3061,#3060,#1189,.T.);
#3780=EDGE_CURVE('',#3059,#3061,#1190,.T.);
#3781=EDGE_CURVE('',#3062,#3063,#1191,.T.);
#3782=EDGE_CURVE('',#3062,#3064,#1192,.T.);
#3783=EDGE_CURVE('',#3064,#3065,#1193,.T.);
#3784=EDGE_CURVE('',#3063,#3065,#1194,.T.);
#3785=EDGE_CURVE('',#3066,#3062,#1195,.T.);
#3786=EDGE_CURVE('',#3066,#3067,#1196,.T.);
#3787=EDGE_CURVE('',#3067,#3064,#1197,.T.);
#3788=EDGE_CURVE('',#3068,#3066,#1198,.T.);
#3789=EDGE_CURVE('',#3068,#3069,#1199,.T.);
#3790=EDGE_CURVE('',#3069,#3067,#1200,.T.);
#3791=EDGE_CURVE('',#3070,#3068,#1201,.T.);
#3792=EDGE_CURVE('',#3070,#3071,#1202,.T.);
#3793=EDGE_CURVE('',#3071,#3069,#1203,.T.);
#3794=EDGE_CURVE('',#3072,#3070,#1204,.T.);
#3795=EDGE_CURVE('',#3072,#3073,#1205,.T.);
#3796=EDGE_CURVE('',#3073,#3071,#1206,.T.);
#3797=EDGE_CURVE('',#3074,#3072,#1207,.T.);
#3798=EDGE_CURVE('',#3074,#3075,#1208,.T.);
#3799=EDGE_CURVE('',#3075,#3073,#1209,.T.);
#3800=EDGE_CURVE('',#3076,#3074,#1210,.T.);
#3801=EDGE_CURVE('',#3076,#3077,#1211,.T.);
#3802=EDGE_CURVE('',#3077,#3075,#1212,.T.);
#3803=EDGE_CURVE('',#3078,#3076,#1213,.T.);
#3804=EDGE_CURVE('',#3078,#3079,#1214,.T.);
#3805=EDGE_CURVE('',#3079,#3077,#1215,.T.);
#3806=EDGE_CURVE('',#3080,#3078,#1216,.T.);
#3807=EDGE_CURVE('',#3080,#3081,#1217,.T.);
#3808=EDGE_CURVE('',#3081,#3079,#1218,.T.);
#3809=EDGE_CURVE('',#3082,#3080,#1219,.T.);
#3810=EDGE_CURVE('',#3082,#3083,#1220,.T.);
#3811=EDGE_CURVE('',#3083,#3081,#1221,.T.);
#3812=EDGE_CURVE('',#3084,#3082,#1222,.T.);
#3813=EDGE_CURVE('',#3084,#3085,#1223,.T.);
#3814=EDGE_CURVE('',#3085,#3083,#1224,.T.);
#3815=EDGE_CURVE('',#3086,#3084,#1225,.T.);
#3816=EDGE_CURVE('',#3086,#3087,#1226,.T.);
#3817=EDGE_CURVE('',#3087,#3085,#1227,.T.);
#3818=EDGE_CURVE('',#3088,#3086,#1228,.T.);
#3819=EDGE_CURVE('',#3088,#3089,#1229,.T.);
#3820=EDGE_CURVE('',#3089,#3087,#1230,.T.);
#3821=EDGE_CURVE('',#3090,#3088,#1231,.T.);
#3822=EDGE_CURVE('',#3090,#3091,#1232,.T.);
#3823=EDGE_CURVE('',#3091,#3089,#1233,.T.);
#3824=EDGE_CURVE('',#3092,#3090,#1234,.T.);
#3825=EDGE_CURVE('',#3092,#3093,#1235,.T.);
#3826=EDGE_CURVE('',#3093,#3091,#1236,.T.);
#3827=EDGE_CURVE('',#3063,#3092,#1237,.T.);
#3828=EDGE_CURVE('',#3065,#3093,#1238,.T.);
#3829=EDGE_CURVE('',#3094,#3095,#1239,.T.);
#3830=EDGE_CURVE('',#3096,#3094,#1240,.T.);
#3831=EDGE_CURVE('',#3097,#3096,#1241,.T.);
#3832=EDGE_CURVE('',#3095,#3097,#1242,.T.);
#3833=EDGE_CURVE('',#3098,#3099,#1243,.T.);
#3834=EDGE_CURVE('',#3098,#3100,#1244,.T.);
#3835=EDGE_CURVE('',#3100,#3101,#1245,.T.);
#3836=EDGE_CURVE('',#3099,#3101,#1246,.T.);
#3837=EDGE_CURVE('',#3102,#3098,#1247,.T.);
#3838=EDGE_CURVE('',#3102,#3103,#1248,.T.);
#3839=EDGE_CURVE('',#3103,#3100,#1249,.T.);
#3840=EDGE_CURVE('',#3104,#3102,#1250,.T.);
#3841=EDGE_CURVE('',#3104,#3105,#1251,.T.);
#3842=EDGE_CURVE('',#3105,#3103,#1252,.T.);
#3843=EDGE_CURVE('',#3106,#3104,#1253,.T.);
#3844=EDGE_CURVE('',#3106,#3107,#1254,.T.);
#3845=EDGE_CURVE('',#3107,#3105,#1255,.T.);
#3846=EDGE_CURVE('',#3108,#3106,#1256,.T.);
#3847=EDGE_CURVE('',#3108,#3109,#1257,.T.);
#3848=EDGE_CURVE('',#3109,#3107,#1258,.T.);
#3849=EDGE_CURVE('',#3110,#3108,#1259,.T.);
#3850=EDGE_CURVE('',#3110,#3111,#1260,.T.);
#3851=EDGE_CURVE('',#3111,#3109,#1261,.T.);
#3852=EDGE_CURVE('',#3112,#3110,#1262,.T.);
#3853=EDGE_CURVE('',#3112,#3113,#1263,.T.);
#3854=EDGE_CURVE('',#3113,#3111,#1264,.T.);
#3855=EDGE_CURVE('',#3114,#3112,#1265,.T.);
#3856=EDGE_CURVE('',#3114,#3115,#1266,.T.);
#3857=EDGE_CURVE('',#3115,#3113,#1267,.T.);
#3858=EDGE_CURVE('',#3116,#3114,#1268,.T.);
#3859=EDGE_CURVE('',#3116,#3117,#1269,.T.);
#3860=EDGE_CURVE('',#3117,#3115,#1270,.T.);
#3861=EDGE_CURVE('',#3118,#3116,#1271,.T.);
#3862=EDGE_CURVE('',#3118,#3119,#1272,.T.);
#3863=EDGE_CURVE('',#3119,#3117,#1273,.T.);
#3864=EDGE_CURVE('',#3120,#3118,#1274,.T.);
#3865=EDGE_CURVE('',#3120,#3121,#1275,.T.);
#3866=EDGE_CURVE('',#3121,#3119,#1276,.T.);
#3867=EDGE_CURVE('',#3122,#3120,#1277,.T.);
#3868=EDGE_CURVE('',#3122,#3123,#1278,.T.);
#3869=EDGE_CURVE('',#3123,#3121,#1279,.T.);
#3870=EDGE_CURVE('',#3124,#3122,#1280,.T.);
#3871=EDGE_CURVE('',#3124,#3125,#1281,.T.);
#3872=EDGE_CURVE('',#3125,#3123,#1282,.T.);
#3873=EDGE_CURVE('',#3126,#3124,#1283,.T.);
#3874=EDGE_CURVE('',#3126,#3127,#1284,.T.);
#3875=EDGE_CURVE('',#3127,#3125,#1285,.T.);
#3876=EDGE_CURVE('',#3128,#3126,#1286,.T.);
#3877=EDGE_CURVE('',#3128,#3129,#1287,.T.);
#3878=EDGE_CURVE('',#3129,#3127,#1288,.T.);
#3879=EDGE_CURVE('',#3099,#3128,#1289,.T.);
#3880=EDGE_CURVE('',#3101,#3129,#1290,.T.);
#3881=EDGE_CURVE('',#3130,#3131,#1291,.T.);
#3882=EDGE_CURVE('',#3132,#3130,#1292,.T.);
#3883=EDGE_CURVE('',#3133,#3132,#1293,.T.);
#3884=EDGE_CURVE('',#3131,#3133,#1294,.T.);
#3885=EDGE_CURVE('',#3134,#3135,#1295,.T.);
#3886=EDGE_CURVE('',#3134,#3136,#1296,.T.);
#3887=EDGE_CURVE('',#3136,#3137,#1297,.T.);
#3888=EDGE_CURVE('',#3135,#3137,#1298,.T.);
#3889=EDGE_CURVE('',#3138,#3134,#1299,.T.);
#3890=EDGE_CURVE('',#3138,#3139,#1300,.T.);
#3891=EDGE_CURVE('',#3139,#3136,#1301,.T.);
#3892=EDGE_CURVE('',#3140,#3138,#1302,.T.);
#3893=EDGE_CURVE('',#3140,#3141,#1303,.T.);
#3894=EDGE_CURVE('',#3141,#3139,#1304,.T.);
#3895=EDGE_CURVE('',#3142,#3140,#1305,.T.);
#3896=EDGE_CURVE('',#3142,#3143,#1306,.T.);
#3897=EDGE_CURVE('',#3143,#3141,#1307,.T.);
#3898=EDGE_CURVE('',#3144,#3142,#1308,.T.);
#3899=EDGE_CURVE('',#3144,#3145,#1309,.T.);
#3900=EDGE_CURVE('',#3145,#3143,#1310,.T.);
#3901=EDGE_CURVE('',#3146,#3144,#1311,.T.);
#3902=EDGE_CURVE('',#3146,#3147,#1312,.T.);
#3903=EDGE_CURVE('',#3147,#3145,#1313,.T.);
#3904=EDGE_CURVE('',#3148,#3146,#1314,.T.);
#3905=EDGE_CURVE('',#3148,#3149,#1315,.T.);
#3906=EDGE_CURVE('',#3149,#3147,#1316,.T.);
#3907=EDGE_CURVE('',#3150,#3148,#1317,.T.);
#3908=EDGE_CURVE('',#3150,#3151,#1318,.T.);
#3909=EDGE_CURVE('',#3151,#3149,#1319,.T.);
#3910=EDGE_CURVE('',#3152,#3150,#1320,.T.);
#3911=EDGE_CURVE('',#3152,#3153,#1321,.T.);
#3912=EDGE_CURVE('',#3153,#3151,#1322,.T.);
#3913=EDGE_CURVE('',#3154,#3152,#1323,.T.);
#3914=EDGE_CURVE('',#3154,#3155,#1324,.T.);
#3915=EDGE_CURVE('',#3155,#3153,#1325,.T.);
#3916=EDGE_CURVE('',#3156,#3154,#1326,.T.);
#3917=EDGE_CURVE('',#3156,#3157,#1327,.T.);
#3918=EDGE_CURVE('',#3157,#3155,#1328,.T.);
#3919=EDGE_CURVE('',#3158,#3156,#1329,.T.);
#3920=EDGE_CURVE('',#3158,#3159,#1330,.T.);
#3921=EDGE_CURVE('',#3159,#3157,#1331,.T.);
#3922=EDGE_CURVE('',#3160,#3158,#1332,.T.);
#3923=EDGE_CURVE('',#3160,#3161,#1333,.T.);
#3924=EDGE_CURVE('',#3161,#3159,#1334,.T.);
#3925=EDGE_CURVE('',#3162,#3160,#1335,.T.);
#3926=EDGE_CURVE('',#3162,#3163,#1336,.T.);
#3927=EDGE_CURVE('',#3163,#3161,#1337,.T.);
#3928=EDGE_CURVE('',#3164,#3162,#1338,.T.);
#3929=EDGE_CURVE('',#3164,#3165,#1339,.T.);
#3930=EDGE_CURVE('',#3165,#3163,#1340,.T.);
#3931=EDGE_CURVE('',#3135,#3164,#1341,.T.);
#3932=EDGE_CURVE('',#3137,#3165,#1342,.T.);
#3933=EDGE_CURVE('',#3166,#3167,#1343,.T.);
#3934=EDGE_CURVE('',#3168,#3166,#1344,.T.);
#3935=EDGE_CURVE('',#3169,#3168,#1345,.T.);
#3936=EDGE_CURVE('',#3167,#3169,#1346,.T.);
#3937=EDGE_CURVE('',#3170,#3171,#1347,.T.);
#3938=EDGE_CURVE('',#3170,#3172,#1348,.T.);
#3939=EDGE_CURVE('',#3172,#3173,#1349,.T.);
#3940=EDGE_CURVE('',#3171,#3173,#1350,.T.);
#3941=EDGE_CURVE('',#3174,#3170,#1351,.T.);
#3942=EDGE_CURVE('',#3174,#3175,#1352,.T.);
#3943=EDGE_CURVE('',#3175,#3172,#1353,.T.);
#3944=EDGE_CURVE('',#3176,#3174,#1354,.T.);
#3945=EDGE_CURVE('',#3176,#3177,#1355,.T.);
#3946=EDGE_CURVE('',#3177,#3175,#1356,.T.);
#3947=EDGE_CURVE('',#3178,#3176,#1357,.T.);
#3948=EDGE_CURVE('',#3178,#3179,#1358,.T.);
#3949=EDGE_CURVE('',#3179,#3177,#1359,.T.);
#3950=EDGE_CURVE('',#3180,#3178,#1360,.T.);
#3951=EDGE_CURVE('',#3180,#3181,#1361,.T.);
#3952=EDGE_CURVE('',#3181,#3179,#1362,.T.);
#3953=EDGE_CURVE('',#3182,#3180,#1363,.T.);
#3954=EDGE_CURVE('',#3182,#3183,#1364,.T.);
#3955=EDGE_CURVE('',#3183,#3181,#1365,.T.);
#3956=EDGE_CURVE('',#3184,#3182,#1366,.T.);
#3957=EDGE_CURVE('',#3184,#3185,#1367,.T.);
#3958=EDGE_CURVE('',#3185,#3183,#1368,.T.);
#3959=EDGE_CURVE('',#3186,#3184,#1369,.T.);
#3960=EDGE_CURVE('',#3186,#3187,#1370,.T.);
#3961=EDGE_CURVE('',#3187,#3185,#1371,.T.);
#3962=EDGE_CURVE('',#3188,#3186,#1372,.T.);
#3963=EDGE_CURVE('',#3188,#3189,#1373,.T.);
#3964=EDGE_CURVE('',#3189,#3187,#1374,.T.);
#3965=EDGE_CURVE('',#3190,#3188,#1375,.T.);
#3966=EDGE_CURVE('',#3190,#3191,#1376,.T.);
#3967=EDGE_CURVE('',#3191,#3189,#1377,.T.);
#3968=EDGE_CURVE('',#3192,#3190,#1378,.T.);
#3969=EDGE_CURVE('',#3192,#3193,#1379,.T.);
#3970=EDGE_CURVE('',#3193,#3191,#1380,.T.);
#3971=EDGE_CURVE('',#3194,#3192,#1381,.T.);
#3972=EDGE_CURVE('',#3194,#3195,#1382,.T.);
#3973=EDGE_CURVE('',#3195,#3193,#1383,.T.);
#3974=EDGE_CURVE('',#3196,#3194,#1384,.T.);
#3975=EDGE_CURVE('',#3196,#3197,#1385,.T.);
#3976=EDGE_CURVE('',#3197,#3195,#1386,.T.);
#3977=EDGE_CURVE('',#3198,#3196,#1387,.T.);
#3978=EDGE_CURVE('',#3198,#3199,#1388,.T.);
#3979=EDGE_CURVE('',#3199,#3197,#1389,.T.);
#3980=EDGE_CURVE('',#3200,#3198,#1390,.T.);
#3981=EDGE_CURVE('',#3200,#3201,#1391,.T.);
#3982=EDGE_CURVE('',#3201,#3199,#1392,.T.);
#3983=EDGE_CURVE('',#3171,#3200,#1393,.T.);
#3984=EDGE_CURVE('',#3173,#3201,#1394,.T.);
#3985=EDGE_CURVE('',#3202,#3203,#1395,.T.);
#3986=EDGE_CURVE('',#3204,#3202,#1396,.T.);
#3987=EDGE_CURVE('',#3205,#3204,#1397,.T.);
#3988=EDGE_CURVE('',#3203,#3205,#1398,.T.);
#3989=EDGE_CURVE('',#3206,#3207,#1399,.T.);
#3990=EDGE_CURVE('',#3206,#3208,#1400,.T.);
#3991=EDGE_CURVE('',#3208,#3209,#1401,.T.);
#3992=EDGE_CURVE('',#3207,#3209,#1402,.T.);
#3993=EDGE_CURVE('',#3210,#3206,#1403,.T.);
#3994=EDGE_CURVE('',#3210,#3211,#1404,.T.);
#3995=EDGE_CURVE('',#3211,#3208,#1405,.T.);
#3996=EDGE_CURVE('',#3212,#3210,#1406,.T.);
#3997=EDGE_CURVE('',#3212,#3213,#1407,.T.);
#3998=EDGE_CURVE('',#3213,#3211,#1408,.T.);
#3999=EDGE_CURVE('',#3214,#3212,#1409,.T.);
#4000=EDGE_CURVE('',#3214,#3215,#1410,.T.);
#4001=EDGE_CURVE('',#3215,#3213,#1411,.T.);
#4002=EDGE_CURVE('',#3216,#3214,#1412,.T.);
#4003=EDGE_CURVE('',#3216,#3217,#1413,.T.);
#4004=EDGE_CURVE('',#3217,#3215,#1414,.T.);
#4005=EDGE_CURVE('',#3218,#3216,#1415,.T.);
#4006=EDGE_CURVE('',#3218,#3219,#1416,.T.);
#4007=EDGE_CURVE('',#3219,#3217,#1417,.T.);
#4008=EDGE_CURVE('',#3220,#3218,#1418,.T.);
#4009=EDGE_CURVE('',#3220,#3221,#1419,.T.);
#4010=EDGE_CURVE('',#3221,#3219,#1420,.T.);
#4011=EDGE_CURVE('',#3222,#3220,#1421,.T.);
#4012=EDGE_CURVE('',#3222,#3223,#1422,.T.);
#4013=EDGE_CURVE('',#3223,#3221,#1423,.T.);
#4014=EDGE_CURVE('',#3224,#3222,#1424,.T.);
#4015=EDGE_CURVE('',#3224,#3225,#1425,.T.);
#4016=EDGE_CURVE('',#3225,#3223,#1426,.T.);
#4017=EDGE_CURVE('',#3226,#3224,#1427,.T.);
#4018=EDGE_CURVE('',#3226,#3227,#1428,.T.);
#4019=EDGE_CURVE('',#3227,#3225,#1429,.T.);
#4020=EDGE_CURVE('',#3228,#3226,#1430,.T.);
#4021=EDGE_CURVE('',#3228,#3229,#1431,.T.);
#4022=EDGE_CURVE('',#3229,#3227,#1432,.T.);
#4023=EDGE_CURVE('',#3230,#3228,#1433,.T.);
#4024=EDGE_CURVE('',#3230,#3231,#1434,.T.);
#4025=EDGE_CURVE('',#3231,#3229,#1435,.T.);
#4026=EDGE_CURVE('',#3232,#3230,#1436,.T.);
#4027=EDGE_CURVE('',#3232,#3233,#1437,.T.);
#4028=EDGE_CURVE('',#3233,#3231,#1438,.T.);
#4029=EDGE_CURVE('',#3234,#3232,#1439,.T.);
#4030=EDGE_CURVE('',#3234,#3235,#1440,.T.);
#4031=EDGE_CURVE('',#3235,#3233,#1441,.T.);
#4032=EDGE_CURVE('',#3236,#3234,#1442,.T.);
#4033=EDGE_CURVE('',#3236,#3237,#1443,.T.);
#4034=EDGE_CURVE('',#3237,#3235,#1444,.T.);
#4035=EDGE_CURVE('',#3207,#3236,#1445,.T.);
#4036=EDGE_CURVE('',#3209,#3237,#1446,.T.);
#4037=EDGE_CURVE('',#3238,#3239,#1447,.T.);
#4038=EDGE_CURVE('',#3240,#3238,#1448,.T.);
#4039=EDGE_CURVE('',#3241,#3240,#1449,.T.);
#4040=EDGE_CURVE('',#3239,#3241,#1450,.T.);
#4041=EDGE_CURVE('',#3242,#3243,#1451,.T.);
#4042=EDGE_CURVE('',#3242,#3244,#1452,.T.);
#4043=EDGE_CURVE('',#3244,#3245,#1453,.T.);
#4044=EDGE_CURVE('',#3243,#3245,#1454,.T.);
#4045=EDGE_CURVE('',#3246,#3242,#1455,.T.);
#4046=EDGE_CURVE('',#3246,#3247,#1456,.T.);
#4047=EDGE_CURVE('',#3247,#3244,#1457,.T.);
#4048=EDGE_CURVE('',#3248,#3246,#1458,.T.);
#4049=EDGE_CURVE('',#3248,#3249,#1459,.T.);
#4050=EDGE_CURVE('',#3249,#3247,#1460,.T.);
#4051=EDGE_CURVE('',#3250,#3248,#1461,.T.);
#4052=EDGE_CURVE('',#3250,#3251,#1462,.T.);
#4053=EDGE_CURVE('',#3251,#3249,#1463,.T.);
#4054=EDGE_CURVE('',#3252,#3250,#1464,.T.);
#4055=EDGE_CURVE('',#3252,#3253,#1465,.T.);
#4056=EDGE_CURVE('',#3253,#3251,#1466,.T.);
#4057=EDGE_CURVE('',#3254,#3252,#1467,.T.);
#4058=EDGE_CURVE('',#3254,#3255,#1468,.T.);
#4059=EDGE_CURVE('',#3255,#3253,#1469,.T.);
#4060=EDGE_CURVE('',#3256,#3254,#1470,.T.);
#4061=EDGE_CURVE('',#3256,#3257,#1471,.T.);
#4062=EDGE_CURVE('',#3257,#3255,#1472,.T.);
#4063=EDGE_CURVE('',#3258,#3256,#1473,.T.);
#4064=EDGE_CURVE('',#3258,#3259,#1474,.T.);
#4065=EDGE_CURVE('',#3259,#3257,#1475,.T.);
#4066=EDGE_CURVE('',#3260,#3258,#1476,.T.);
#4067=EDGE_CURVE('',#3260,#3261,#1477,.T.);
#4068=EDGE_CURVE('',#3261,#3259,#1478,.T.);
#4069=EDGE_CURVE('',#3262,#3260,#1479,.T.);
#4070=EDGE_CURVE('',#3262,#3263,#1480,.T.);
#4071=EDGE_CURVE('',#3263,#3261,#1481,.T.);
#4072=EDGE_CURVE('',#3264,#3262,#1482,.T.);
#4073=EDGE_CURVE('',#3264,#3265,#1483,.T.);
#4074=EDGE_CURVE('',#3265,#3263,#1484,.T.);
#4075=EDGE_CURVE('',#3266,#3264,#1485,.T.);
#4076=EDGE_CURVE('',#3266,#3267,#1486,.T.);
#4077=EDGE_CURVE('',#3267,#3265,#1487,.T.);
#4078=EDGE_CURVE('',#3268,#3266,#1488,.T.);
#4079=EDGE_CURVE('',#3268,#3269,#1489,.T.);
#4080=EDGE_CURVE('',#3269,#3267,#1490,.T.);
#4081=EDGE_CURVE('',#3270,#3268,#1491,.T.);
#4082=EDGE_CURVE('',#3270,#3271,#1492,.T.);
#4083=EDGE_CURVE('',#3271,#3269,#1493,.T.);
#4084=EDGE_CURVE('',#3272,#3270,#1494,.T.);
#4085=EDGE_CURVE('',#3272,#3273,#1495,.T.);
#4086=EDGE_CURVE('',#3273,#3271,#1496,.T.);
#4087=EDGE_CURVE('',#3243,#3272,#1497,.T.);
#4088=EDGE_CURVE('',#3245,#3273,#1498,.T.);
#4089=EDGE_CURVE('',#3274,#3275,#1499,.T.);
#4090=EDGE_CURVE('',#3276,#3274,#1500,.T.);
#4091=EDGE_CURVE('',#3277,#3276,#1501,.T.);
#4092=EDGE_CURVE('',#3275,#3277,#1502,.T.);
#4093=EDGE_CURVE('',#3278,#3279,#1503,.T.);
#4094=EDGE_CURVE('',#3278,#3280,#1504,.T.);
#4095=EDGE_CURVE('',#3280,#3281,#1505,.T.);
#4096=EDGE_CURVE('',#3279,#3281,#1506,.T.);
#4097=EDGE_CURVE('',#3282,#3278,#1507,.T.);
#4098=EDGE_CURVE('',#3282,#3283,#1508,.T.);
#4099=EDGE_CURVE('',#3283,#3280,#1509,.T.);
#4100=EDGE_CURVE('',#3284,#3282,#1510,.T.);
#4101=EDGE_CURVE('',#3284,#3285,#1511,.T.);
#4102=EDGE_CURVE('',#3285,#3283,#1512,.T.);
#4103=EDGE_CURVE('',#3286,#3284,#1513,.T.);
#4104=EDGE_CURVE('',#3286,#3287,#1514,.T.);
#4105=EDGE_CURVE('',#3287,#3285,#1515,.T.);
#4106=EDGE_CURVE('',#3288,#3286,#1516,.T.);
#4107=EDGE_CURVE('',#3288,#3289,#1517,.T.);
#4108=EDGE_CURVE('',#3289,#3287,#1518,.T.);
#4109=EDGE_CURVE('',#3290,#3288,#1519,.T.);
#4110=EDGE_CURVE('',#3290,#3291,#1520,.T.);
#4111=EDGE_CURVE('',#3291,#3289,#1521,.T.);
#4112=EDGE_CURVE('',#3292,#3290,#1522,.T.);
#4113=EDGE_CURVE('',#3292,#3293,#1523,.T.);
#4114=EDGE_CURVE('',#3293,#3291,#1524,.T.);
#4115=EDGE_CURVE('',#3294,#3292,#1525,.T.);
#4116=EDGE_CURVE('',#3294,#3295,#1526,.T.);
#4117=EDGE_CURVE('',#3295,#3293,#1527,.T.);
#4118=EDGE_CURVE('',#3296,#3294,#1528,.T.);
#4119=EDGE_CURVE('',#3296,#3297,#1529,.T.);
#4120=EDGE_CURVE('',#3297,#3295,#1530,.T.);
#4121=EDGE_CURVE('',#3298,#3296,#1531,.T.);
#4122=EDGE_CURVE('',#3298,#3299,#1532,.T.);
#4123=EDGE_CURVE('',#3299,#3297,#1533,.T.);
#4124=EDGE_CURVE('',#3300,#3298,#1534,.T.);
#4125=EDGE_CURVE('',#3300,#3301,#1535,.T.);
#4126=EDGE_CURVE('',#3301,#3299,#1536,.T.);
#4127=EDGE_CURVE('',#3302,#3300,#1537,.T.);
#4128=EDGE_CURVE('',#3302,#3303,#1538,.T.);
#4129=EDGE_CURVE('',#3303,#3301,#1539,.T.);
#4130=EDGE_CURVE('',#3304,#3302,#1540,.T.);
#4131=EDGE_CURVE('',#3304,#3305,#1541,.T.);
#4132=EDGE_CURVE('',#3305,#3303,#1542,.T.);
#4133=EDGE_CURVE('',#3306,#3304,#1543,.T.);
#4134=EDGE_CURVE('',#3306,#3307,#1544,.T.);
#4135=EDGE_CURVE('',#3307,#3305,#1545,.T.);
#4136=EDGE_CURVE('',#3308,#3306,#1546,.T.);
#4137=EDGE_CURVE('',#3308,#3309,#1547,.T.);
#4138=EDGE_CURVE('',#3309,#3307,#1548,.T.);
#4139=EDGE_CURVE('',#3279,#3308,#1549,.T.);
#4140=EDGE_CURVE('',#3281,#3309,#1550,.T.);
#4141=EDGE_CURVE('',#3310,#3311,#1551,.T.);
#4142=EDGE_CURVE('',#3312,#3310,#1552,.T.);
#4143=EDGE_CURVE('',#3313,#3312,#1553,.T.);
#4144=EDGE_CURVE('',#3311,#3313,#1554,.T.);
#4145=EDGE_CURVE('',#3314,#3315,#1555,.T.);
#4146=EDGE_CURVE('',#3314,#3316,#1556,.T.);
#4147=EDGE_CURVE('',#3316,#3317,#1557,.T.);
#4148=EDGE_CURVE('',#3315,#3317,#1558,.T.);
#4149=EDGE_CURVE('',#3318,#3314,#1559,.T.);
#4150=EDGE_CURVE('',#3318,#3319,#1560,.T.);
#4151=EDGE_CURVE('',#3319,#3316,#1561,.T.);
#4152=EDGE_CURVE('',#3320,#3318,#1562,.T.);
#4153=EDGE_CURVE('',#3320,#3321,#1563,.T.);
#4154=EDGE_CURVE('',#3321,#3319,#1564,.T.);
#4155=EDGE_CURVE('',#3322,#3320,#1565,.T.);
#4156=EDGE_CURVE('',#3322,#3323,#1566,.T.);
#4157=EDGE_CURVE('',#3323,#3321,#1567,.T.);
#4158=EDGE_CURVE('',#3324,#3322,#1568,.T.);
#4159=EDGE_CURVE('',#3324,#3325,#1569,.T.);
#4160=EDGE_CURVE('',#3325,#3323,#1570,.T.);
#4161=EDGE_CURVE('',#3326,#3324,#1571,.T.);
#4162=EDGE_CURVE('',#3326,#3327,#1572,.T.);
#4163=EDGE_CURVE('',#3327,#3325,#1573,.T.);
#4164=EDGE_CURVE('',#3328,#3326,#1574,.T.);
#4165=EDGE_CURVE('',#3328,#3329,#1575,.T.);
#4166=EDGE_CURVE('',#3329,#3327,#1576,.T.);
#4167=EDGE_CURVE('',#3330,#3328,#1577,.T.);
#4168=EDGE_CURVE('',#3330,#3331,#1578,.T.);
#4169=EDGE_CURVE('',#3331,#3329,#1579,.T.);
#4170=EDGE_CURVE('',#3332,#3330,#1580,.T.);
#4171=EDGE_CURVE('',#3332,#3333,#1581,.T.);
#4172=EDGE_CURVE('',#3333,#3331,#1582,.T.);
#4173=EDGE_CURVE('',#3334,#3332,#1583,.T.);
#4174=EDGE_CURVE('',#3334,#3335,#1584,.T.);
#4175=EDGE_CURVE('',#3335,#3333,#1585,.T.);
#4176=EDGE_CURVE('',#3336,#3334,#1586,.T.);
#4177=EDGE_CURVE('',#3336,#3337,#1587,.T.);
#4178=EDGE_CURVE('',#3337,#3335,#1588,.T.);
#4179=EDGE_CURVE('',#3338,#3336,#1589,.T.);
#4180=EDGE_CURVE('',#3338,#3339,#1590,.T.);
#4181=EDGE_CURVE('',#3339,#3337,#1591,.T.);
#4182=EDGE_CURVE('',#3340,#3338,#1592,.T.);
#4183=EDGE_CURVE('',#3340,#3341,#1593,.T.);
#4184=EDGE_CURVE('',#3341,#3339,#1594,.T.);
#4185=EDGE_CURVE('',#3342,#3340,#1595,.T.);
#4186=EDGE_CURVE('',#3342,#3343,#1596,.T.);
#4187=EDGE_CURVE('',#3343,#3341,#1597,.T.);
#4188=EDGE_CURVE('',#3344,#3342,#1598,.T.);
#4189=EDGE_CURVE('',#3344,#3345,#1599,.T.);
#4190=EDGE_CURVE('',#3345,#3343,#1600,.T.);
#4191=EDGE_CURVE('',#3315,#3344,#1601,.T.);
#4192=EDGE_CURVE('',#3317,#3345,#1602,.T.);
#4193=EDGE_CURVE('',#3346,#3347,#1603,.T.);
#4194=EDGE_CURVE('',#3348,#3346,#1604,.T.);
#4195=EDGE_CURVE('',#3349,#3348,#1605,.T.);
#4196=EDGE_CURVE('',#3347,#3349,#1606,.T.);
#4197=EDGE_CURVE('',#3350,#3351,#1607,.T.);
#4198=EDGE_CURVE('',#3350,#3352,#1608,.T.);
#4199=EDGE_CURVE('',#3352,#3353,#1609,.T.);
#4200=EDGE_CURVE('',#3351,#3353,#1610,.T.);
#4201=EDGE_CURVE('',#3354,#3350,#1611,.T.);
#4202=EDGE_CURVE('',#3354,#3355,#1612,.T.);
#4203=EDGE_CURVE('',#3355,#3352,#1613,.T.);
#4204=EDGE_CURVE('',#3356,#3354,#1614,.T.);
#4205=EDGE_CURVE('',#3356,#3357,#1615,.T.);
#4206=EDGE_CURVE('',#3357,#3355,#1616,.T.);
#4207=EDGE_CURVE('',#3358,#3356,#1617,.T.);
#4208=EDGE_CURVE('',#3358,#3359,#1618,.T.);
#4209=EDGE_CURVE('',#3359,#3357,#1619,.T.);
#4210=EDGE_CURVE('',#3360,#3358,#1620,.T.);
#4211=EDGE_CURVE('',#3360,#3361,#1621,.T.);
#4212=EDGE_CURVE('',#3361,#3359,#1622,.T.);
#4213=EDGE_CURVE('',#3362,#3360,#1623,.T.);
#4214=EDGE_CURVE('',#3362,#3363,#1624,.T.);
#4215=EDGE_CURVE('',#3363,#3361,#1625,.T.);
#4216=EDGE_CURVE('',#3364,#3362,#1626,.T.);
#4217=EDGE_CURVE('',#3364,#3365,#1627,.T.);
#4218=EDGE_CURVE('',#3365,#3363,#1628,.T.);
#4219=EDGE_CURVE('',#3366,#3364,#1629,.T.);
#4220=EDGE_CURVE('',#3366,#3367,#1630,.T.);
#4221=EDGE_CURVE('',#3367,#3365,#1631,.T.);
#4222=EDGE_CURVE('',#3368,#3366,#1632,.T.);
#4223=EDGE_CURVE('',#3368,#3369,#1633,.T.);
#4224=EDGE_CURVE('',#3369,#3367,#1634,.T.);
#4225=EDGE_CURVE('',#3370,#3368,#1635,.T.);
#4226=EDGE_CURVE('',#3370,#3371,#1636,.T.);
#4227=EDGE_CURVE('',#3371,#3369,#1637,.T.);
#4228=EDGE_CURVE('',#3372,#3370,#1638,.T.);
#4229=EDGE_CURVE('',#3372,#3373,#1639,.T.);
#4230=EDGE_CURVE('',#3373,#3371,#1640,.T.);
#4231=EDGE_CURVE('',#3374,#3372,#1641,.T.);
#4232=EDGE_CURVE('',#3374,#3375,#1642,.T.);
#4233=EDGE_CURVE('',#3375,#3373,#1643,.T.);
#4234=EDGE_CURVE('',#3376,#3374,#1644,.T.);
#4235=EDGE_CURVE('',#3376,#3377,#1645,.T.);
#4236=EDGE_CURVE('',#3377,#3375,#1646,.T.);
#4237=EDGE_CURVE('',#3378,#3376,#1647,.T.);
#4238=EDGE_CURVE('',#3378,#3379,#1648,.T.);
#4239=EDGE_CURVE('',#3379,#3377,#1649,.T.);
#4240=EDGE_CURVE('',#3380,#3378,#1650,.T.);
#4241=EDGE_CURVE('',#3380,#3381,#1651,.T.);
#4242=EDGE_CURVE('',#3381,#3379,#1652,.T.);
#4243=EDGE_CURVE('',#3351,#3380,#1653,.T.);
#4244=EDGE_CURVE('',#3353,#3381,#1654,.T.);
#4245=EDGE_CURVE('',#3382,#3383,#1655,.T.);
#4246=EDGE_CURVE('',#3384,#3382,#1656,.T.);
#4247=EDGE_CURVE('',#3385,#3384,#1657,.T.);
#4248=EDGE_CURVE('',#3383,#3385,#1658,.T.);
#4249=EDGE_CURVE('',#3386,#3387,#1659,.T.);
#4250=EDGE_CURVE('',#3386,#3388,#1660,.T.);
#4251=EDGE_CURVE('',#3388,#3389,#1661,.T.);
#4252=EDGE_CURVE('',#3387,#3389,#1662,.T.);
#4253=EDGE_CURVE('',#3390,#3386,#1663,.T.);
#4254=EDGE_CURVE('',#3390,#3391,#1664,.T.);
#4255=EDGE_CURVE('',#3391,#3388,#1665,.T.);
#4256=EDGE_CURVE('',#3392,#3390,#1666,.T.);
#4257=EDGE_CURVE('',#3392,#3393,#1667,.T.);
#4258=EDGE_CURVE('',#3393,#3391,#1668,.T.);
#4259=EDGE_CURVE('',#3394,#3392,#1669,.T.);
#4260=EDGE_CURVE('',#3394,#3395,#1670,.T.);
#4261=EDGE_CURVE('',#3395,#3393,#1671,.T.);
#4262=EDGE_CURVE('',#3396,#3394,#1672,.T.);
#4263=EDGE_CURVE('',#3396,#3397,#1673,.T.);
#4264=EDGE_CURVE('',#3397,#3395,#1674,.T.);
#4265=EDGE_CURVE('',#3398,#3396,#1675,.T.);
#4266=EDGE_CURVE('',#3398,#3399,#1676,.T.);
#4267=EDGE_CURVE('',#3399,#3397,#1677,.T.);
#4268=EDGE_CURVE('',#3400,#3398,#1678,.T.);
#4269=EDGE_CURVE('',#3400,#3401,#1679,.T.);
#4270=EDGE_CURVE('',#3401,#3399,#1680,.T.);
#4271=EDGE_CURVE('',#3402,#3400,#1681,.T.);
#4272=EDGE_CURVE('',#3402,#3403,#1682,.T.);
#4273=EDGE_CURVE('',#3403,#3401,#1683,.T.);
#4274=EDGE_CURVE('',#3404,#3402,#1684,.T.);
#4275=EDGE_CURVE('',#3404,#3405,#1685,.T.);
#4276=EDGE_CURVE('',#3405,#3403,#1686,.T.);
#4277=EDGE_CURVE('',#3406,#3404,#1687,.T.);
#4278=EDGE_CURVE('',#3406,#3407,#1688,.T.);
#4279=EDGE_CURVE('',#3407,#3405,#1689,.T.);
#4280=EDGE_CURVE('',#3408,#3406,#1690,.T.);
#4281=EDGE_CURVE('',#3408,#3409,#1691,.T.);
#4282=EDGE_CURVE('',#3409,#3407,#1692,.T.);
#4283=EDGE_CURVE('',#3410,#3408,#1693,.T.);
#4284=EDGE_CURVE('',#3410,#3411,#1694,.T.);
#4285=EDGE_CURVE('',#3411,#3409,#1695,.T.);
#4286=EDGE_CURVE('',#3412,#3410,#1696,.T.);
#4287=EDGE_CURVE('',#3412,#3413,#1697,.T.);
#4288=EDGE_CURVE('',#3413,#3411,#1698,.T.);
#4289=EDGE_CURVE('',#3414,#3412,#1699,.T.);
#4290=EDGE_CURVE('',#3414,#3415,#1700,.T.);
#4291=EDGE_CURVE('',#3415,#3413,#1701,.T.);
#4292=EDGE_CURVE('',#3416,#3414,#1702,.T.);
#4293=EDGE_CURVE('',#3416,#3417,#1703,.T.);
#4294=EDGE_CURVE('',#3417,#3415,#1704,.T.);
#4295=EDGE_CURVE('',#3387,#3416,#1705,.T.);
#4296=EDGE_CURVE('',#3389,#3417,#1706,.T.);
#4297=EDGE_CURVE('',#3418,#3419,#1707,.T.);
#4298=EDGE_CURVE('',#3420,#3418,#1708,.T.);
#4299=EDGE_CURVE('',#3421,#3420,#1709,.T.);
#4300=EDGE_CURVE('',#3419,#3421,#1710,.T.);
#4301=EDGE_CURVE('',#3422,#3423,#1711,.T.);
#4302=EDGE_CURVE('',#3422,#3424,#1712,.T.);
#4303=EDGE_CURVE('',#3424,#3425,#1713,.T.);
#4304=EDGE_CURVE('',#3423,#3425,#1714,.T.);
#4305=EDGE_CURVE('',#3426,#3422,#1715,.T.);
#4306=EDGE_CURVE('',#3426,#3427,#1716,.T.);
#4307=EDGE_CURVE('',#3427,#3424,#1717,.T.);
#4308=EDGE_CURVE('',#3428,#3426,#1718,.T.);
#4309=EDGE_CURVE('',#3428,#3429,#1719,.T.);
#4310=EDGE_CURVE('',#3429,#3427,#1720,.T.);
#4311=EDGE_CURVE('',#3430,#3428,#1721,.T.);
#4312=EDGE_CURVE('',#3430,#3431,#1722,.T.);
#4313=EDGE_CURVE('',#3431,#3429,#1723,.T.);
#4314=EDGE_CURVE('',#3432,#3430,#1724,.T.);
#4315=EDGE_CURVE('',#3432,#3433,#1725,.T.);
#4316=EDGE_CURVE('',#3433,#3431,#1726,.T.);
#4317=EDGE_CURVE('',#3434,#3432,#1727,.T.);
#4318=EDGE_CURVE('',#3434,#3435,#1728,.T.);
#4319=EDGE_CURVE('',#3435,#3433,#1729,.T.);
#4320=EDGE_CURVE('',#3436,#3434,#1730,.T.);
#4321=EDGE_CURVE('',#3436,#3437,#1731,.T.);
#4322=EDGE_CURVE('',#3437,#3435,#1732,.T.);
#4323=EDGE_CURVE('',#3438,#3436,#1733,.T.);
#4324=EDGE_CURVE('',#3438,#3439,#1734,.T.);
#4325=EDGE_CURVE('',#3439,#3437,#1735,.T.);
#4326=EDGE_CURVE('',#3440,#3438,#1736,.T.);
#4327=EDGE_CURVE('',#3440,#3441,#1737,.T.);
#4328=EDGE_CURVE('',#3441,#3439,#1738,.T.);
#4329=EDGE_CURVE('',#3442,#3440,#1739,.T.);
#4330=EDGE_CURVE('',#3442,#3443,#1740,.T.);
#4331=EDGE_CURVE('',#3443,#3441,#1741,.T.);
#4332=EDGE_CURVE('',#3444,#3442,#1742,.T.);
#4333=EDGE_CURVE('',#3444,#3445,#1743,.T.);
#4334=EDGE_CURVE('',#3445,#3443,#1744,.T.);
#4335=EDGE_CURVE('',#3446,#3444,#1745,.T.);
#4336=EDGE_CURVE('',#3446,#3447,#1746,.T.);
#4337=EDGE_CURVE('',#3447,#3445,#1747,.T.);
#4338=EDGE_CURVE('',#3448,#3446,#1748,.T.);
#4339=EDGE_CURVE('',#3448,#3449,#1749,.T.);
#4340=EDGE_CURVE('',#3449,#3447,#1750,.T.);
#4341=EDGE_CURVE('',#3450,#3448,#1751,.T.);
#4342=EDGE_CURVE('',#3450,#3451,#1752,.T.);
#4343=EDGE_CURVE('',#3451,#3449,#1753,.T.);
#4344=EDGE_CURVE('',#3452,#3450,#1754,.T.);
#4345=EDGE_CURVE('',#3452,#3453,#1755,.T.);
#4346=EDGE_CURVE('',#3453,#3451,#1756,.T.);
#4347=EDGE_CURVE('',#3423,#3452,#1757,.T.);
#4348=EDGE_CURVE('',#3425,#3453,#1758,.T.);
#4349=EDGE_CURVE('',#3454,#3455,#1759,.T.);
#4350=EDGE_CURVE('',#3456,#3454,#1760,.T.);
#4351=EDGE_CURVE('',#3457,#3456,#1761,.T.);
#4352=EDGE_CURVE('',#3455,#3457,#1762,.T.);
#4353=EDGE_CURVE('',#3458,#3459,#1763,.T.);
#4354=EDGE_CURVE('',#3458,#3460,#1764,.T.);
#4355=EDGE_CURVE('',#3460,#3461,#1765,.T.);
#4356=EDGE_CURVE('',#3459,#3461,#1766,.T.);
#4357=EDGE_CURVE('',#3462,#3458,#1767,.T.);
#4358=EDGE_CURVE('',#3462,#3463,#1768,.T.);
#4359=EDGE_CURVE('',#3463,#3460,#1769,.T.);
#4360=EDGE_CURVE('',#3464,#3462,#1770,.T.);
#4361=EDGE_CURVE('',#3464,#3465,#1771,.T.);
#4362=EDGE_CURVE('',#3465,#3463,#1772,.T.);
#4363=EDGE_CURVE('',#3466,#3464,#1773,.T.);
#4364=EDGE_CURVE('',#3466,#3467,#1774,.T.);
#4365=EDGE_CURVE('',#3467,#3465,#1775,.T.);
#4366=EDGE_CURVE('',#3468,#3466,#1776,.T.);
#4367=EDGE_CURVE('',#3468,#3469,#1777,.T.);
#4368=EDGE_CURVE('',#3469,#3467,#1778,.T.);
#4369=EDGE_CURVE('',#3470,#3468,#1779,.T.);
#4370=EDGE_CURVE('',#3470,#3471,#1780,.T.);
#4371=EDGE_CURVE('',#3471,#3469,#1781,.T.);
#4372=EDGE_CURVE('',#3472,#3470,#1782,.T.);
#4373=EDGE_CURVE('',#3472,#3473,#1783,.T.);
#4374=EDGE_CURVE('',#3473,#3471,#1784,.T.);
#4375=EDGE_CURVE('',#3474,#3472,#1785,.T.);
#4376=EDGE_CURVE('',#3474,#3475,#1786,.T.);
#4377=EDGE_CURVE('',#3475,#3473,#1787,.T.);
#4378=EDGE_CURVE('',#3476,#3474,#1788,.T.);
#4379=EDGE_CURVE('',#3476,#3477,#1789,.T.);
#4380=EDGE_CURVE('',#3477,#3475,#1790,.T.);
#4381=EDGE_CURVE('',#3478,#3476,#1791,.T.);
#4382=EDGE_CURVE('',#3478,#3479,#1792,.T.);
#4383=EDGE_CURVE('',#3479,#3477,#1793,.T.);
#4384=EDGE_CURVE('',#3480,#3478,#1794,.T.);
#4385=EDGE_CURVE('',#3480,#3481,#1795,.T.);
#4386=EDGE_CURVE('',#3481,#3479,#1796,.T.);
#4387=EDGE_CURVE('',#3482,#3480,#1797,.T.);
#4388=EDGE_CURVE('',#3482,#3483,#1798,.T.);
#4389=EDGE_CURVE('',#3483,#3481,#1799,.T.);
#4390=EDGE_CURVE('',#3484,#3482,#1800,.T.);
#4391=EDGE_CURVE('',#3484,#3485,#1801,.T.);
#4392=EDGE_CURVE('',#3485,#3483,#1802,.T.);
#4393=EDGE_CURVE('',#3486,#3484,#1803,.T.);
#4394=EDGE_CURVE('',#3486,#3487,#1804,.T.);
#4395=EDGE_CURVE('',#3487,#3485,#1805,.T.);
#4396=EDGE_CURVE('',#3488,#3486,#1806,.T.);
#4397=EDGE_CURVE('',#3488,#3489,#1807,.T.);
#4398=EDGE_CURVE('',#3489,#3487,#1808,.T.);
#4399=EDGE_CURVE('',#3459,#3488,#1809,.T.);
#4400=EDGE_CURVE('',#3461,#3489,#1810,.T.);
#4401=EDGE_CURVE('',#3490,#3491,#1811,.T.);
#4402=EDGE_CURVE('',#3492,#3490,#1812,.T.);
#4403=EDGE_CURVE('',#3493,#3492,#1813,.T.);
#4404=EDGE_CURVE('',#3491,#3493,#1814,.T.);
#4405=EDGE_CURVE('',#3058,#3016,#1815,.T.);
#4406=EDGE_CURVE('',#3060,#3015,#1816,.T.);
#4407=EDGE_CURVE('',#3059,#3013,#1817,.T.);
#4408=EDGE_CURVE('',#3094,#2984,#1818,.T.);
#4409=EDGE_CURVE('',#3096,#2983,#1819,.T.);
#4410=EDGE_CURVE('',#3095,#2981,#1820,.T.);
#4411=EDGE_CURVE('',#3130,#2980,#1821,.T.);
#4412=EDGE_CURVE('',#3132,#2979,#1822,.T.);
#4413=EDGE_CURVE('',#3131,#2977,#1823,.T.);
#4414=EDGE_CURVE('',#3166,#3004,#1824,.T.);
#4415=EDGE_CURVE('',#3168,#3003,#1825,.T.);
#4416=EDGE_CURVE('',#3167,#3001,#1826,.T.);
#4417=EDGE_CURVE('',#3202,#2972,#1827,.T.);
#4418=EDGE_CURVE('',#3204,#2971,#1828,.T.);
#4419=EDGE_CURVE('',#3203,#2969,#1829,.T.);
#4420=EDGE_CURVE('',#3238,#2988,#1830,.T.);
#4421=EDGE_CURVE('',#3240,#2987,#1831,.T.);
#4422=EDGE_CURVE('',#3239,#2985,#1832,.T.);
#4423=EDGE_CURVE('',#3274,#3012,#1833,.T.);
#4424=EDGE_CURVE('',#3276,#3011,#1834,.T.);
#4425=EDGE_CURVE('',#3275,#3009,#1835,.T.);
#4426=EDGE_CURVE('',#3310,#2968,#1836,.T.);
#4427=EDGE_CURVE('',#3312,#2967,#1837,.T.);
#4428=EDGE_CURVE('',#3311,#2965,#1838,.T.);
#4429=EDGE_CURVE('',#3346,#2976,#1839,.T.);
#4430=EDGE_CURVE('',#3348,#2975,#1840,.T.);
#4431=EDGE_CURVE('',#3347,#2973,#1841,.T.);
#4432=EDGE_CURVE('',#3382,#3008,#1842,.T.);
#4433=EDGE_CURVE('',#3384,#3007,#1843,.T.);
#4434=EDGE_CURVE('',#3383,#3005,#1844,.T.);
#4435=EDGE_CURVE('',#3418,#3000,#1845,.T.);
#4436=EDGE_CURVE('',#3420,#2999,#1846,.T.);
#4437=EDGE_CURVE('',#3419,#2997,#1847,.T.);
#4438=EDGE_CURVE('',#3454,#2996,#1848,.T.);
#4439=EDGE_CURVE('',#3456,#2995,#1849,.T.);
#4440=EDGE_CURVE('',#3455,#2993,#1850,.T.);
#4441=EDGE_CURVE('',#3490,#2992,#1851,.T.);
#4442=EDGE_CURVE('',#3492,#2991,#1852,.T.);
#4443=EDGE_CURVE('',#3491,#2989,#1853,.T.);
#4444=EDGE_CURVE('',#3061,#3014,#1854,.T.);
#4445=EDGE_CURVE('',#3277,#3010,#1855,.T.);
#4446=EDGE_CURVE('',#3385,#3006,#1856,.T.);
#4447=EDGE_CURVE('',#3169,#3002,#1857,.T.);
#4448=EDGE_CURVE('',#3421,#2998,#1858,.T.);
#4449=EDGE_CURVE('',#3457,#2994,#1859,.T.);
#4450=EDGE_CURVE('',#3493,#2990,#1860,.T.);
#4451=EDGE_CURVE('',#3241,#2986,#1861,.T.);
#4452=EDGE_CURVE('',#3097,#2982,#1862,.T.);
#4453=EDGE_CURVE('',#3133,#2978,#1863,.T.);
#4454=EDGE_CURVE('',#3349,#2974,#1864,.T.);
#4455=EDGE_CURVE('',#3205,#2970,#1865,.T.);
#4456=EDGE_CURVE('',#3313,#2966,#1866,.T.);
#4457=EDGE_CURVE('',#3494,#3495,#1867,.T.);
#4458=EDGE_CURVE('',#3494,#2961,#1868,.T.);
#4459=EDGE_CURVE('',#3495,#2960,#1869,.T.);
#4460=EDGE_CURVE('',#3496,#3494,#1870,.T.);
#4461=EDGE_CURVE('',#3496,#2962,#1871,.T.);
#4462=EDGE_CURVE('',#3497,#3496,#1872,.T.);
#4463=EDGE_CURVE('',#3497,#2963,#1873,.T.);
#4464=EDGE_CURVE('',#3498,#3497,#1874,.T.);
#4465=EDGE_CURVE('',#3498,#2964,#1875,.T.);
#4466=EDGE_CURVE('',#3495,#3498,#1876,.T.);
#4467=EDGE_CURVE('',#2948,#3021,#1877,.T.);
#4468=EDGE_CURVE('',#3499,#3500,#133,.T.);
#4469=EDGE_CURVE('',#3499,#3501,#1878,.T.);
#4470=EDGE_CURVE('',#3501,#3502,#134,.T.);
#4471=EDGE_CURVE('',#3502,#3500,#1879,.T.);
#4472=EDGE_CURVE('',#3503,#3499,#1880,.T.);
#4473=EDGE_CURVE('',#3504,#3503,#1881,.T.);
#4474=EDGE_CURVE('',#3501,#3504,#1882,.T.);
#4475=EDGE_CURVE('',#3505,#3506,#135,.T.);
#4476=EDGE_CURVE('',#3505,#3507,#1883,.T.);
#4477=EDGE_CURVE('',#3507,#3508,#136,.T.);
#4478=EDGE_CURVE('',#3508,#3506,#1884,.T.);
#4479=EDGE_CURVE('',#3500,#3505,#1885,.T.);
#4480=EDGE_CURVE('',#3506,#3509,#1886,.T.);
#4481=EDGE_CURVE('',#3509,#3510,#137,.T.);
#4482=EDGE_CURVE('',#3510,#3511,#1887,.T.);
#4483=EDGE_CURVE('',#3511,#3503,#138,.T.);
#4484=EDGE_CURVE('',#3512,#3508,#1888,.T.);
#4485=EDGE_CURVE('',#3509,#3512,#1889,.T.);
#4486=EDGE_CURVE('',#3512,#3513,#139,.T.);
#4487=EDGE_CURVE('',#3513,#3510,#1890,.T.);
#4488=EDGE_CURVE('',#3511,#3514,#1891,.T.);
#4489=EDGE_CURVE('',#3514,#3504,#140,.T.);
#4490=EDGE_CURVE('',#3515,#3516,#141,.T.);
#4491=EDGE_CURVE('',#3516,#3517,#1892,.T.);
#4492=EDGE_CURVE('',#3517,#3518,#32,.T.);
#4493=EDGE_CURVE('',#3518,#3515,#1893,.T.);
#4494=EDGE_CURVE('',#3517,#3519,#1894,.T.);
#4495=EDGE_CURVE('',#3520,#3519,#33,.T.);
#4496=EDGE_CURVE('',#3520,#3521,#1895,.T.);
#4497=EDGE_CURVE('',#3522,#3521,#34,.T.);
#4498=EDGE_CURVE('',#3522,#3523,#1896,.T.);
#4499=EDGE_CURVE('',#3524,#3523,#35,.T.);
#4500=EDGE_CURVE('',#3518,#3524,#1897,.T.);
#4501=EDGE_CURVE('',#3525,#3516,#1898,.T.);
#4502=EDGE_CURVE('',#3519,#3525,#1899,.T.);
#4503=EDGE_CURVE('',#3525,#3526,#142,.T.);
#4504=EDGE_CURVE('',#3526,#3520,#1900,.T.);
#4505=EDGE_CURVE('',#3527,#3528,#1901,.T.);
#4506=EDGE_CURVE('',#3528,#3529,#143,.T.);
#4507=EDGE_CURVE('',#3529,#3530,#1902,.T.);
#4508=EDGE_CURVE('',#3530,#3527,#36,.T.);
#4509=EDGE_CURVE('',#3530,#3522,#1903,.T.);
#4510=EDGE_CURVE('',#3521,#3527,#1904,.T.);
#4511=EDGE_CURVE('',#3530,#3531,#1905,.T.);
#4512=EDGE_CURVE('',#3523,#3531,#1906,.T.);
#4513=EDGE_CURVE('',#3532,#3529,#1907,.T.);
#4514=EDGE_CURVE('',#3531,#3532,#1908,.T.);
#4515=EDGE_CURVE('',#3533,#3534,#1909,.T.);
#4516=EDGE_CURVE('',#3534,#3535,#1910,.T.);
#4517=EDGE_CURVE('',#3535,#3536,#1911,.T.);
#4518=EDGE_CURVE('',#3536,#3533,#1912,.T.);
#4519=EDGE_CURVE('',#3515,#3537,#1913,.T.);
#4520=EDGE_CURVE('',#3532,#3537,#144,.T.);
#4521=EDGE_CURVE('',#3528,#3526,#1914,.T.);
#4522=EDGE_CURVE('',#3538,#3538,#145,.T.);
#4523=EDGE_CURVE('',#3514,#3513,#1915,.T.);
#4524=EDGE_CURVE('',#3507,#3502,#1916,.T.);
#4525=EDGE_CURVE('',#3539,#3539,#146,.T.);
#4526=EDGE_CURVE('',#3540,#3540,#147,.T.);
#4527=EDGE_CURVE('',#3541,#3541,#148,.T.);
#4528=EDGE_CURVE('',#3537,#3542,#1917,.T.);
#4529=EDGE_CURVE('',#3542,#3531,#37,.T.);
#4530=EDGE_CURVE('',#3542,#3524,#1918,.T.);
#4531=EDGE_CURVE('',#3543,#3544,#1919,.T.);
#4532=EDGE_CURVE('',#3536,#3543,#1920,.T.);
#4533=EDGE_CURVE('',#3535,#3544,#1921,.T.);
#4534=EDGE_CURVE('',#3544,#3545,#1922,.T.);
#4535=EDGE_CURVE('',#3534,#3545,#1923,.T.);
#4536=EDGE_CURVE('',#3545,#3546,#1924,.T.);
#4537=EDGE_CURVE('',#3533,#3546,#1925,.T.);
#4538=EDGE_CURVE('',#3546,#3543,#1926,.T.);
#4539=EDGE_CURVE('',#3541,#3547,#1927,.T.);
#4540=EDGE_CURVE('',#3547,#3547,#149,.T.);
#4541=EDGE_CURVE('',#3540,#3548,#1928,.T.);
#4542=EDGE_CURVE('',#3548,#3548,#150,.T.);
#4543=EDGE_CURVE('',#3539,#3549,#1929,.T.);
#4544=EDGE_CURVE('',#3549,#3549,#151,.T.);
#4545=EDGE_CURVE('',#3538,#3550,#1930,.T.);
#4546=EDGE_CURVE('',#3550,#3550,#152,.T.);
#4547=EDGE_CURVE('',#3551,#3552,#1931,.T.);
#4548=EDGE_CURVE('',#3553,#3551,#1932,.T.);
#4549=EDGE_CURVE('',#3554,#3553,#1933,.T.);
#4550=EDGE_CURVE('',#3552,#3554,#1934,.T.);
#4551=EDGE_CURVE('',#3553,#3555,#1935,.T.);
#4552=EDGE_CURVE('',#3556,#3555,#1936,.T.);
#4553=EDGE_CURVE('',#3554,#3556,#1937,.T.);
#4554=EDGE_CURVE('',#3551,#3557,#1938,.T.);
#4555=EDGE_CURVE('',#3555,#3557,#1939,.T.);
#4556=EDGE_CURVE('',#3552,#3558,#1940,.T.);
#4557=EDGE_CURVE('',#3557,#3558,#1941,.T.);
#4558=EDGE_CURVE('',#3558,#3556,#1942,.T.);
#4559=EDGE_CURVE('',#3559,#3560,#153,.T.);
#4560=EDGE_CURVE('',#3560,#3561,#1943,.T.);
#4561=EDGE_CURVE('',#3561,#3562,#154,.T.);
#4562=EDGE_CURVE('',#3562,#3559,#1944,.T.);
#4563=EDGE_CURVE('',#3559,#3563,#18,.T.);
#4564=EDGE_CURVE('',#3563,#3564,#155,.T.);
#4565=EDGE_CURVE('',#3564,#3560,#1945,.T.);
#4566=EDGE_CURVE('',#3565,#3566,#156,.T.);
#4567=EDGE_CURVE('',#3566,#3567,#1946,.T.);
#4568=EDGE_CURVE('',#3567,#3568,#157,.T.);
#4569=EDGE_CURVE('',#3568,#3565,#1947,.T.);
#4570=EDGE_CURVE('',#3569,#3568,#19,.T.);
#4571=EDGE_CURVE('',#3567,#3570,#1948,.T.);
#4572=EDGE_CURVE('',#3570,#3569,#158,.T.);
#4573=EDGE_CURVE('',#3563,#3571,#20,.T.);
#4574=EDGE_CURVE('',#3571,#3569,#21,.T.);
#4575=EDGE_CURVE('',#3570,#3564,#159,.T.);
#4576=EDGE_CURVE('',#3565,#3572,#22,.T.);
#4577=EDGE_CURVE('',#3572,#3573,#160,.T.);
#4578=EDGE_CURVE('',#3573,#3566,#1949,.T.);
#4579=EDGE_CURVE('',#3574,#3575,#161,.T.);
#4580=EDGE_CURVE('',#3575,#3576,#1950,.T.);
#4581=EDGE_CURVE('',#3576,#3577,#162,.T.);
#4582=EDGE_CURVE('',#3577,#3574,#1951,.T.);
#4583=EDGE_CURVE('',#3578,#3577,#23,.T.);
#4584=EDGE_CURVE('',#3576,#3579,#1952,.T.);
#4585=EDGE_CURVE('',#3579,#3578,#163,.T.);
#4586=EDGE_CURVE('',#3572,#3580,#24,.T.);
#4587=EDGE_CURVE('',#3580,#3578,#25,.T.);
#4588=EDGE_CURVE('',#3579,#3573,#164,.T.);
#4589=EDGE_CURVE('',#3574,#3581,#26,.T.);
#4590=EDGE_CURVE('',#3581,#3582,#165,.T.);
#4591=EDGE_CURVE('',#3582,#3575,#1953,.T.);
#4592=EDGE_CURVE('',#3583,#3584,#166,.T.);
#4593=EDGE_CURVE('',#3584,#3585,#1954,.T.);
#4594=EDGE_CURVE('',#3585,#3586,#167,.T.);
#4595=EDGE_CURVE('',#3586,#3583,#1955,.T.);
#4596=EDGE_CURVE('',#3587,#3586,#27,.T.);
#4597=EDGE_CURVE('',#3585,#3588,#1956,.T.);
#4598=EDGE_CURVE('',#3588,#3587,#168,.T.);
#4599=EDGE_CURVE('',#3581,#3587,#28,.T.);
#4600=EDGE_CURVE('',#3588,#3582,#169,.T.);
#4601=EDGE_CURVE('',#3583,#3589,#29,.T.);
#4602=EDGE_CURVE('',#3589,#3590,#170,.T.);
#4603=EDGE_CURVE('',#3590,#3584,#1957,.T.);
#4604=EDGE_CURVE('',#3591,#3562,#30,.T.);
#4605=EDGE_CURVE('',#3561,#3592,#1958,.T.);
#4606=EDGE_CURVE('',#3592,#3591,#171,.T.);
#4607=EDGE_CURVE('',#3589,#3591,#31,.T.);
#4608=EDGE_CURVE('',#3592,#3590,#172,.T.);
#4609=EDGE_CURVE('',#3571,#3593,#1959,.T.);
#4610=EDGE_CURVE('',#3593,#3593,#173,.T.);
#4611=EDGE_CURVE('',#3568,#3559,#174,.T.);
#4612=EDGE_CURVE('',#3594,#3583,#175,.T.);
#4613=EDGE_CURVE('',#3594,#3595,#1960,.T.);
#4614=EDGE_CURVE('',#3595,#3595,#176,.T.);
#4615=EDGE_CURVE('',#3562,#3594,#177,.T.);
#4616=EDGE_CURVE('',#3596,#3596,#178,.T.);
#4617=EDGE_CURVE('',#3597,#3597,#179,.T.);
#4618=EDGE_CURVE('',#3598,#3599,#1961,.T.);
#4619=EDGE_CURVE('',#3600,#3598,#1962,.T.);
#4620=EDGE_CURVE('',#3601,#3600,#1963,.T.);
#4621=EDGE_CURVE('',#3599,#3601,#1964,.T.);
#4622=EDGE_CURVE('',#3602,#3603,#1965,.T.);
#4623=EDGE_CURVE('',#3604,#3602,#1966,.T.);
#4624=EDGE_CURVE('',#3605,#3604,#1967,.T.);
#4625=EDGE_CURVE('',#3603,#3605,#1968,.T.);
#4626=EDGE_CURVE('',#3606,#3606,#180,.T.);
#4627=EDGE_CURVE('',#3596,#3607,#1969,.T.);
#4628=EDGE_CURVE('',#3607,#3607,#181,.T.);
#4629=EDGE_CURVE('',#3577,#3565,#182,.T.);
#4630=EDGE_CURVE('',#3580,#3606,#1970,.T.);
#4631=EDGE_CURVE('',#3602,#3608,#1971,.T.);
#4632=EDGE_CURVE('',#3609,#3608,#1972,.T.);
#4633=EDGE_CURVE('',#3604,#3609,#1973,.T.);
#4634=EDGE_CURVE('',#3610,#3609,#1974,.T.);
#4635=EDGE_CURVE('',#3605,#3610,#1975,.T.);
#4636=EDGE_CURVE('',#3611,#3610,#1976,.T.);
#4637=EDGE_CURVE('',#3603,#3611,#1977,.T.);
#4638=EDGE_CURVE('',#3608,#3611,#1978,.T.);
#4639=EDGE_CURVE('',#3598,#3612,#1979,.T.);
#4640=EDGE_CURVE('',#3613,#3612,#1980,.T.);
#4641=EDGE_CURVE('',#3600,#3613,#1981,.T.);
#4642=EDGE_CURVE('',#3614,#3613,#1982,.T.);
#4643=EDGE_CURVE('',#3601,#3614,#1983,.T.);
#4644=EDGE_CURVE('',#3615,#3614,#1984,.T.);
#4645=EDGE_CURVE('',#3599,#3615,#1985,.T.);
#4646=EDGE_CURVE('',#3612,#3615,#1986,.T.);
#4647=EDGE_CURVE('',#3616,#3574,#183,.T.);
#4648=EDGE_CURVE('',#3616,#3597,#1987,.T.);
#4649=EDGE_CURVE('',#3586,#3616,#184,.T.);
#4650=EDGE_CURVE('',#3617,#3617,#185,.T.);
#4651=EDGE_CURVE('',#3617,#3618,#1988,.T.);
#4652=EDGE_CURVE('',#3618,#3618,#186,.T.);
#4653=EDGE_CURVE('',#3619,#3619,#187,.T.);
#4654=EDGE_CURVE('',#3620,#3620,#188,.T.);
#4655=EDGE_CURVE('',#3621,#3622,#1989,.T.);
#4656=EDGE_CURVE('',#3622,#3621,#189,.T.);
#4657=EDGE_CURVE('',#3623,#3622,#1990,.T.);
#4658=EDGE_CURVE('',#3623,#3624,#1991,.T.);
#4659=EDGE_CURVE('',#3624,#3621,#1992,.T.);
#4660=EDGE_CURVE('',#3624,#3623,#190,.T.);
#4661=EDGE_CURVE('',#3620,#3619,#1993,.T.);
#4662=ORIENTED_EDGE('',*,*,#3625,.F.);
#4663=ORIENTED_EDGE('',*,*,#3626,.T.);
#4664=ORIENTED_EDGE('',*,*,#3627,.F.);
#4665=ORIENTED_EDGE('',*,*,#3628,.F.);
#4666=ORIENTED_EDGE('',*,*,#3629,.F.);
#4667=ORIENTED_EDGE('',*,*,#3628,.T.);
#4668=ORIENTED_EDGE('',*,*,#3630,.F.);
#4669=ORIENTED_EDGE('',*,*,#3631,.F.);
#4670=ORIENTED_EDGE('',*,*,#3632,.F.);
#4671=ORIENTED_EDGE('',*,*,#3631,.T.);
#4672=ORIENTED_EDGE('',*,*,#3633,.F.);
#4673=ORIENTED_EDGE('',*,*,#3634,.F.);
#4674=ORIENTED_EDGE('',*,*,#3635,.F.);
#4675=ORIENTED_EDGE('',*,*,#3634,.T.);
#4676=ORIENTED_EDGE('',*,*,#3636,.F.);
#4677=ORIENTED_EDGE('',*,*,#3626,.F.);
#4678=ORIENTED_EDGE('',*,*,#3637,.T.);
#4679=ORIENTED_EDGE('',*,*,#3638,.T.);
#4680=ORIENTED_EDGE('',*,*,#3639,.T.);
#4681=ORIENTED_EDGE('',*,*,#3640,.T.);
#4682=ORIENTED_EDGE('',*,*,#3638,.F.);
#4683=ORIENTED_EDGE('',*,*,#3641,.F.);
#4684=ORIENTED_EDGE('',*,*,#3642,.F.);
#4685=ORIENTED_EDGE('',*,*,#3643,.T.);
#4686=ORIENTED_EDGE('',*,*,#3637,.F.);
#4687=ORIENTED_EDGE('',*,*,#3644,.T.);
#4688=ORIENTED_EDGE('',*,*,#3645,.F.);
#4689=ORIENTED_EDGE('',*,*,#3646,.T.);
#4690=ORIENTED_EDGE('',*,*,#3647,.F.);
#4691=ORIENTED_EDGE('',*,*,#3648,.T.);
#4692=ORIENTED_EDGE('',*,*,#3649,.F.);
#4693=ORIENTED_EDGE('',*,*,#3641,.T.);
#4694=ORIENTED_EDGE('',*,*,#3650,.T.);
#4695=ORIENTED_EDGE('',*,*,#3651,.T.);
#4696=ORIENTED_EDGE('',*,*,#3652,.T.);
#4697=ORIENTED_EDGE('',*,*,#3653,.T.);
#4698=ORIENTED_EDGE('',*,*,#3654,.T.);
#4699=ORIENTED_EDGE('',*,*,#3655,.T.);
#4700=ORIENTED_EDGE('',*,*,#3656,.T.);
#4701=ORIENTED_EDGE('',*,*,#3657,.T.);
#4702=ORIENTED_EDGE('',*,*,#3658,.T.);
#4703=ORIENTED_EDGE('',*,*,#3659,.T.);
#4704=ORIENTED_EDGE('',*,*,#3660,.T.);
#4705=ORIENTED_EDGE('',*,*,#3661,.T.);
#4706=ORIENTED_EDGE('',*,*,#3662,.T.);
#4707=ORIENTED_EDGE('',*,*,#3663,.T.);
#4708=ORIENTED_EDGE('',*,*,#3664,.T.);
#4709=ORIENTED_EDGE('',*,*,#3665,.T.);
#4710=ORIENTED_EDGE('',*,*,#3666,.T.);
#4711=ORIENTED_EDGE('',*,*,#3667,.T.);
#4712=ORIENTED_EDGE('',*,*,#3668,.T.);
#4713=ORIENTED_EDGE('',*,*,#3669,.T.);
#4714=ORIENTED_EDGE('',*,*,#3670,.T.);
#4715=ORIENTED_EDGE('',*,*,#3671,.T.);
#4716=ORIENTED_EDGE('',*,*,#3672,.T.);
#4717=ORIENTED_EDGE('',*,*,#3673,.T.);
#4718=ORIENTED_EDGE('',*,*,#3674,.T.);
#4719=ORIENTED_EDGE('',*,*,#3675,.T.);
#4720=ORIENTED_EDGE('',*,*,#3676,.T.);
#4721=ORIENTED_EDGE('',*,*,#3677,.T.);
#4722=ORIENTED_EDGE('',*,*,#3678,.T.);
#4723=ORIENTED_EDGE('',*,*,#3679,.T.);
#4724=ORIENTED_EDGE('',*,*,#3680,.T.);
#4725=ORIENTED_EDGE('',*,*,#3681,.T.);
#4726=ORIENTED_EDGE('',*,*,#3682,.T.);
#4727=ORIENTED_EDGE('',*,*,#3683,.T.);
#4728=ORIENTED_EDGE('',*,*,#3684,.T.);
#4729=ORIENTED_EDGE('',*,*,#3685,.T.);
#4730=ORIENTED_EDGE('',*,*,#3686,.T.);
#4731=ORIENTED_EDGE('',*,*,#3687,.T.);
#4732=ORIENTED_EDGE('',*,*,#3688,.T.);
#4733=ORIENTED_EDGE('',*,*,#3689,.T.);
#4734=ORIENTED_EDGE('',*,*,#3690,.T.);
#4735=ORIENTED_EDGE('',*,*,#3691,.T.);
#4736=ORIENTED_EDGE('',*,*,#3692,.T.);
#4737=ORIENTED_EDGE('',*,*,#3693,.T.);
#4738=ORIENTED_EDGE('',*,*,#3694,.T.);
#4739=ORIENTED_EDGE('',*,*,#3695,.T.);
#4740=ORIENTED_EDGE('',*,*,#3696,.T.);
#4741=ORIENTED_EDGE('',*,*,#3697,.T.);
#4742=ORIENTED_EDGE('',*,*,#3698,.T.);
#4743=ORIENTED_EDGE('',*,*,#3699,.T.);
#4744=ORIENTED_EDGE('',*,*,#3700,.T.);
#4745=ORIENTED_EDGE('',*,*,#3701,.T.);
#4746=ORIENTED_EDGE('',*,*,#3702,.T.);
#4747=ORIENTED_EDGE('',*,*,#3703,.T.);
#4748=ORIENTED_EDGE('',*,*,#3704,.T.);
#4749=ORIENTED_EDGE('',*,*,#3705,.T.);
#4750=ORIENTED_EDGE('',*,*,#3706,.T.);
#4751=ORIENTED_EDGE('',*,*,#3707,.T.);
#4752=ORIENTED_EDGE('',*,*,#3708,.T.);
#4753=ORIENTED_EDGE('',*,*,#3709,.T.);
#4754=ORIENTED_EDGE('',*,*,#3710,.T.);
#4755=ORIENTED_EDGE('',*,*,#3632,.T.);
#4756=ORIENTED_EDGE('',*,*,#3635,.T.);
#4757=ORIENTED_EDGE('',*,*,#3625,.T.);
#4758=ORIENTED_EDGE('',*,*,#3629,.T.);
#4759=ORIENTED_EDGE('',*,*,#3649,.T.);
#4760=ORIENTED_EDGE('',*,*,#3711,.T.);
#4761=ORIENTED_EDGE('',*,*,#3712,.T.);
#4762=ORIENTED_EDGE('',*,*,#3642,.T.);
#4763=ORIENTED_EDGE('',*,*,#3711,.F.);
#4764=ORIENTED_EDGE('',*,*,#3648,.F.);
#4765=ORIENTED_EDGE('',*,*,#3713,.F.);
#4766=ORIENTED_EDGE('',*,*,#3714,.T.);
#4767=ORIENTED_EDGE('',*,*,#3647,.T.);
#4768=ORIENTED_EDGE('',*,*,#3715,.T.);
#4769=ORIENTED_EDGE('',*,*,#3716,.T.);
#4770=ORIENTED_EDGE('',*,*,#3713,.T.);
#4771=ORIENTED_EDGE('',*,*,#3715,.F.);
#4772=ORIENTED_EDGE('',*,*,#3646,.F.);
#4773=ORIENTED_EDGE('',*,*,#3717,.F.);
#4774=ORIENTED_EDGE('',*,*,#3718,.T.);
#4775=ORIENTED_EDGE('',*,*,#3645,.T.);
#4776=ORIENTED_EDGE('',*,*,#3719,.T.);
#4777=ORIENTED_EDGE('',*,*,#3720,.T.);
#4778=ORIENTED_EDGE('',*,*,#3717,.T.);
#4779=ORIENTED_EDGE('',*,*,#3721,.F.);
#4780=ORIENTED_EDGE('',*,*,#3722,.T.);
#4781=ORIENTED_EDGE('',*,*,#3650,.F.);
#4782=ORIENTED_EDGE('',*,*,#3722,.F.);
#4783=ORIENTED_EDGE('',*,*,#3723,.F.);
#4784=ORIENTED_EDGE('',*,*,#3724,.T.);
#4785=ORIENTED_EDGE('',*,*,#3651,.F.);
#4786=ORIENTED_EDGE('',*,*,#3724,.F.);
#4787=ORIENTED_EDGE('',*,*,#3725,.F.);
#4788=ORIENTED_EDGE('',*,*,#3726,.T.);
#4789=ORIENTED_EDGE('',*,*,#3652,.F.);
#4790=ORIENTED_EDGE('',*,*,#3726,.F.);
#4791=ORIENTED_EDGE('',*,*,#3727,.F.);
#4792=ORIENTED_EDGE('',*,*,#3728,.T.);
#4793=ORIENTED_EDGE('',*,*,#3653,.F.);
#4794=ORIENTED_EDGE('',*,*,#3728,.F.);
#4795=ORIENTED_EDGE('',*,*,#3729,.F.);
#4796=ORIENTED_EDGE('',*,*,#3730,.T.);
#4797=ORIENTED_EDGE('',*,*,#3731,.T.);
#4798=ORIENTED_EDGE('',*,*,#3732,.F.);
#4799=ORIENTED_EDGE('',*,*,#3733,.F.);
#4800=ORIENTED_EDGE('',*,*,#3734,.T.);
#4801=ORIENTED_EDGE('',*,*,#3735,.T.);
#4802=ORIENTED_EDGE('',*,*,#3730,.F.);
#4803=ORIENTED_EDGE('',*,*,#3736,.F.);
#4804=ORIENTED_EDGE('',*,*,#3737,.T.);
#4805=ORIENTED_EDGE('',*,*,#3738,.T.);
#4806=ORIENTED_EDGE('',*,*,#3734,.F.);
#4807=ORIENTED_EDGE('',*,*,#3739,.F.);
#4808=ORIENTED_EDGE('',*,*,#3740,.T.);
#4809=ORIENTED_EDGE('',*,*,#3741,.T.);
#4810=ORIENTED_EDGE('',*,*,#3737,.F.);
#4811=ORIENTED_EDGE('',*,*,#3742,.F.);
#4812=ORIENTED_EDGE('',*,*,#3743,.T.);
#4813=ORIENTED_EDGE('',*,*,#3744,.T.);
#4814=ORIENTED_EDGE('',*,*,#3740,.F.);
#4815=ORIENTED_EDGE('',*,*,#3745,.F.);
#4816=ORIENTED_EDGE('',*,*,#3746,.T.);
#4817=ORIENTED_EDGE('',*,*,#3747,.T.);
#4818=ORIENTED_EDGE('',*,*,#3743,.F.);
#4819=ORIENTED_EDGE('',*,*,#3748,.F.);
#4820=ORIENTED_EDGE('',*,*,#3749,.T.);
#4821=ORIENTED_EDGE('',*,*,#3750,.T.);
#4822=ORIENTED_EDGE('',*,*,#3746,.F.);
#4823=ORIENTED_EDGE('',*,*,#3751,.F.);
#4824=ORIENTED_EDGE('',*,*,#3752,.T.);
#4825=ORIENTED_EDGE('',*,*,#3753,.T.);
#4826=ORIENTED_EDGE('',*,*,#3749,.F.);
#4827=ORIENTED_EDGE('',*,*,#3754,.F.);
#4828=ORIENTED_EDGE('',*,*,#3755,.T.);
#4829=ORIENTED_EDGE('',*,*,#3756,.T.);
#4830=ORIENTED_EDGE('',*,*,#3752,.F.);
#4831=ORIENTED_EDGE('',*,*,#3757,.F.);
#4832=ORIENTED_EDGE('',*,*,#3758,.T.);
#4833=ORIENTED_EDGE('',*,*,#3759,.T.);
#4834=ORIENTED_EDGE('',*,*,#3755,.F.);
#4835=ORIENTED_EDGE('',*,*,#3760,.F.);
#4836=ORIENTED_EDGE('',*,*,#3761,.T.);
#4837=ORIENTED_EDGE('',*,*,#3762,.T.);
#4838=ORIENTED_EDGE('',*,*,#3758,.F.);
#4839=ORIENTED_EDGE('',*,*,#3763,.F.);
#4840=ORIENTED_EDGE('',*,*,#3764,.T.);
#4841=ORIENTED_EDGE('',*,*,#3765,.T.);
#4842=ORIENTED_EDGE('',*,*,#3761,.F.);
#4843=ORIENTED_EDGE('',*,*,#3766,.F.);
#4844=ORIENTED_EDGE('',*,*,#3767,.T.);
#4845=ORIENTED_EDGE('',*,*,#3768,.T.);
#4846=ORIENTED_EDGE('',*,*,#3764,.F.);
#4847=ORIENTED_EDGE('',*,*,#3769,.F.);
#4848=ORIENTED_EDGE('',*,*,#3770,.T.);
#4849=ORIENTED_EDGE('',*,*,#3771,.T.);
#4850=ORIENTED_EDGE('',*,*,#3767,.F.);
#4851=ORIENTED_EDGE('',*,*,#3772,.F.);
#4852=ORIENTED_EDGE('',*,*,#3773,.T.);
#4853=ORIENTED_EDGE('',*,*,#3774,.T.);
#4854=ORIENTED_EDGE('',*,*,#3770,.F.);
#4855=ORIENTED_EDGE('',*,*,#3775,.F.);
#4856=ORIENTED_EDGE('',*,*,#3732,.T.);
#4857=ORIENTED_EDGE('',*,*,#3776,.T.);
#4858=ORIENTED_EDGE('',*,*,#3773,.F.);
#4859=ORIENTED_EDGE('',*,*,#3776,.F.);
#4860=ORIENTED_EDGE('',*,*,#3731,.F.);
#4861=ORIENTED_EDGE('',*,*,#3735,.F.);
#4862=ORIENTED_EDGE('',*,*,#3738,.F.);
#4863=ORIENTED_EDGE('',*,*,#3741,.F.);
#4864=ORIENTED_EDGE('',*,*,#3744,.F.);
#4865=ORIENTED_EDGE('',*,*,#3747,.F.);
#4866=ORIENTED_EDGE('',*,*,#3750,.F.);
#4867=ORIENTED_EDGE('',*,*,#3753,.F.);
#4868=ORIENTED_EDGE('',*,*,#3756,.F.);
#4869=ORIENTED_EDGE('',*,*,#3759,.F.);
#4870=ORIENTED_EDGE('',*,*,#3762,.F.);
#4871=ORIENTED_EDGE('',*,*,#3765,.F.);
#4872=ORIENTED_EDGE('',*,*,#3768,.F.);
#4873=ORIENTED_EDGE('',*,*,#3771,.F.);
#4874=ORIENTED_EDGE('',*,*,#3774,.F.);
#4875=ORIENTED_EDGE('',*,*,#3777,.F.);
#4876=ORIENTED_EDGE('',*,*,#3778,.F.);
#4877=ORIENTED_EDGE('',*,*,#3779,.F.);
#4878=ORIENTED_EDGE('',*,*,#3780,.F.);
#4879=ORIENTED_EDGE('',*,*,#3781,.F.);
#4880=ORIENTED_EDGE('',*,*,#3782,.T.);
#4881=ORIENTED_EDGE('',*,*,#3783,.T.);
#4882=ORIENTED_EDGE('',*,*,#3784,.F.);
#4883=ORIENTED_EDGE('',*,*,#3785,.F.);
#4884=ORIENTED_EDGE('',*,*,#3786,.T.);
#4885=ORIENTED_EDGE('',*,*,#3787,.T.);
#4886=ORIENTED_EDGE('',*,*,#3782,.F.);
#4887=ORIENTED_EDGE('',*,*,#3788,.F.);
#4888=ORIENTED_EDGE('',*,*,#3789,.T.);
#4889=ORIENTED_EDGE('',*,*,#3790,.T.);
#4890=ORIENTED_EDGE('',*,*,#3786,.F.);
#4891=ORIENTED_EDGE('',*,*,#3791,.F.);
#4892=ORIENTED_EDGE('',*,*,#3792,.T.);
#4893=ORIENTED_EDGE('',*,*,#3793,.T.);
#4894=ORIENTED_EDGE('',*,*,#3789,.F.);
#4895=ORIENTED_EDGE('',*,*,#3794,.F.);
#4896=ORIENTED_EDGE('',*,*,#3795,.T.);
#4897=ORIENTED_EDGE('',*,*,#3796,.T.);
#4898=ORIENTED_EDGE('',*,*,#3792,.F.);
#4899=ORIENTED_EDGE('',*,*,#3797,.F.);
#4900=ORIENTED_EDGE('',*,*,#3798,.T.);
#4901=ORIENTED_EDGE('',*,*,#3799,.T.);
#4902=ORIENTED_EDGE('',*,*,#3795,.F.);
#4903=ORIENTED_EDGE('',*,*,#3800,.F.);
#4904=ORIENTED_EDGE('',*,*,#3801,.T.);
#4905=ORIENTED_EDGE('',*,*,#3802,.T.);
#4906=ORIENTED_EDGE('',*,*,#3798,.F.);
#4907=ORIENTED_EDGE('',*,*,#3803,.F.);
#4908=ORIENTED_EDGE('',*,*,#3804,.T.);
#4909=ORIENTED_EDGE('',*,*,#3805,.T.);
#4910=ORIENTED_EDGE('',*,*,#3801,.F.);
#4911=ORIENTED_EDGE('',*,*,#3806,.F.);
#4912=ORIENTED_EDGE('',*,*,#3807,.T.);
#4913=ORIENTED_EDGE('',*,*,#3808,.T.);
#4914=ORIENTED_EDGE('',*,*,#3804,.F.);
#4915=ORIENTED_EDGE('',*,*,#3809,.F.);
#4916=ORIENTED_EDGE('',*,*,#3810,.T.);
#4917=ORIENTED_EDGE('',*,*,#3811,.T.);
#4918=ORIENTED_EDGE('',*,*,#3807,.F.);
#4919=ORIENTED_EDGE('',*,*,#3812,.F.);
#4920=ORIENTED_EDGE('',*,*,#3813,.T.);
#4921=ORIENTED_EDGE('',*,*,#3814,.T.);
#4922=ORIENTED_EDGE('',*,*,#3810,.F.);
#4923=ORIENTED_EDGE('',*,*,#3815,.F.);
#4924=ORIENTED_EDGE('',*,*,#3816,.T.);
#4925=ORIENTED_EDGE('',*,*,#3817,.T.);
#4926=ORIENTED_EDGE('',*,*,#3813,.F.);
#4927=ORIENTED_EDGE('',*,*,#3818,.F.);
#4928=ORIENTED_EDGE('',*,*,#3819,.T.);
#4929=ORIENTED_EDGE('',*,*,#3820,.T.);
#4930=ORIENTED_EDGE('',*,*,#3816,.F.);
#4931=ORIENTED_EDGE('',*,*,#3821,.F.);
#4932=ORIENTED_EDGE('',*,*,#3822,.T.);
#4933=ORIENTED_EDGE('',*,*,#3823,.T.);
#4934=ORIENTED_EDGE('',*,*,#3819,.F.);
#4935=ORIENTED_EDGE('',*,*,#3824,.F.);
#4936=ORIENTED_EDGE('',*,*,#3825,.T.);
#4937=ORIENTED_EDGE('',*,*,#3826,.T.);
#4938=ORIENTED_EDGE('',*,*,#3822,.F.);
#4939=ORIENTED_EDGE('',*,*,#3827,.F.);
#4940=ORIENTED_EDGE('',*,*,#3784,.T.);
#4941=ORIENTED_EDGE('',*,*,#3828,.T.);
#4942=ORIENTED_EDGE('',*,*,#3825,.F.);
#4943=ORIENTED_EDGE('',*,*,#3828,.F.);
#4944=ORIENTED_EDGE('',*,*,#3783,.F.);
#4945=ORIENTED_EDGE('',*,*,#3787,.F.);
#4946=ORIENTED_EDGE('',*,*,#3790,.F.);
#4947=ORIENTED_EDGE('',*,*,#3793,.F.);
#4948=ORIENTED_EDGE('',*,*,#3796,.F.);
#4949=ORIENTED_EDGE('',*,*,#3799,.F.);
#4950=ORIENTED_EDGE('',*,*,#3802,.F.);
#4951=ORIENTED_EDGE('',*,*,#3805,.F.);
#4952=ORIENTED_EDGE('',*,*,#3808,.F.);
#4953=ORIENTED_EDGE('',*,*,#3811,.F.);
#4954=ORIENTED_EDGE('',*,*,#3814,.F.);
#4955=ORIENTED_EDGE('',*,*,#3817,.F.);
#4956=ORIENTED_EDGE('',*,*,#3820,.F.);
#4957=ORIENTED_EDGE('',*,*,#3823,.F.);
#4958=ORIENTED_EDGE('',*,*,#3826,.F.);
#4959=ORIENTED_EDGE('',*,*,#3829,.F.);
#4960=ORIENTED_EDGE('',*,*,#3830,.F.);
#4961=ORIENTED_EDGE('',*,*,#3831,.F.);
#4962=ORIENTED_EDGE('',*,*,#3832,.F.);
#4963=ORIENTED_EDGE('',*,*,#3833,.F.);
#4964=ORIENTED_EDGE('',*,*,#3834,.T.);
#4965=ORIENTED_EDGE('',*,*,#3835,.T.);
#4966=ORIENTED_EDGE('',*,*,#3836,.F.);
#4967=ORIENTED_EDGE('',*,*,#3837,.F.);
#4968=ORIENTED_EDGE('',*,*,#3838,.T.);
#4969=ORIENTED_EDGE('',*,*,#3839,.T.);
#4970=ORIENTED_EDGE('',*,*,#3834,.F.);
#4971=ORIENTED_EDGE('',*,*,#3840,.F.);
#4972=ORIENTED_EDGE('',*,*,#3841,.T.);
#4973=ORIENTED_EDGE('',*,*,#3842,.T.);
#4974=ORIENTED_EDGE('',*,*,#3838,.F.);
#4975=ORIENTED_EDGE('',*,*,#3843,.F.);
#4976=ORIENTED_EDGE('',*,*,#3844,.T.);
#4977=ORIENTED_EDGE('',*,*,#3845,.T.);
#4978=ORIENTED_EDGE('',*,*,#3841,.F.);
#4979=ORIENTED_EDGE('',*,*,#3846,.F.);
#4980=ORIENTED_EDGE('',*,*,#3847,.T.);
#4981=ORIENTED_EDGE('',*,*,#3848,.T.);
#4982=ORIENTED_EDGE('',*,*,#3844,.F.);
#4983=ORIENTED_EDGE('',*,*,#3849,.F.);
#4984=ORIENTED_EDGE('',*,*,#3850,.T.);
#4985=ORIENTED_EDGE('',*,*,#3851,.T.);
#4986=ORIENTED_EDGE('',*,*,#3847,.F.);
#4987=ORIENTED_EDGE('',*,*,#3852,.F.);
#4988=ORIENTED_EDGE('',*,*,#3853,.T.);
#4989=ORIENTED_EDGE('',*,*,#3854,.T.);
#4990=ORIENTED_EDGE('',*,*,#3850,.F.);
#4991=ORIENTED_EDGE('',*,*,#3855,.F.);
#4992=ORIENTED_EDGE('',*,*,#3856,.T.);
#4993=ORIENTED_EDGE('',*,*,#3857,.T.);
#4994=ORIENTED_EDGE('',*,*,#3853,.F.);
#4995=ORIENTED_EDGE('',*,*,#3858,.F.);
#4996=ORIENTED_EDGE('',*,*,#3859,.T.);
#4997=ORIENTED_EDGE('',*,*,#3860,.T.);
#4998=ORIENTED_EDGE('',*,*,#3856,.F.);
#4999=ORIENTED_EDGE('',*,*,#3861,.F.);
#5000=ORIENTED_EDGE('',*,*,#3862,.T.);
#5001=ORIENTED_EDGE('',*,*,#3863,.T.);
#5002=ORIENTED_EDGE('',*,*,#3859,.F.);
#5003=ORIENTED_EDGE('',*,*,#3864,.F.);
#5004=ORIENTED_EDGE('',*,*,#3865,.T.);
#5005=ORIENTED_EDGE('',*,*,#3866,.T.);
#5006=ORIENTED_EDGE('',*,*,#3862,.F.);
#5007=ORIENTED_EDGE('',*,*,#3867,.F.);
#5008=ORIENTED_EDGE('',*,*,#3868,.T.);
#5009=ORIENTED_EDGE('',*,*,#3869,.T.);
#5010=ORIENTED_EDGE('',*,*,#3865,.F.);
#5011=ORIENTED_EDGE('',*,*,#3870,.F.);
#5012=ORIENTED_EDGE('',*,*,#3871,.T.);
#5013=ORIENTED_EDGE('',*,*,#3872,.T.);
#5014=ORIENTED_EDGE('',*,*,#3868,.F.);
#5015=ORIENTED_EDGE('',*,*,#3873,.F.);
#5016=ORIENTED_EDGE('',*,*,#3874,.T.);
#5017=ORIENTED_EDGE('',*,*,#3875,.T.);
#5018=ORIENTED_EDGE('',*,*,#3871,.F.);
#5019=ORIENTED_EDGE('',*,*,#3876,.F.);
#5020=ORIENTED_EDGE('',*,*,#3877,.T.);
#5021=ORIENTED_EDGE('',*,*,#3878,.T.);
#5022=ORIENTED_EDGE('',*,*,#3874,.F.);
#5023=ORIENTED_EDGE('',*,*,#3879,.F.);
#5024=ORIENTED_EDGE('',*,*,#3836,.T.);
#5025=ORIENTED_EDGE('',*,*,#3880,.T.);
#5026=ORIENTED_EDGE('',*,*,#3877,.F.);
#5027=ORIENTED_EDGE('',*,*,#3880,.F.);
#5028=ORIENTED_EDGE('',*,*,#3835,.F.);
#5029=ORIENTED_EDGE('',*,*,#3839,.F.);
#5030=ORIENTED_EDGE('',*,*,#3842,.F.);
#5031=ORIENTED_EDGE('',*,*,#3845,.F.);
#5032=ORIENTED_EDGE('',*,*,#3848,.F.);
#5033=ORIENTED_EDGE('',*,*,#3851,.F.);
#5034=ORIENTED_EDGE('',*,*,#3854,.F.);
#5035=ORIENTED_EDGE('',*,*,#3857,.F.);
#5036=ORIENTED_EDGE('',*,*,#3860,.F.);
#5037=ORIENTED_EDGE('',*,*,#3863,.F.);
#5038=ORIENTED_EDGE('',*,*,#3866,.F.);
#5039=ORIENTED_EDGE('',*,*,#3869,.F.);
#5040=ORIENTED_EDGE('',*,*,#3872,.F.);
#5041=ORIENTED_EDGE('',*,*,#3875,.F.);
#5042=ORIENTED_EDGE('',*,*,#3878,.F.);
#5043=ORIENTED_EDGE('',*,*,#3881,.F.);
#5044=ORIENTED_EDGE('',*,*,#3882,.F.);
#5045=ORIENTED_EDGE('',*,*,#3883,.F.);
#5046=ORIENTED_EDGE('',*,*,#3884,.F.);
#5047=ORIENTED_EDGE('',*,*,#3885,.F.);
#5048=ORIENTED_EDGE('',*,*,#3886,.T.);
#5049=ORIENTED_EDGE('',*,*,#3887,.T.);
#5050=ORIENTED_EDGE('',*,*,#3888,.F.);
#5051=ORIENTED_EDGE('',*,*,#3889,.F.);
#5052=ORIENTED_EDGE('',*,*,#3890,.T.);
#5053=ORIENTED_EDGE('',*,*,#3891,.T.);
#5054=ORIENTED_EDGE('',*,*,#3886,.F.);
#5055=ORIENTED_EDGE('',*,*,#3892,.F.);
#5056=ORIENTED_EDGE('',*,*,#3893,.T.);
#5057=ORIENTED_EDGE('',*,*,#3894,.T.);
#5058=ORIENTED_EDGE('',*,*,#3890,.F.);
#5059=ORIENTED_EDGE('',*,*,#3895,.F.);
#5060=ORIENTED_EDGE('',*,*,#3896,.T.);
#5061=ORIENTED_EDGE('',*,*,#3897,.T.);
#5062=ORIENTED_EDGE('',*,*,#3893,.F.);
#5063=ORIENTED_EDGE('',*,*,#3898,.F.);
#5064=ORIENTED_EDGE('',*,*,#3899,.T.);
#5065=ORIENTED_EDGE('',*,*,#3900,.T.);
#5066=ORIENTED_EDGE('',*,*,#3896,.F.);
#5067=ORIENTED_EDGE('',*,*,#3901,.F.);
#5068=ORIENTED_EDGE('',*,*,#3902,.T.);
#5069=ORIENTED_EDGE('',*,*,#3903,.T.);
#5070=ORIENTED_EDGE('',*,*,#3899,.F.);
#5071=ORIENTED_EDGE('',*,*,#3904,.F.);
#5072=ORIENTED_EDGE('',*,*,#3905,.T.);
#5073=ORIENTED_EDGE('',*,*,#3906,.T.);
#5074=ORIENTED_EDGE('',*,*,#3902,.F.);
#5075=ORIENTED_EDGE('',*,*,#3907,.F.);
#5076=ORIENTED_EDGE('',*,*,#3908,.T.);
#5077=ORIENTED_EDGE('',*,*,#3909,.T.);
#5078=ORIENTED_EDGE('',*,*,#3905,.F.);
#5079=ORIENTED_EDGE('',*,*,#3910,.F.);
#5080=ORIENTED_EDGE('',*,*,#3911,.T.);
#5081=ORIENTED_EDGE('',*,*,#3912,.T.);
#5082=ORIENTED_EDGE('',*,*,#3908,.F.);
#5083=ORIENTED_EDGE('',*,*,#3913,.F.);
#5084=ORIENTED_EDGE('',*,*,#3914,.T.);
#5085=ORIENTED_EDGE('',*,*,#3915,.T.);
#5086=ORIENTED_EDGE('',*,*,#3911,.F.);
#5087=ORIENTED_EDGE('',*,*,#3916,.F.);
#5088=ORIENTED_EDGE('',*,*,#3917,.T.);
#5089=ORIENTED_EDGE('',*,*,#3918,.T.);
#5090=ORIENTED_EDGE('',*,*,#3914,.F.);
#5091=ORIENTED_EDGE('',*,*,#3919,.F.);
#5092=ORIENTED_EDGE('',*,*,#3920,.T.);
#5093=ORIENTED_EDGE('',*,*,#3921,.T.);
#5094=ORIENTED_EDGE('',*,*,#3917,.F.);
#5095=ORIENTED_EDGE('',*,*,#3922,.F.);
#5096=ORIENTED_EDGE('',*,*,#3923,.T.);
#5097=ORIENTED_EDGE('',*,*,#3924,.T.);
#5098=ORIENTED_EDGE('',*,*,#3920,.F.);
#5099=ORIENTED_EDGE('',*,*,#3925,.F.);
#5100=ORIENTED_EDGE('',*,*,#3926,.T.);
#5101=ORIENTED_EDGE('',*,*,#3927,.T.);
#5102=ORIENTED_EDGE('',*,*,#3923,.F.);
#5103=ORIENTED_EDGE('',*,*,#3928,.F.);
#5104=ORIENTED_EDGE('',*,*,#3929,.T.);
#5105=ORIENTED_EDGE('',*,*,#3930,.T.);
#5106=ORIENTED_EDGE('',*,*,#3926,.F.);
#5107=ORIENTED_EDGE('',*,*,#3931,.F.);
#5108=ORIENTED_EDGE('',*,*,#3888,.T.);
#5109=ORIENTED_EDGE('',*,*,#3932,.T.);
#5110=ORIENTED_EDGE('',*,*,#3929,.F.);
#5111=ORIENTED_EDGE('',*,*,#3932,.F.);
#5112=ORIENTED_EDGE('',*,*,#3887,.F.);
#5113=ORIENTED_EDGE('',*,*,#3891,.F.);
#5114=ORIENTED_EDGE('',*,*,#3894,.F.);
#5115=ORIENTED_EDGE('',*,*,#3897,.F.);
#5116=ORIENTED_EDGE('',*,*,#3900,.F.);
#5117=ORIENTED_EDGE('',*,*,#3903,.F.);
#5118=ORIENTED_EDGE('',*,*,#3906,.F.);
#5119=ORIENTED_EDGE('',*,*,#3909,.F.);
#5120=ORIENTED_EDGE('',*,*,#3912,.F.);
#5121=ORIENTED_EDGE('',*,*,#3915,.F.);
#5122=ORIENTED_EDGE('',*,*,#3918,.F.);
#5123=ORIENTED_EDGE('',*,*,#3921,.F.);
#5124=ORIENTED_EDGE('',*,*,#3924,.F.);
#5125=ORIENTED_EDGE('',*,*,#3927,.F.);
#5126=ORIENTED_EDGE('',*,*,#3930,.F.);
#5127=ORIENTED_EDGE('',*,*,#3933,.F.);
#5128=ORIENTED_EDGE('',*,*,#3934,.F.);
#5129=ORIENTED_EDGE('',*,*,#3935,.F.);
#5130=ORIENTED_EDGE('',*,*,#3936,.F.);
#5131=ORIENTED_EDGE('',*,*,#3937,.F.);
#5132=ORIENTED_EDGE('',*,*,#3938,.T.);
#5133=ORIENTED_EDGE('',*,*,#3939,.T.);
#5134=ORIENTED_EDGE('',*,*,#3940,.F.);
#5135=ORIENTED_EDGE('',*,*,#3941,.F.);
#5136=ORIENTED_EDGE('',*,*,#3942,.T.);
#5137=ORIENTED_EDGE('',*,*,#3943,.T.);
#5138=ORIENTED_EDGE('',*,*,#3938,.F.);
#5139=ORIENTED_EDGE('',*,*,#3944,.F.);
#5140=ORIENTED_EDGE('',*,*,#3945,.T.);
#5141=ORIENTED_EDGE('',*,*,#3946,.T.);
#5142=ORIENTED_EDGE('',*,*,#3942,.F.);
#5143=ORIENTED_EDGE('',*,*,#3947,.F.);
#5144=ORIENTED_EDGE('',*,*,#3948,.T.);
#5145=ORIENTED_EDGE('',*,*,#3949,.T.);
#5146=ORIENTED_EDGE('',*,*,#3945,.F.);
#5147=ORIENTED_EDGE('',*,*,#3950,.F.);
#5148=ORIENTED_EDGE('',*,*,#3951,.T.);
#5149=ORIENTED_EDGE('',*,*,#3952,.T.);
#5150=ORIENTED_EDGE('',*,*,#3948,.F.);
#5151=ORIENTED_EDGE('',*,*,#3953,.F.);
#5152=ORIENTED_EDGE('',*,*,#3954,.T.);
#5153=ORIENTED_EDGE('',*,*,#3955,.T.);
#5154=ORIENTED_EDGE('',*,*,#3951,.F.);
#5155=ORIENTED_EDGE('',*,*,#3956,.F.);
#5156=ORIENTED_EDGE('',*,*,#3957,.T.);
#5157=ORIENTED_EDGE('',*,*,#3958,.T.);
#5158=ORIENTED_EDGE('',*,*,#3954,.F.);
#5159=ORIENTED_EDGE('',*,*,#3959,.F.);
#5160=ORIENTED_EDGE('',*,*,#3960,.T.);
#5161=ORIENTED_EDGE('',*,*,#3961,.T.);
#5162=ORIENTED_EDGE('',*,*,#3957,.F.);
#5163=ORIENTED_EDGE('',*,*,#3962,.F.);
#5164=ORIENTED_EDGE('',*,*,#3963,.T.);
#5165=ORIENTED_EDGE('',*,*,#3964,.T.);
#5166=ORIENTED_EDGE('',*,*,#3960,.F.);
#5167=ORIENTED_EDGE('',*,*,#3965,.F.);
#5168=ORIENTED_EDGE('',*,*,#3966,.T.);
#5169=ORIENTED_EDGE('',*,*,#3967,.T.);
#5170=ORIENTED_EDGE('',*,*,#3963,.F.);
#5171=ORIENTED_EDGE('',*,*,#3968,.F.);
#5172=ORIENTED_EDGE('',*,*,#3969,.T.);
#5173=ORIENTED_EDGE('',*,*,#3970,.T.);
#5174=ORIENTED_EDGE('',*,*,#3966,.F.);
#5175=ORIENTED_EDGE('',*,*,#3971,.F.);
#5176=ORIENTED_EDGE('',*,*,#3972,.T.);
#5177=ORIENTED_EDGE('',*,*,#3973,.T.);
#5178=ORIENTED_EDGE('',*,*,#3969,.F.);
#5179=ORIENTED_EDGE('',*,*,#3974,.F.);
#5180=ORIENTED_EDGE('',*,*,#3975,.T.);
#5181=ORIENTED_EDGE('',*,*,#3976,.T.);
#5182=ORIENTED_EDGE('',*,*,#3972,.F.);
#5183=ORIENTED_EDGE('',*,*,#3977,.F.);
#5184=ORIENTED_EDGE('',*,*,#3978,.T.);
#5185=ORIENTED_EDGE('',*,*,#3979,.T.);
#5186=ORIENTED_EDGE('',*,*,#3975,.F.);
#5187=ORIENTED_EDGE('',*,*,#3980,.F.);
#5188=ORIENTED_EDGE('',*,*,#3981,.T.);
#5189=ORIENTED_EDGE('',*,*,#3982,.T.);
#5190=ORIENTED_EDGE('',*,*,#3978,.F.);
#5191=ORIENTED_EDGE('',*,*,#3983,.F.);
#5192=ORIENTED_EDGE('',*,*,#3940,.T.);
#5193=ORIENTED_EDGE('',*,*,#3984,.T.);
#5194=ORIENTED_EDGE('',*,*,#3981,.F.);
#5195=ORIENTED_EDGE('',*,*,#3984,.F.);
#5196=ORIENTED_EDGE('',*,*,#3939,.F.);
#5197=ORIENTED_EDGE('',*,*,#3943,.F.);
#5198=ORIENTED_EDGE('',*,*,#3946,.F.);
#5199=ORIENTED_EDGE('',*,*,#3949,.F.);
#5200=ORIENTED_EDGE('',*,*,#3952,.F.);
#5201=ORIENTED_EDGE('',*,*,#3955,.F.);
#5202=ORIENTED_EDGE('',*,*,#3958,.F.);
#5203=ORIENTED_EDGE('',*,*,#3961,.F.);
#5204=ORIENTED_EDGE('',*,*,#3964,.F.);
#5205=ORIENTED_EDGE('',*,*,#3967,.F.);
#5206=ORIENTED_EDGE('',*,*,#3970,.F.);
#5207=ORIENTED_EDGE('',*,*,#3973,.F.);
#5208=ORIENTED_EDGE('',*,*,#3976,.F.);
#5209=ORIENTED_EDGE('',*,*,#3979,.F.);
#5210=ORIENTED_EDGE('',*,*,#3982,.F.);
#5211=ORIENTED_EDGE('',*,*,#3985,.F.);
#5212=ORIENTED_EDGE('',*,*,#3986,.F.);
#5213=ORIENTED_EDGE('',*,*,#3987,.F.);
#5214=ORIENTED_EDGE('',*,*,#3988,.F.);
#5215=ORIENTED_EDGE('',*,*,#3989,.F.);
#5216=ORIENTED_EDGE('',*,*,#3990,.T.);
#5217=ORIENTED_EDGE('',*,*,#3991,.T.);
#5218=ORIENTED_EDGE('',*,*,#3992,.F.);
#5219=ORIENTED_EDGE('',*,*,#3993,.F.);
#5220=ORIENTED_EDGE('',*,*,#3994,.T.);
#5221=ORIENTED_EDGE('',*,*,#3995,.T.);
#5222=ORIENTED_EDGE('',*,*,#3990,.F.);
#5223=ORIENTED_EDGE('',*,*,#3996,.F.);
#5224=ORIENTED_EDGE('',*,*,#3997,.T.);
#5225=ORIENTED_EDGE('',*,*,#3998,.T.);
#5226=ORIENTED_EDGE('',*,*,#3994,.F.);
#5227=ORIENTED_EDGE('',*,*,#3999,.F.);
#5228=ORIENTED_EDGE('',*,*,#4000,.T.);
#5229=ORIENTED_EDGE('',*,*,#4001,.T.);
#5230=ORIENTED_EDGE('',*,*,#3997,.F.);
#5231=ORIENTED_EDGE('',*,*,#4002,.F.);
#5232=ORIENTED_EDGE('',*,*,#4003,.T.);
#5233=ORIENTED_EDGE('',*,*,#4004,.T.);
#5234=ORIENTED_EDGE('',*,*,#4000,.F.);
#5235=ORIENTED_EDGE('',*,*,#4005,.F.);
#5236=ORIENTED_EDGE('',*,*,#4006,.T.);
#5237=ORIENTED_EDGE('',*,*,#4007,.T.);
#5238=ORIENTED_EDGE('',*,*,#4003,.F.);
#5239=ORIENTED_EDGE('',*,*,#4008,.F.);
#5240=ORIENTED_EDGE('',*,*,#4009,.T.);
#5241=ORIENTED_EDGE('',*,*,#4010,.T.);
#5242=ORIENTED_EDGE('',*,*,#4006,.F.);
#5243=ORIENTED_EDGE('',*,*,#4011,.F.);
#5244=ORIENTED_EDGE('',*,*,#4012,.T.);
#5245=ORIENTED_EDGE('',*,*,#4013,.T.);
#5246=ORIENTED_EDGE('',*,*,#4009,.F.);
#5247=ORIENTED_EDGE('',*,*,#4014,.F.);
#5248=ORIENTED_EDGE('',*,*,#4015,.T.);
#5249=ORIENTED_EDGE('',*,*,#4016,.T.);
#5250=ORIENTED_EDGE('',*,*,#4012,.F.);
#5251=ORIENTED_EDGE('',*,*,#4017,.F.);
#5252=ORIENTED_EDGE('',*,*,#4018,.T.);
#5253=ORIENTED_EDGE('',*,*,#4019,.T.);
#5254=ORIENTED_EDGE('',*,*,#4015,.F.);
#5255=ORIENTED_EDGE('',*,*,#4020,.F.);
#5256=ORIENTED_EDGE('',*,*,#4021,.T.);
#5257=ORIENTED_EDGE('',*,*,#4022,.T.);
#5258=ORIENTED_EDGE('',*,*,#4018,.F.);
#5259=ORIENTED_EDGE('',*,*,#4023,.F.);
#5260=ORIENTED_EDGE('',*,*,#4024,.T.);
#5261=ORIENTED_EDGE('',*,*,#4025,.T.);
#5262=ORIENTED_EDGE('',*,*,#4021,.F.);
#5263=ORIENTED_EDGE('',*,*,#4026,.F.);
#5264=ORIENTED_EDGE('',*,*,#4027,.T.);
#5265=ORIENTED_EDGE('',*,*,#4028,.T.);
#5266=ORIENTED_EDGE('',*,*,#4024,.F.);
#5267=ORIENTED_EDGE('',*,*,#4029,.F.);
#5268=ORIENTED_EDGE('',*,*,#4030,.T.);
#5269=ORIENTED_EDGE('',*,*,#4031,.T.);
#5270=ORIENTED_EDGE('',*,*,#4027,.F.);
#5271=ORIENTED_EDGE('',*,*,#4032,.F.);
#5272=ORIENTED_EDGE('',*,*,#4033,.T.);
#5273=ORIENTED_EDGE('',*,*,#4034,.T.);
#5274=ORIENTED_EDGE('',*,*,#4030,.F.);
#5275=ORIENTED_EDGE('',*,*,#4035,.F.);
#5276=ORIENTED_EDGE('',*,*,#3992,.T.);
#5277=ORIENTED_EDGE('',*,*,#4036,.T.);
#5278=ORIENTED_EDGE('',*,*,#4033,.F.);
#5279=ORIENTED_EDGE('',*,*,#4036,.F.);
#5280=ORIENTED_EDGE('',*,*,#3991,.F.);
#5281=ORIENTED_EDGE('',*,*,#3995,.F.);
#5282=ORIENTED_EDGE('',*,*,#3998,.F.);
#5283=ORIENTED_EDGE('',*,*,#4001,.F.);
#5284=ORIENTED_EDGE('',*,*,#4004,.F.);
#5285=ORIENTED_EDGE('',*,*,#4007,.F.);
#5286=ORIENTED_EDGE('',*,*,#4010,.F.);
#5287=ORIENTED_EDGE('',*,*,#4013,.F.);
#5288=ORIENTED_EDGE('',*,*,#4016,.F.);
#5289=ORIENTED_EDGE('',*,*,#4019,.F.);
#5290=ORIENTED_EDGE('',*,*,#4022,.F.);
#5291=ORIENTED_EDGE('',*,*,#4025,.F.);
#5292=ORIENTED_EDGE('',*,*,#4028,.F.);
#5293=ORIENTED_EDGE('',*,*,#4031,.F.);
#5294=ORIENTED_EDGE('',*,*,#4034,.F.);
#5295=ORIENTED_EDGE('',*,*,#4037,.F.);
#5296=ORIENTED_EDGE('',*,*,#4038,.F.);
#5297=ORIENTED_EDGE('',*,*,#4039,.F.);
#5298=ORIENTED_EDGE('',*,*,#4040,.F.);
#5299=ORIENTED_EDGE('',*,*,#4041,.F.);
#5300=ORIENTED_EDGE('',*,*,#4042,.T.);
#5301=ORIENTED_EDGE('',*,*,#4043,.T.);
#5302=ORIENTED_EDGE('',*,*,#4044,.F.);
#5303=ORIENTED_EDGE('',*,*,#4045,.F.);
#5304=ORIENTED_EDGE('',*,*,#4046,.T.);
#5305=ORIENTED_EDGE('',*,*,#4047,.T.);
#5306=ORIENTED_EDGE('',*,*,#4042,.F.);
#5307=ORIENTED_EDGE('',*,*,#4048,.F.);
#5308=ORIENTED_EDGE('',*,*,#4049,.T.);
#5309=ORIENTED_EDGE('',*,*,#4050,.T.);
#5310=ORIENTED_EDGE('',*,*,#4046,.F.);
#5311=ORIENTED_EDGE('',*,*,#4051,.F.);
#5312=ORIENTED_EDGE('',*,*,#4052,.T.);
#5313=ORIENTED_EDGE('',*,*,#4053,.T.);
#5314=ORIENTED_EDGE('',*,*,#4049,.F.);
#5315=ORIENTED_EDGE('',*,*,#4054,.F.);
#5316=ORIENTED_EDGE('',*,*,#4055,.T.);
#5317=ORIENTED_EDGE('',*,*,#4056,.T.);
#5318=ORIENTED_EDGE('',*,*,#4052,.F.);
#5319=ORIENTED_EDGE('',*,*,#4057,.F.);
#5320=ORIENTED_EDGE('',*,*,#4058,.T.);
#5321=ORIENTED_EDGE('',*,*,#4059,.T.);
#5322=ORIENTED_EDGE('',*,*,#4055,.F.);
#5323=ORIENTED_EDGE('',*,*,#4060,.F.);
#5324=ORIENTED_EDGE('',*,*,#4061,.T.);
#5325=ORIENTED_EDGE('',*,*,#4062,.T.);
#5326=ORIENTED_EDGE('',*,*,#4058,.F.);
#5327=ORIENTED_EDGE('',*,*,#4063,.F.);
#5328=ORIENTED_EDGE('',*,*,#4064,.T.);
#5329=ORIENTED_EDGE('',*,*,#4065,.T.);
#5330=ORIENTED_EDGE('',*,*,#4061,.F.);
#5331=ORIENTED_EDGE('',*,*,#4066,.F.);
#5332=ORIENTED_EDGE('',*,*,#4067,.T.);
#5333=ORIENTED_EDGE('',*,*,#4068,.T.);
#5334=ORIENTED_EDGE('',*,*,#4064,.F.);
#5335=ORIENTED_EDGE('',*,*,#4069,.F.);
#5336=ORIENTED_EDGE('',*,*,#4070,.T.);
#5337=ORIENTED_EDGE('',*,*,#4071,.T.);
#5338=ORIENTED_EDGE('',*,*,#4067,.F.);
#5339=ORIENTED_EDGE('',*,*,#4072,.F.);
#5340=ORIENTED_EDGE('',*,*,#4073,.T.);
#5341=ORIENTED_EDGE('',*,*,#4074,.T.);
#5342=ORIENTED_EDGE('',*,*,#4070,.F.);
#5343=ORIENTED_EDGE('',*,*,#4075,.F.);
#5344=ORIENTED_EDGE('',*,*,#4076,.T.);
#5345=ORIENTED_EDGE('',*,*,#4077,.T.);
#5346=ORIENTED_EDGE('',*,*,#4073,.F.);
#5347=ORIENTED_EDGE('',*,*,#4078,.F.);
#5348=ORIENTED_EDGE('',*,*,#4079,.T.);
#5349=ORIENTED_EDGE('',*,*,#4080,.T.);
#5350=ORIENTED_EDGE('',*,*,#4076,.F.);
#5351=ORIENTED_EDGE('',*,*,#4081,.F.);
#5352=ORIENTED_EDGE('',*,*,#4082,.T.);
#5353=ORIENTED_EDGE('',*,*,#4083,.T.);
#5354=ORIENTED_EDGE('',*,*,#4079,.F.);
#5355=ORIENTED_EDGE('',*,*,#4084,.F.);
#5356=ORIENTED_EDGE('',*,*,#4085,.T.);
#5357=ORIENTED_EDGE('',*,*,#4086,.T.);
#5358=ORIENTED_EDGE('',*,*,#4082,.F.);
#5359=ORIENTED_EDGE('',*,*,#4087,.F.);
#5360=ORIENTED_EDGE('',*,*,#4044,.T.);
#5361=ORIENTED_EDGE('',*,*,#4088,.T.);
#5362=ORIENTED_EDGE('',*,*,#4085,.F.);
#5363=ORIENTED_EDGE('',*,*,#4088,.F.);
#5364=ORIENTED_EDGE('',*,*,#4043,.F.);
#5365=ORIENTED_EDGE('',*,*,#4047,.F.);
#5366=ORIENTED_EDGE('',*,*,#4050,.F.);
#5367=ORIENTED_EDGE('',*,*,#4053,.F.);
#5368=ORIENTED_EDGE('',*,*,#4056,.F.);
#5369=ORIENTED_EDGE('',*,*,#4059,.F.);
#5370=ORIENTED_EDGE('',*,*,#4062,.F.);
#5371=ORIENTED_EDGE('',*,*,#4065,.F.);
#5372=ORIENTED_EDGE('',*,*,#4068,.F.);
#5373=ORIENTED_EDGE('',*,*,#4071,.F.);
#5374=ORIENTED_EDGE('',*,*,#4074,.F.);
#5375=ORIENTED_EDGE('',*,*,#4077,.F.);
#5376=ORIENTED_EDGE('',*,*,#4080,.F.);
#5377=ORIENTED_EDGE('',*,*,#4083,.F.);
#5378=ORIENTED_EDGE('',*,*,#4086,.F.);
#5379=ORIENTED_EDGE('',*,*,#4089,.F.);
#5380=ORIENTED_EDGE('',*,*,#4090,.F.);
#5381=ORIENTED_EDGE('',*,*,#4091,.F.);
#5382=ORIENTED_EDGE('',*,*,#4092,.F.);
#5383=ORIENTED_EDGE('',*,*,#4093,.F.);
#5384=ORIENTED_EDGE('',*,*,#4094,.T.);
#5385=ORIENTED_EDGE('',*,*,#4095,.T.);
#5386=ORIENTED_EDGE('',*,*,#4096,.F.);
#5387=ORIENTED_EDGE('',*,*,#4097,.F.);
#5388=ORIENTED_EDGE('',*,*,#4098,.T.);
#5389=ORIENTED_EDGE('',*,*,#4099,.T.);
#5390=ORIENTED_EDGE('',*,*,#4094,.F.);
#5391=ORIENTED_EDGE('',*,*,#4100,.F.);
#5392=ORIENTED_EDGE('',*,*,#4101,.T.);
#5393=ORIENTED_EDGE('',*,*,#4102,.T.);
#5394=ORIENTED_EDGE('',*,*,#4098,.F.);
#5395=ORIENTED_EDGE('',*,*,#4103,.F.);
#5396=ORIENTED_EDGE('',*,*,#4104,.T.);
#5397=ORIENTED_EDGE('',*,*,#4105,.T.);
#5398=ORIENTED_EDGE('',*,*,#4101,.F.);
#5399=ORIENTED_EDGE('',*,*,#4106,.F.);
#5400=ORIENTED_EDGE('',*,*,#4107,.T.);
#5401=ORIENTED_EDGE('',*,*,#4108,.T.);
#5402=ORIENTED_EDGE('',*,*,#4104,.F.);
#5403=ORIENTED_EDGE('',*,*,#4109,.F.);
#5404=ORIENTED_EDGE('',*,*,#4110,.T.);
#5405=ORIENTED_EDGE('',*,*,#4111,.T.);
#5406=ORIENTED_EDGE('',*,*,#4107,.F.);
#5407=ORIENTED_EDGE('',*,*,#4112,.F.);
#5408=ORIENTED_EDGE('',*,*,#4113,.T.);
#5409=ORIENTED_EDGE('',*,*,#4114,.T.);
#5410=ORIENTED_EDGE('',*,*,#4110,.F.);
#5411=ORIENTED_EDGE('',*,*,#4115,.F.);
#5412=ORIENTED_EDGE('',*,*,#4116,.T.);
#5413=ORIENTED_EDGE('',*,*,#4117,.T.);
#5414=ORIENTED_EDGE('',*,*,#4113,.F.);
#5415=ORIENTED_EDGE('',*,*,#4118,.F.);
#5416=ORIENTED_EDGE('',*,*,#4119,.T.);
#5417=ORIENTED_EDGE('',*,*,#4120,.T.);
#5418=ORIENTED_EDGE('',*,*,#4116,.F.);
#5419=ORIENTED_EDGE('',*,*,#4121,.F.);
#5420=ORIENTED_EDGE('',*,*,#4122,.T.);
#5421=ORIENTED_EDGE('',*,*,#4123,.T.);
#5422=ORIENTED_EDGE('',*,*,#4119,.F.);
#5423=ORIENTED_EDGE('',*,*,#4124,.F.);
#5424=ORIENTED_EDGE('',*,*,#4125,.T.);
#5425=ORIENTED_EDGE('',*,*,#4126,.T.);
#5426=ORIENTED_EDGE('',*,*,#4122,.F.);
#5427=ORIENTED_EDGE('',*,*,#4127,.F.);
#5428=ORIENTED_EDGE('',*,*,#4128,.T.);
#5429=ORIENTED_EDGE('',*,*,#4129,.T.);
#5430=ORIENTED_EDGE('',*,*,#4125,.F.);
#5431=ORIENTED_EDGE('',*,*,#4130,.F.);
#5432=ORIENTED_EDGE('',*,*,#4131,.T.);
#5433=ORIENTED_EDGE('',*,*,#4132,.T.);
#5434=ORIENTED_EDGE('',*,*,#4128,.F.);
#5435=ORIENTED_EDGE('',*,*,#4133,.F.);
#5436=ORIENTED_EDGE('',*,*,#4134,.T.);
#5437=ORIENTED_EDGE('',*,*,#4135,.T.);
#5438=ORIENTED_EDGE('',*,*,#4131,.F.);
#5439=ORIENTED_EDGE('',*,*,#4136,.F.);
#5440=ORIENTED_EDGE('',*,*,#4137,.T.);
#5441=ORIENTED_EDGE('',*,*,#4138,.T.);
#5442=ORIENTED_EDGE('',*,*,#4134,.F.);
#5443=ORIENTED_EDGE('',*,*,#4139,.F.);
#5444=ORIENTED_EDGE('',*,*,#4096,.T.);
#5445=ORIENTED_EDGE('',*,*,#4140,.T.);
#5446=ORIENTED_EDGE('',*,*,#4137,.F.);
#5447=ORIENTED_EDGE('',*,*,#4140,.F.);
#5448=ORIENTED_EDGE('',*,*,#4095,.F.);
#5449=ORIENTED_EDGE('',*,*,#4099,.F.);
#5450=ORIENTED_EDGE('',*,*,#4102,.F.);
#5451=ORIENTED_EDGE('',*,*,#4105,.F.);
#5452=ORIENTED_EDGE('',*,*,#4108,.F.);
#5453=ORIENTED_EDGE('',*,*,#4111,.F.);
#5454=ORIENTED_EDGE('',*,*,#4114,.F.);
#5455=ORIENTED_EDGE('',*,*,#4117,.F.);
#5456=ORIENTED_EDGE('',*,*,#4120,.F.);
#5457=ORIENTED_EDGE('',*,*,#4123,.F.);
#5458=ORIENTED_EDGE('',*,*,#4126,.F.);
#5459=ORIENTED_EDGE('',*,*,#4129,.F.);
#5460=ORIENTED_EDGE('',*,*,#4132,.F.);
#5461=ORIENTED_EDGE('',*,*,#4135,.F.);
#5462=ORIENTED_EDGE('',*,*,#4138,.F.);
#5463=ORIENTED_EDGE('',*,*,#4141,.F.);
#5464=ORIENTED_EDGE('',*,*,#4142,.F.);
#5465=ORIENTED_EDGE('',*,*,#4143,.F.);
#5466=ORIENTED_EDGE('',*,*,#4144,.F.);
#5467=ORIENTED_EDGE('',*,*,#4145,.F.);
#5468=ORIENTED_EDGE('',*,*,#4146,.T.);
#5469=ORIENTED_EDGE('',*,*,#4147,.T.);
#5470=ORIENTED_EDGE('',*,*,#4148,.F.);
#5471=ORIENTED_EDGE('',*,*,#4149,.F.);
#5472=ORIENTED_EDGE('',*,*,#4150,.T.);
#5473=ORIENTED_EDGE('',*,*,#4151,.T.);
#5474=ORIENTED_EDGE('',*,*,#4146,.F.);
#5475=ORIENTED_EDGE('',*,*,#4152,.F.);
#5476=ORIENTED_EDGE('',*,*,#4153,.T.);
#5477=ORIENTED_EDGE('',*,*,#4154,.T.);
#5478=ORIENTED_EDGE('',*,*,#4150,.F.);
#5479=ORIENTED_EDGE('',*,*,#4155,.F.);
#5480=ORIENTED_EDGE('',*,*,#4156,.T.);
#5481=ORIENTED_EDGE('',*,*,#4157,.T.);
#5482=ORIENTED_EDGE('',*,*,#4153,.F.);
#5483=ORIENTED_EDGE('',*,*,#4158,.F.);
#5484=ORIENTED_EDGE('',*,*,#4159,.T.);
#5485=ORIENTED_EDGE('',*,*,#4160,.T.);
#5486=ORIENTED_EDGE('',*,*,#4156,.F.);
#5487=ORIENTED_EDGE('',*,*,#4161,.F.);
#5488=ORIENTED_EDGE('',*,*,#4162,.T.);
#5489=ORIENTED_EDGE('',*,*,#4163,.T.);
#5490=ORIENTED_EDGE('',*,*,#4159,.F.);
#5491=ORIENTED_EDGE('',*,*,#4164,.F.);
#5492=ORIENTED_EDGE('',*,*,#4165,.T.);
#5493=ORIENTED_EDGE('',*,*,#4166,.T.);
#5494=ORIENTED_EDGE('',*,*,#4162,.F.);
#5495=ORIENTED_EDGE('',*,*,#4167,.F.);
#5496=ORIENTED_EDGE('',*,*,#4168,.T.);
#5497=ORIENTED_EDGE('',*,*,#4169,.T.);
#5498=ORIENTED_EDGE('',*,*,#4165,.F.);
#5499=ORIENTED_EDGE('',*,*,#4170,.F.);
#5500=ORIENTED_EDGE('',*,*,#4171,.T.);
#5501=ORIENTED_EDGE('',*,*,#4172,.T.);
#5502=ORIENTED_EDGE('',*,*,#4168,.F.);
#5503=ORIENTED_EDGE('',*,*,#4173,.F.);
#5504=ORIENTED_EDGE('',*,*,#4174,.T.);
#5505=ORIENTED_EDGE('',*,*,#4175,.T.);
#5506=ORIENTED_EDGE('',*,*,#4171,.F.);
#5507=ORIENTED_EDGE('',*,*,#4176,.F.);
#5508=ORIENTED_EDGE('',*,*,#4177,.T.);
#5509=ORIENTED_EDGE('',*,*,#4178,.T.);
#5510=ORIENTED_EDGE('',*,*,#4174,.F.);
#5511=ORIENTED_EDGE('',*,*,#4179,.F.);
#5512=ORIENTED_EDGE('',*,*,#4180,.T.);
#5513=ORIENTED_EDGE('',*,*,#4181,.T.);
#5514=ORIENTED_EDGE('',*,*,#4177,.F.);
#5515=ORIENTED_EDGE('',*,*,#4182,.F.);
#5516=ORIENTED_EDGE('',*,*,#4183,.T.);
#5517=ORIENTED_EDGE('',*,*,#4184,.T.);
#5518=ORIENTED_EDGE('',*,*,#4180,.F.);
#5519=ORIENTED_EDGE('',*,*,#4185,.F.);
#5520=ORIENTED_EDGE('',*,*,#4186,.T.);
#5521=ORIENTED_EDGE('',*,*,#4187,.T.);
#5522=ORIENTED_EDGE('',*,*,#4183,.F.);
#5523=ORIENTED_EDGE('',*,*,#4188,.F.);
#5524=ORIENTED_EDGE('',*,*,#4189,.T.);
#5525=ORIENTED_EDGE('',*,*,#4190,.T.);
#5526=ORIENTED_EDGE('',*,*,#4186,.F.);
#5527=ORIENTED_EDGE('',*,*,#4191,.F.);
#5528=ORIENTED_EDGE('',*,*,#4148,.T.);
#5529=ORIENTED_EDGE('',*,*,#4192,.T.);
#5530=ORIENTED_EDGE('',*,*,#4189,.F.);
#5531=ORIENTED_EDGE('',*,*,#4192,.F.);
#5532=ORIENTED_EDGE('',*,*,#4147,.F.);
#5533=ORIENTED_EDGE('',*,*,#4151,.F.);
#5534=ORIENTED_EDGE('',*,*,#4154,.F.);
#5535=ORIENTED_EDGE('',*,*,#4157,.F.);
#5536=ORIENTED_EDGE('',*,*,#4160,.F.);
#5537=ORIENTED_EDGE('',*,*,#4163,.F.);
#5538=ORIENTED_EDGE('',*,*,#4166,.F.);
#5539=ORIENTED_EDGE('',*,*,#4169,.F.);
#5540=ORIENTED_EDGE('',*,*,#4172,.F.);
#5541=ORIENTED_EDGE('',*,*,#4175,.F.);
#5542=ORIENTED_EDGE('',*,*,#4178,.F.);
#5543=ORIENTED_EDGE('',*,*,#4181,.F.);
#5544=ORIENTED_EDGE('',*,*,#4184,.F.);
#5545=ORIENTED_EDGE('',*,*,#4187,.F.);
#5546=ORIENTED_EDGE('',*,*,#4190,.F.);
#5547=ORIENTED_EDGE('',*,*,#4193,.F.);
#5548=ORIENTED_EDGE('',*,*,#4194,.F.);
#5549=ORIENTED_EDGE('',*,*,#4195,.F.);
#5550=ORIENTED_EDGE('',*,*,#4196,.F.);
#5551=ORIENTED_EDGE('',*,*,#4197,.F.);
#5552=ORIENTED_EDGE('',*,*,#4198,.T.);
#5553=ORIENTED_EDGE('',*,*,#4199,.T.);
#5554=ORIENTED_EDGE('',*,*,#4200,.F.);
#5555=ORIENTED_EDGE('',*,*,#4201,.F.);
#5556=ORIENTED_EDGE('',*,*,#4202,.T.);
#5557=ORIENTED_EDGE('',*,*,#4203,.T.);
#5558=ORIENTED_EDGE('',*,*,#4198,.F.);
#5559=ORIENTED_EDGE('',*,*,#4204,.F.);
#5560=ORIENTED_EDGE('',*,*,#4205,.T.);
#5561=ORIENTED_EDGE('',*,*,#4206,.T.);
#5562=ORIENTED_EDGE('',*,*,#4202,.F.);
#5563=ORIENTED_EDGE('',*,*,#4207,.F.);
#5564=ORIENTED_EDGE('',*,*,#4208,.T.);
#5565=ORIENTED_EDGE('',*,*,#4209,.T.);
#5566=ORIENTED_EDGE('',*,*,#4205,.F.);
#5567=ORIENTED_EDGE('',*,*,#4210,.F.);
#5568=ORIENTED_EDGE('',*,*,#4211,.T.);
#5569=ORIENTED_EDGE('',*,*,#4212,.T.);
#5570=ORIENTED_EDGE('',*,*,#4208,.F.);
#5571=ORIENTED_EDGE('',*,*,#4213,.F.);
#5572=ORIENTED_EDGE('',*,*,#4214,.T.);
#5573=ORIENTED_EDGE('',*,*,#4215,.T.);
#5574=ORIENTED_EDGE('',*,*,#4211,.F.);
#5575=ORIENTED_EDGE('',*,*,#4216,.F.);
#5576=ORIENTED_EDGE('',*,*,#4217,.T.);
#5577=ORIENTED_EDGE('',*,*,#4218,.T.);
#5578=ORIENTED_EDGE('',*,*,#4214,.F.);
#5579=ORIENTED_EDGE('',*,*,#4219,.F.);
#5580=ORIENTED_EDGE('',*,*,#4220,.T.);
#5581=ORIENTED_EDGE('',*,*,#4221,.T.);
#5582=ORIENTED_EDGE('',*,*,#4217,.F.);
#5583=ORIENTED_EDGE('',*,*,#4222,.F.);
#5584=ORIENTED_EDGE('',*,*,#4223,.T.);
#5585=ORIENTED_EDGE('',*,*,#4224,.T.);
#5586=ORIENTED_EDGE('',*,*,#4220,.F.);
#5587=ORIENTED_EDGE('',*,*,#4225,.F.);
#5588=ORIENTED_EDGE('',*,*,#4226,.T.);
#5589=ORIENTED_EDGE('',*,*,#4227,.T.);
#5590=ORIENTED_EDGE('',*,*,#4223,.F.);
#5591=ORIENTED_EDGE('',*,*,#4228,.F.);
#5592=ORIENTED_EDGE('',*,*,#4229,.T.);
#5593=ORIENTED_EDGE('',*,*,#4230,.T.);
#5594=ORIENTED_EDGE('',*,*,#4226,.F.);
#5595=ORIENTED_EDGE('',*,*,#4231,.F.);
#5596=ORIENTED_EDGE('',*,*,#4232,.T.);
#5597=ORIENTED_EDGE('',*,*,#4233,.T.);
#5598=ORIENTED_EDGE('',*,*,#4229,.F.);
#5599=ORIENTED_EDGE('',*,*,#4234,.F.);
#5600=ORIENTED_EDGE('',*,*,#4235,.T.);
#5601=ORIENTED_EDGE('',*,*,#4236,.T.);
#5602=ORIENTED_EDGE('',*,*,#4232,.F.);
#5603=ORIENTED_EDGE('',*,*,#4237,.F.);
#5604=ORIENTED_EDGE('',*,*,#4238,.T.);
#5605=ORIENTED_EDGE('',*,*,#4239,.T.);
#5606=ORIENTED_EDGE('',*,*,#4235,.F.);
#5607=ORIENTED_EDGE('',*,*,#4240,.F.);
#5608=ORIENTED_EDGE('',*,*,#4241,.T.);
#5609=ORIENTED_EDGE('',*,*,#4242,.T.);
#5610=ORIENTED_EDGE('',*,*,#4238,.F.);
#5611=ORIENTED_EDGE('',*,*,#4243,.F.);
#5612=ORIENTED_EDGE('',*,*,#4200,.T.);
#5613=ORIENTED_EDGE('',*,*,#4244,.T.);
#5614=ORIENTED_EDGE('',*,*,#4241,.F.);
#5615=ORIENTED_EDGE('',*,*,#4244,.F.);
#5616=ORIENTED_EDGE('',*,*,#4199,.F.);
#5617=ORIENTED_EDGE('',*,*,#4203,.F.);
#5618=ORIENTED_EDGE('',*,*,#4206,.F.);
#5619=ORIENTED_EDGE('',*,*,#4209,.F.);
#5620=ORIENTED_EDGE('',*,*,#4212,.F.);
#5621=ORIENTED_EDGE('',*,*,#4215,.F.);
#5622=ORIENTED_EDGE('',*,*,#4218,.F.);
#5623=ORIENTED_EDGE('',*,*,#4221,.F.);
#5624=ORIENTED_EDGE('',*,*,#4224,.F.);
#5625=ORIENTED_EDGE('',*,*,#4227,.F.);
#5626=ORIENTED_EDGE('',*,*,#4230,.F.);
#5627=ORIENTED_EDGE('',*,*,#4233,.F.);
#5628=ORIENTED_EDGE('',*,*,#4236,.F.);
#5629=ORIENTED_EDGE('',*,*,#4239,.F.);
#5630=ORIENTED_EDGE('',*,*,#4242,.F.);
#5631=ORIENTED_EDGE('',*,*,#4245,.F.);
#5632=ORIENTED_EDGE('',*,*,#4246,.F.);
#5633=ORIENTED_EDGE('',*,*,#4247,.F.);
#5634=ORIENTED_EDGE('',*,*,#4248,.F.);
#5635=ORIENTED_EDGE('',*,*,#4249,.F.);
#5636=ORIENTED_EDGE('',*,*,#4250,.T.);
#5637=ORIENTED_EDGE('',*,*,#4251,.T.);
#5638=ORIENTED_EDGE('',*,*,#4252,.F.);
#5639=ORIENTED_EDGE('',*,*,#4253,.F.);
#5640=ORIENTED_EDGE('',*,*,#4254,.T.);
#5641=ORIENTED_EDGE('',*,*,#4255,.T.);
#5642=ORIENTED_EDGE('',*,*,#4250,.F.);
#5643=ORIENTED_EDGE('',*,*,#4256,.F.);
#5644=ORIENTED_EDGE('',*,*,#4257,.T.);
#5645=ORIENTED_EDGE('',*,*,#4258,.T.);
#5646=ORIENTED_EDGE('',*,*,#4254,.F.);
#5647=ORIENTED_EDGE('',*,*,#4259,.F.);
#5648=ORIENTED_EDGE('',*,*,#4260,.T.);
#5649=ORIENTED_EDGE('',*,*,#4261,.T.);
#5650=ORIENTED_EDGE('',*,*,#4257,.F.);
#5651=ORIENTED_EDGE('',*,*,#4262,.F.);
#5652=ORIENTED_EDGE('',*,*,#4263,.T.);
#5653=ORIENTED_EDGE('',*,*,#4264,.T.);
#5654=ORIENTED_EDGE('',*,*,#4260,.F.);
#5655=ORIENTED_EDGE('',*,*,#4265,.F.);
#5656=ORIENTED_EDGE('',*,*,#4266,.T.);
#5657=ORIENTED_EDGE('',*,*,#4267,.T.);
#5658=ORIENTED_EDGE('',*,*,#4263,.F.);
#5659=ORIENTED_EDGE('',*,*,#4268,.F.);
#5660=ORIENTED_EDGE('',*,*,#4269,.T.);
#5661=ORIENTED_EDGE('',*,*,#4270,.T.);
#5662=ORIENTED_EDGE('',*,*,#4266,.F.);
#5663=ORIENTED_EDGE('',*,*,#4271,.F.);
#5664=ORIENTED_EDGE('',*,*,#4272,.T.);
#5665=ORIENTED_EDGE('',*,*,#4273,.T.);
#5666=ORIENTED_EDGE('',*,*,#4269,.F.);
#5667=ORIENTED_EDGE('',*,*,#4274,.F.);
#5668=ORIENTED_EDGE('',*,*,#4275,.T.);
#5669=ORIENTED_EDGE('',*,*,#4276,.T.);
#5670=ORIENTED_EDGE('',*,*,#4272,.F.);
#5671=ORIENTED_EDGE('',*,*,#4277,.F.);
#5672=ORIENTED_EDGE('',*,*,#4278,.T.);
#5673=ORIENTED_EDGE('',*,*,#4279,.T.);
#5674=ORIENTED_EDGE('',*,*,#4275,.F.);
#5675=ORIENTED_EDGE('',*,*,#4280,.F.);
#5676=ORIENTED_EDGE('',*,*,#4281,.T.);
#5677=ORIENTED_EDGE('',*,*,#4282,.T.);
#5678=ORIENTED_EDGE('',*,*,#4278,.F.);
#5679=ORIENTED_EDGE('',*,*,#4283,.F.);
#5680=ORIENTED_EDGE('',*,*,#4284,.T.);
#5681=ORIENTED_EDGE('',*,*,#4285,.T.);
#5682=ORIENTED_EDGE('',*,*,#4281,.F.);
#5683=ORIENTED_EDGE('',*,*,#4286,.F.);
#5684=ORIENTED_EDGE('',*,*,#4287,.T.);
#5685=ORIENTED_EDGE('',*,*,#4288,.T.);
#5686=ORIENTED_EDGE('',*,*,#4284,.F.);
#5687=ORIENTED_EDGE('',*,*,#4289,.F.);
#5688=ORIENTED_EDGE('',*,*,#4290,.T.);
#5689=ORIENTED_EDGE('',*,*,#4291,.T.);
#5690=ORIENTED_EDGE('',*,*,#4287,.F.);
#5691=ORIENTED_EDGE('',*,*,#4292,.F.);
#5692=ORIENTED_EDGE('',*,*,#4293,.T.);
#5693=ORIENTED_EDGE('',*,*,#4294,.T.);
#5694=ORIENTED_EDGE('',*,*,#4290,.F.);
#5695=ORIENTED_EDGE('',*,*,#4295,.F.);
#5696=ORIENTED_EDGE('',*,*,#4252,.T.);
#5697=ORIENTED_EDGE('',*,*,#4296,.T.);
#5698=ORIENTED_EDGE('',*,*,#4293,.F.);
#5699=ORIENTED_EDGE('',*,*,#4296,.F.);
#5700=ORIENTED_EDGE('',*,*,#4251,.F.);
#5701=ORIENTED_EDGE('',*,*,#4255,.F.);
#5702=ORIENTED_EDGE('',*,*,#4258,.F.);
#5703=ORIENTED_EDGE('',*,*,#4261,.F.);
#5704=ORIENTED_EDGE('',*,*,#4264,.F.);
#5705=ORIENTED_EDGE('',*,*,#4267,.F.);
#5706=ORIENTED_EDGE('',*,*,#4270,.F.);
#5707=ORIENTED_EDGE('',*,*,#4273,.F.);
#5708=ORIENTED_EDGE('',*,*,#4276,.F.);
#5709=ORIENTED_EDGE('',*,*,#4279,.F.);
#5710=ORIENTED_EDGE('',*,*,#4282,.F.);
#5711=ORIENTED_EDGE('',*,*,#4285,.F.);
#5712=ORIENTED_EDGE('',*,*,#4288,.F.);
#5713=ORIENTED_EDGE('',*,*,#4291,.F.);
#5714=ORIENTED_EDGE('',*,*,#4294,.F.);
#5715=ORIENTED_EDGE('',*,*,#4297,.F.);
#5716=ORIENTED_EDGE('',*,*,#4298,.F.);
#5717=ORIENTED_EDGE('',*,*,#4299,.F.);
#5718=ORIENTED_EDGE('',*,*,#4300,.F.);
#5719=ORIENTED_EDGE('',*,*,#4301,.F.);
#5720=ORIENTED_EDGE('',*,*,#4302,.T.);
#5721=ORIENTED_EDGE('',*,*,#4303,.T.);
#5722=ORIENTED_EDGE('',*,*,#4304,.F.);
#5723=ORIENTED_EDGE('',*,*,#4305,.F.);
#5724=ORIENTED_EDGE('',*,*,#4306,.T.);
#5725=ORIENTED_EDGE('',*,*,#4307,.T.);
#5726=ORIENTED_EDGE('',*,*,#4302,.F.);
#5727=ORIENTED_EDGE('',*,*,#4308,.F.);
#5728=ORIENTED_EDGE('',*,*,#4309,.T.);
#5729=ORIENTED_EDGE('',*,*,#4310,.T.);
#5730=ORIENTED_EDGE('',*,*,#4306,.F.);
#5731=ORIENTED_EDGE('',*,*,#4311,.F.);
#5732=ORIENTED_EDGE('',*,*,#4312,.T.);
#5733=ORIENTED_EDGE('',*,*,#4313,.T.);
#5734=ORIENTED_EDGE('',*,*,#4309,.F.);
#5735=ORIENTED_EDGE('',*,*,#4314,.F.);
#5736=ORIENTED_EDGE('',*,*,#4315,.T.);
#5737=ORIENTED_EDGE('',*,*,#4316,.T.);
#5738=ORIENTED_EDGE('',*,*,#4312,.F.);
#5739=ORIENTED_EDGE('',*,*,#4317,.F.);
#5740=ORIENTED_EDGE('',*,*,#4318,.T.);
#5741=ORIENTED_EDGE('',*,*,#4319,.T.);
#5742=ORIENTED_EDGE('',*,*,#4315,.F.);
#5743=ORIENTED_EDGE('',*,*,#4320,.F.);
#5744=ORIENTED_EDGE('',*,*,#4321,.T.);
#5745=ORIENTED_EDGE('',*,*,#4322,.T.);
#5746=ORIENTED_EDGE('',*,*,#4318,.F.);
#5747=ORIENTED_EDGE('',*,*,#4323,.F.);
#5748=ORIENTED_EDGE('',*,*,#4324,.T.);
#5749=ORIENTED_EDGE('',*,*,#4325,.T.);
#5750=ORIENTED_EDGE('',*,*,#4321,.F.);
#5751=ORIENTED_EDGE('',*,*,#4326,.F.);
#5752=ORIENTED_EDGE('',*,*,#4327,.T.);
#5753=ORIENTED_EDGE('',*,*,#4328,.T.);
#5754=ORIENTED_EDGE('',*,*,#4324,.F.);
#5755=ORIENTED_EDGE('',*,*,#4329,.F.);
#5756=ORIENTED_EDGE('',*,*,#4330,.T.);
#5757=ORIENTED_EDGE('',*,*,#4331,.T.);
#5758=ORIENTED_EDGE('',*,*,#4327,.F.);
#5759=ORIENTED_EDGE('',*,*,#4332,.F.);
#5760=ORIENTED_EDGE('',*,*,#4333,.T.);
#5761=ORIENTED_EDGE('',*,*,#4334,.T.);
#5762=ORIENTED_EDGE('',*,*,#4330,.F.);
#5763=ORIENTED_EDGE('',*,*,#4335,.F.);
#5764=ORIENTED_EDGE('',*,*,#4336,.T.);
#5765=ORIENTED_EDGE('',*,*,#4337,.T.);
#5766=ORIENTED_EDGE('',*,*,#4333,.F.);
#5767=ORIENTED_EDGE('',*,*,#4338,.F.);
#5768=ORIENTED_EDGE('',*,*,#4339,.T.);
#5769=ORIENTED_EDGE('',*,*,#4340,.T.);
#5770=ORIENTED_EDGE('',*,*,#4336,.F.);
#5771=ORIENTED_EDGE('',*,*,#4341,.F.);
#5772=ORIENTED_EDGE('',*,*,#4342,.T.);
#5773=ORIENTED_EDGE('',*,*,#4343,.T.);
#5774=ORIENTED_EDGE('',*,*,#4339,.F.);
#5775=ORIENTED_EDGE('',*,*,#4344,.F.);
#5776=ORIENTED_EDGE('',*,*,#4345,.T.);
#5777=ORIENTED_EDGE('',*,*,#4346,.T.);
#5778=ORIENTED_EDGE('',*,*,#4342,.F.);
#5779=ORIENTED_EDGE('',*,*,#4347,.F.);
#5780=ORIENTED_EDGE('',*,*,#4304,.T.);
#5781=ORIENTED_EDGE('',*,*,#4348,.T.);
#5782=ORIENTED_EDGE('',*,*,#4345,.F.);
#5783=ORIENTED_EDGE('',*,*,#4348,.F.);
#5784=ORIENTED_EDGE('',*,*,#4303,.F.);
#5785=ORIENTED_EDGE('',*,*,#4307,.F.);
#5786=ORIENTED_EDGE('',*,*,#4310,.F.);
#5787=ORIENTED_EDGE('',*,*,#4313,.F.);
#5788=ORIENTED_EDGE('',*,*,#4316,.F.);
#5789=ORIENTED_EDGE('',*,*,#4319,.F.);
#5790=ORIENTED_EDGE('',*,*,#4322,.F.);
#5791=ORIENTED_EDGE('',*,*,#4325,.F.);
#5792=ORIENTED_EDGE('',*,*,#4328,.F.);
#5793=ORIENTED_EDGE('',*,*,#4331,.F.);
#5794=ORIENTED_EDGE('',*,*,#4334,.F.);
#5795=ORIENTED_EDGE('',*,*,#4337,.F.);
#5796=ORIENTED_EDGE('',*,*,#4340,.F.);
#5797=ORIENTED_EDGE('',*,*,#4343,.F.);
#5798=ORIENTED_EDGE('',*,*,#4346,.F.);
#5799=ORIENTED_EDGE('',*,*,#4349,.F.);
#5800=ORIENTED_EDGE('',*,*,#4350,.F.);
#5801=ORIENTED_EDGE('',*,*,#4351,.F.);
#5802=ORIENTED_EDGE('',*,*,#4352,.F.);
#5803=ORIENTED_EDGE('',*,*,#4353,.F.);
#5804=ORIENTED_EDGE('',*,*,#4354,.T.);
#5805=ORIENTED_EDGE('',*,*,#4355,.T.);
#5806=ORIENTED_EDGE('',*,*,#4356,.F.);
#5807=ORIENTED_EDGE('',*,*,#4357,.F.);
#5808=ORIENTED_EDGE('',*,*,#4358,.T.);
#5809=ORIENTED_EDGE('',*,*,#4359,.T.);
#5810=ORIENTED_EDGE('',*,*,#4354,.F.);
#5811=ORIENTED_EDGE('',*,*,#4360,.F.);
#5812=ORIENTED_EDGE('',*,*,#4361,.T.);
#5813=ORIENTED_EDGE('',*,*,#4362,.T.);
#5814=ORIENTED_EDGE('',*,*,#4358,.F.);
#5815=ORIENTED_EDGE('',*,*,#4363,.F.);
#5816=ORIENTED_EDGE('',*,*,#4364,.T.);
#5817=ORIENTED_EDGE('',*,*,#4365,.T.);
#5818=ORIENTED_EDGE('',*,*,#4361,.F.);
#5819=ORIENTED_EDGE('',*,*,#4366,.F.);
#5820=ORIENTED_EDGE('',*,*,#4367,.T.);
#5821=ORIENTED_EDGE('',*,*,#4368,.T.);
#5822=ORIENTED_EDGE('',*,*,#4364,.F.);
#5823=ORIENTED_EDGE('',*,*,#4369,.F.);
#5824=ORIENTED_EDGE('',*,*,#4370,.T.);
#5825=ORIENTED_EDGE('',*,*,#4371,.T.);
#5826=ORIENTED_EDGE('',*,*,#4367,.F.);
#5827=ORIENTED_EDGE('',*,*,#4372,.F.);
#5828=ORIENTED_EDGE('',*,*,#4373,.T.);
#5829=ORIENTED_EDGE('',*,*,#4374,.T.);
#5830=ORIENTED_EDGE('',*,*,#4370,.F.);
#5831=ORIENTED_EDGE('',*,*,#4375,.F.);
#5832=ORIENTED_EDGE('',*,*,#4376,.T.);
#5833=ORIENTED_EDGE('',*,*,#4377,.T.);
#5834=ORIENTED_EDGE('',*,*,#4373,.F.);
#5835=ORIENTED_EDGE('',*,*,#4378,.F.);
#5836=ORIENTED_EDGE('',*,*,#4379,.T.);
#5837=ORIENTED_EDGE('',*,*,#4380,.T.);
#5838=ORIENTED_EDGE('',*,*,#4376,.F.);
#5839=ORIENTED_EDGE('',*,*,#4381,.F.);
#5840=ORIENTED_EDGE('',*,*,#4382,.T.);
#5841=ORIENTED_EDGE('',*,*,#4383,.T.);
#5842=ORIENTED_EDGE('',*,*,#4379,.F.);
#5843=ORIENTED_EDGE('',*,*,#4384,.F.);
#5844=ORIENTED_EDGE('',*,*,#4385,.T.);
#5845=ORIENTED_EDGE('',*,*,#4386,.T.);
#5846=ORIENTED_EDGE('',*,*,#4382,.F.);
#5847=ORIENTED_EDGE('',*,*,#4387,.F.);
#5848=ORIENTED_EDGE('',*,*,#4388,.T.);
#5849=ORIENTED_EDGE('',*,*,#4389,.T.);
#5850=ORIENTED_EDGE('',*,*,#4385,.F.);
#5851=ORIENTED_EDGE('',*,*,#4390,.F.);
#5852=ORIENTED_EDGE('',*,*,#4391,.T.);
#5853=ORIENTED_EDGE('',*,*,#4392,.T.);
#5854=ORIENTED_EDGE('',*,*,#4388,.F.);
#5855=ORIENTED_EDGE('',*,*,#4393,.F.);
#5856=ORIENTED_EDGE('',*,*,#4394,.T.);
#5857=ORIENTED_EDGE('',*,*,#4395,.T.);
#5858=ORIENTED_EDGE('',*,*,#4391,.F.);
#5859=ORIENTED_EDGE('',*,*,#4396,.F.);
#5860=ORIENTED_EDGE('',*,*,#4397,.T.);
#5861=ORIENTED_EDGE('',*,*,#4398,.T.);
#5862=ORIENTED_EDGE('',*,*,#4394,.F.);
#5863=ORIENTED_EDGE('',*,*,#4399,.F.);
#5864=ORIENTED_EDGE('',*,*,#4356,.T.);
#5865=ORIENTED_EDGE('',*,*,#4400,.T.);
#5866=ORIENTED_EDGE('',*,*,#4397,.F.);
#5867=ORIENTED_EDGE('',*,*,#4400,.F.);
#5868=ORIENTED_EDGE('',*,*,#4355,.F.);
#5869=ORIENTED_EDGE('',*,*,#4359,.F.);
#5870=ORIENTED_EDGE('',*,*,#4362,.F.);
#5871=ORIENTED_EDGE('',*,*,#4365,.F.);
#5872=ORIENTED_EDGE('',*,*,#4368,.F.);
#5873=ORIENTED_EDGE('',*,*,#4371,.F.);
#5874=ORIENTED_EDGE('',*,*,#4374,.F.);
#5875=ORIENTED_EDGE('',*,*,#4377,.F.);
#5876=ORIENTED_EDGE('',*,*,#4380,.F.);
#5877=ORIENTED_EDGE('',*,*,#4383,.F.);
#5878=ORIENTED_EDGE('',*,*,#4386,.F.);
#5879=ORIENTED_EDGE('',*,*,#4389,.F.);
#5880=ORIENTED_EDGE('',*,*,#4392,.F.);
#5881=ORIENTED_EDGE('',*,*,#4395,.F.);
#5882=ORIENTED_EDGE('',*,*,#4398,.F.);
#5883=ORIENTED_EDGE('',*,*,#4401,.F.);
#5884=ORIENTED_EDGE('',*,*,#4402,.F.);
#5885=ORIENTED_EDGE('',*,*,#4403,.F.);
#5886=ORIENTED_EDGE('',*,*,#4404,.F.);
#5887=ORIENTED_EDGE('',*,*,#3778,.T.);
#5888=ORIENTED_EDGE('',*,*,#4405,.T.);
#5889=ORIENTED_EDGE('',*,*,#3709,.F.);
#5890=ORIENTED_EDGE('',*,*,#4406,.F.);
#5891=ORIENTED_EDGE('',*,*,#3777,.T.);
#5892=ORIENTED_EDGE('',*,*,#4407,.T.);
#5893=ORIENTED_EDGE('',*,*,#3710,.F.);
#5894=ORIENTED_EDGE('',*,*,#4405,.F.);
#5895=ORIENTED_EDGE('',*,*,#3830,.T.);
#5896=ORIENTED_EDGE('',*,*,#4408,.T.);
#5897=ORIENTED_EDGE('',*,*,#3677,.F.);
#5898=ORIENTED_EDGE('',*,*,#4409,.F.);
#5899=ORIENTED_EDGE('',*,*,#3829,.T.);
#5900=ORIENTED_EDGE('',*,*,#4410,.T.);
#5901=ORIENTED_EDGE('',*,*,#3678,.F.);
#5902=ORIENTED_EDGE('',*,*,#4408,.F.);
#5903=ORIENTED_EDGE('',*,*,#3882,.T.);
#5904=ORIENTED_EDGE('',*,*,#4411,.T.);
#5905=ORIENTED_EDGE('',*,*,#3673,.F.);
#5906=ORIENTED_EDGE('',*,*,#4412,.F.);
#5907=ORIENTED_EDGE('',*,*,#3881,.T.);
#5908=ORIENTED_EDGE('',*,*,#4413,.T.);
#5909=ORIENTED_EDGE('',*,*,#3674,.F.);
#5910=ORIENTED_EDGE('',*,*,#4411,.F.);
#5911=ORIENTED_EDGE('',*,*,#3934,.T.);
#5912=ORIENTED_EDGE('',*,*,#4414,.T.);
#5913=ORIENTED_EDGE('',*,*,#3697,.F.);
#5914=ORIENTED_EDGE('',*,*,#4415,.F.);
#5915=ORIENTED_EDGE('',*,*,#3933,.T.);
#5916=ORIENTED_EDGE('',*,*,#4416,.T.);
#5917=ORIENTED_EDGE('',*,*,#3698,.F.);
#5918=ORIENTED_EDGE('',*,*,#4414,.F.);
#5919=ORIENTED_EDGE('',*,*,#3986,.T.);
#5920=ORIENTED_EDGE('',*,*,#4417,.T.);
#5921=ORIENTED_EDGE('',*,*,#3665,.F.);
#5922=ORIENTED_EDGE('',*,*,#4418,.F.);
#5923=ORIENTED_EDGE('',*,*,#3985,.T.);
#5924=ORIENTED_EDGE('',*,*,#4419,.T.);
#5925=ORIENTED_EDGE('',*,*,#3666,.F.);
#5926=ORIENTED_EDGE('',*,*,#4417,.F.);
#5927=ORIENTED_EDGE('',*,*,#4038,.T.);
#5928=ORIENTED_EDGE('',*,*,#4420,.T.);
#5929=ORIENTED_EDGE('',*,*,#3681,.F.);
#5930=ORIENTED_EDGE('',*,*,#4421,.F.);
#5931=ORIENTED_EDGE('',*,*,#4037,.T.);
#5932=ORIENTED_EDGE('',*,*,#4422,.T.);
#5933=ORIENTED_EDGE('',*,*,#3682,.F.);
#5934=ORIENTED_EDGE('',*,*,#4420,.F.);
#5935=ORIENTED_EDGE('',*,*,#4090,.T.);
#5936=ORIENTED_EDGE('',*,*,#4423,.T.);
#5937=ORIENTED_EDGE('',*,*,#3705,.F.);
#5938=ORIENTED_EDGE('',*,*,#4424,.F.);
#5939=ORIENTED_EDGE('',*,*,#4089,.T.);
#5940=ORIENTED_EDGE('',*,*,#4425,.T.);
#5941=ORIENTED_EDGE('',*,*,#3706,.F.);
#5942=ORIENTED_EDGE('',*,*,#4423,.F.);
#5943=ORIENTED_EDGE('',*,*,#4142,.T.);
#5944=ORIENTED_EDGE('',*,*,#4426,.T.);
#5945=ORIENTED_EDGE('',*,*,#3661,.F.);
#5946=ORIENTED_EDGE('',*,*,#4427,.F.);
#5947=ORIENTED_EDGE('',*,*,#4141,.T.);
#5948=ORIENTED_EDGE('',*,*,#4428,.T.);
#5949=ORIENTED_EDGE('',*,*,#3662,.F.);
#5950=ORIENTED_EDGE('',*,*,#4426,.F.);
#5951=ORIENTED_EDGE('',*,*,#4194,.T.);
#5952=ORIENTED_EDGE('',*,*,#4429,.T.);
#5953=ORIENTED_EDGE('',*,*,#3669,.F.);
#5954=ORIENTED_EDGE('',*,*,#4430,.F.);
#5955=ORIENTED_EDGE('',*,*,#4193,.T.);
#5956=ORIENTED_EDGE('',*,*,#4431,.T.);
#5957=ORIENTED_EDGE('',*,*,#3670,.F.);
#5958=ORIENTED_EDGE('',*,*,#4429,.F.);
#5959=ORIENTED_EDGE('',*,*,#4246,.T.);
#5960=ORIENTED_EDGE('',*,*,#4432,.T.);
#5961=ORIENTED_EDGE('',*,*,#3701,.F.);
#5962=ORIENTED_EDGE('',*,*,#4433,.F.);
#5963=ORIENTED_EDGE('',*,*,#4245,.T.);
#5964=ORIENTED_EDGE('',*,*,#4434,.T.);
#5965=ORIENTED_EDGE('',*,*,#3702,.F.);
#5966=ORIENTED_EDGE('',*,*,#4432,.F.);
#5967=ORIENTED_EDGE('',*,*,#4298,.T.);
#5968=ORIENTED_EDGE('',*,*,#4435,.T.);
#5969=ORIENTED_EDGE('',*,*,#3693,.F.);
#5970=ORIENTED_EDGE('',*,*,#4436,.F.);
#5971=ORIENTED_EDGE('',*,*,#4297,.T.);
#5972=ORIENTED_EDGE('',*,*,#4437,.T.);
#5973=ORIENTED_EDGE('',*,*,#3694,.F.);
#5974=ORIENTED_EDGE('',*,*,#4435,.F.);
#5975=ORIENTED_EDGE('',*,*,#4350,.T.);
#5976=ORIENTED_EDGE('',*,*,#4438,.T.);
#5977=ORIENTED_EDGE('',*,*,#3689,.F.);
#5978=ORIENTED_EDGE('',*,*,#4439,.F.);
#5979=ORIENTED_EDGE('',*,*,#4349,.T.);
#5980=ORIENTED_EDGE('',*,*,#4440,.T.);
#5981=ORIENTED_EDGE('',*,*,#3690,.F.);
#5982=ORIENTED_EDGE('',*,*,#4438,.F.);
#5983=ORIENTED_EDGE('',*,*,#4402,.T.);
#5984=ORIENTED_EDGE('',*,*,#4441,.T.);
#5985=ORIENTED_EDGE('',*,*,#3685,.F.);
#5986=ORIENTED_EDGE('',*,*,#4442,.F.);
#5987=ORIENTED_EDGE('',*,*,#4401,.T.);
#5988=ORIENTED_EDGE('',*,*,#4443,.T.);
#5989=ORIENTED_EDGE('',*,*,#3686,.F.);
#5990=ORIENTED_EDGE('',*,*,#4441,.F.);
#5991=ORIENTED_EDGE('',*,*,#3780,.T.);
#5992=ORIENTED_EDGE('',*,*,#4444,.T.);
#5993=ORIENTED_EDGE('',*,*,#3707,.F.);
#5994=ORIENTED_EDGE('',*,*,#4407,.F.);
#5995=ORIENTED_EDGE('',*,*,#3779,.T.);
#5996=ORIENTED_EDGE('',*,*,#4406,.T.);
#5997=ORIENTED_EDGE('',*,*,#3708,.F.);
#5998=ORIENTED_EDGE('',*,*,#4444,.F.);
#5999=ORIENTED_EDGE('',*,*,#4092,.T.);
#6000=ORIENTED_EDGE('',*,*,#4445,.T.);
#6001=ORIENTED_EDGE('',*,*,#3703,.F.);
#6002=ORIENTED_EDGE('',*,*,#4425,.F.);
#6003=ORIENTED_EDGE('',*,*,#4091,.T.);
#6004=ORIENTED_EDGE('',*,*,#4424,.T.);
#6005=ORIENTED_EDGE('',*,*,#3704,.F.);
#6006=ORIENTED_EDGE('',*,*,#4445,.F.);
#6007=ORIENTED_EDGE('',*,*,#4248,.T.);
#6008=ORIENTED_EDGE('',*,*,#4446,.T.);
#6009=ORIENTED_EDGE('',*,*,#3699,.F.);
#6010=ORIENTED_EDGE('',*,*,#4434,.F.);
#6011=ORIENTED_EDGE('',*,*,#4247,.T.);
#6012=ORIENTED_EDGE('',*,*,#4433,.T.);
#6013=ORIENTED_EDGE('',*,*,#3700,.F.);
#6014=ORIENTED_EDGE('',*,*,#4446,.F.);
#6015=ORIENTED_EDGE('',*,*,#3936,.T.);
#6016=ORIENTED_EDGE('',*,*,#4447,.T.);
#6017=ORIENTED_EDGE('',*,*,#3695,.F.);
#6018=ORIENTED_EDGE('',*,*,#4416,.F.);
#6019=ORIENTED_EDGE('',*,*,#3935,.T.);
#6020=ORIENTED_EDGE('',*,*,#4415,.T.);
#6021=ORIENTED_EDGE('',*,*,#3696,.F.);
#6022=ORIENTED_EDGE('',*,*,#4447,.F.);
#6023=ORIENTED_EDGE('',*,*,#4300,.T.);
#6024=ORIENTED_EDGE('',*,*,#4448,.T.);
#6025=ORIENTED_EDGE('',*,*,#3691,.F.);
#6026=ORIENTED_EDGE('',*,*,#4437,.F.);
#6027=ORIENTED_EDGE('',*,*,#4299,.T.);
#6028=ORIENTED_EDGE('',*,*,#4436,.T.);
#6029=ORIENTED_EDGE('',*,*,#3692,.F.);
#6030=ORIENTED_EDGE('',*,*,#4448,.F.);
#6031=ORIENTED_EDGE('',*,*,#4352,.T.);
#6032=ORIENTED_EDGE('',*,*,#4449,.T.);
#6033=ORIENTED_EDGE('',*,*,#3687,.F.);
#6034=ORIENTED_EDGE('',*,*,#4440,.F.);
#6035=ORIENTED_EDGE('',*,*,#4351,.T.);
#6036=ORIENTED_EDGE('',*,*,#4439,.T.);
#6037=ORIENTED_EDGE('',*,*,#3688,.F.);
#6038=ORIENTED_EDGE('',*,*,#4449,.F.);
#6039=ORIENTED_EDGE('',*,*,#4404,.T.);
#6040=ORIENTED_EDGE('',*,*,#4450,.T.);
#6041=ORIENTED_EDGE('',*,*,#3683,.F.);
#6042=ORIENTED_EDGE('',*,*,#4443,.F.);
#6043=ORIENTED_EDGE('',*,*,#4403,.T.);
#6044=ORIENTED_EDGE('',*,*,#4442,.T.);
#6045=ORIENTED_EDGE('',*,*,#3684,.F.);
#6046=ORIENTED_EDGE('',*,*,#4450,.F.);
#6047=ORIENTED_EDGE('',*,*,#4040,.T.);
#6048=ORIENTED_EDGE('',*,*,#4451,.T.);
#6049=ORIENTED_EDGE('',*,*,#3679,.F.);
#6050=ORIENTED_EDGE('',*,*,#4422,.F.);
#6051=ORIENTED_EDGE('',*,*,#4039,.T.);
#6052=ORIENTED_EDGE('',*,*,#4421,.T.);
#6053=ORIENTED_EDGE('',*,*,#3680,.F.);
#6054=ORIENTED_EDGE('',*,*,#4451,.F.);
#6055=ORIENTED_EDGE('',*,*,#3832,.T.);
#6056=ORIENTED_EDGE('',*,*,#4452,.T.);
#6057=ORIENTED_EDGE('',*,*,#3675,.F.);
#6058=ORIENTED_EDGE('',*,*,#4410,.F.);
#6059=ORIENTED_EDGE('',*,*,#3831,.T.);
#6060=ORIENTED_EDGE('',*,*,#4409,.T.);
#6061=ORIENTED_EDGE('',*,*,#3676,.F.);
#6062=ORIENTED_EDGE('',*,*,#4452,.F.);
#6063=ORIENTED_EDGE('',*,*,#3884,.T.);
#6064=ORIENTED_EDGE('',*,*,#4453,.T.);
#6065=ORIENTED_EDGE('',*,*,#3671,.F.);
#6066=ORIENTED_EDGE('',*,*,#4413,.F.);
#6067=ORIENTED_EDGE('',*,*,#3883,.T.);
#6068=ORIENTED_EDGE('',*,*,#4412,.T.);
#6069=ORIENTED_EDGE('',*,*,#3672,.F.);
#6070=ORIENTED_EDGE('',*,*,#4453,.F.);
#6071=ORIENTED_EDGE('',*,*,#4196,.T.);
#6072=ORIENTED_EDGE('',*,*,#4454,.T.);
#6073=ORIENTED_EDGE('',*,*,#3667,.F.);
#6074=ORIENTED_EDGE('',*,*,#4431,.F.);
#6075=ORIENTED_EDGE('',*,*,#4195,.T.);
#6076=ORIENTED_EDGE('',*,*,#4430,.T.);
#6077=ORIENTED_EDGE('',*,*,#3668,.F.);
#6078=ORIENTED_EDGE('',*,*,#4454,.F.);
#6079=ORIENTED_EDGE('',*,*,#3988,.T.);
#6080=ORIENTED_EDGE('',*,*,#4455,.T.);
#6081=ORIENTED_EDGE('',*,*,#3663,.F.);
#6082=ORIENTED_EDGE('',*,*,#4419,.F.);
#6083=ORIENTED_EDGE('',*,*,#3987,.T.);
#6084=ORIENTED_EDGE('',*,*,#4418,.T.);
#6085=ORIENTED_EDGE('',*,*,#3664,.F.);
#6086=ORIENTED_EDGE('',*,*,#4455,.F.);
#6087=ORIENTED_EDGE('',*,*,#4144,.T.);
#6088=ORIENTED_EDGE('',*,*,#4456,.T.);
#6089=ORIENTED_EDGE('',*,*,#3659,.F.);
#6090=ORIENTED_EDGE('',*,*,#4428,.F.);
#6091=ORIENTED_EDGE('',*,*,#4143,.T.);
#6092=ORIENTED_EDGE('',*,*,#4427,.T.);
#6093=ORIENTED_EDGE('',*,*,#3660,.F.);
#6094=ORIENTED_EDGE('',*,*,#4456,.F.);
#6095=ORIENTED_EDGE('',*,*,#4457,.F.);
#6096=ORIENTED_EDGE('',*,*,#4458,.T.);
#6097=ORIENTED_EDGE('',*,*,#3654,.F.);
#6098=ORIENTED_EDGE('',*,*,#4459,.F.);
#6099=ORIENTED_EDGE('',*,*,#4460,.F.);
#6100=ORIENTED_EDGE('',*,*,#4461,.T.);
#6101=ORIENTED_EDGE('',*,*,#3655,.F.);
#6102=ORIENTED_EDGE('',*,*,#4458,.F.);
#6103=ORIENTED_EDGE('',*,*,#4462,.F.);
#6104=ORIENTED_EDGE('',*,*,#4463,.T.);
#6105=ORIENTED_EDGE('',*,*,#3656,.F.);
#6106=ORIENTED_EDGE('',*,*,#4461,.F.);
#6107=ORIENTED_EDGE('',*,*,#4464,.F.);
#6108=ORIENTED_EDGE('',*,*,#4465,.T.);
#6109=ORIENTED_EDGE('',*,*,#3657,.F.);
#6110=ORIENTED_EDGE('',*,*,#4463,.F.);
#6111=ORIENTED_EDGE('',*,*,#4466,.F.);
#6112=ORIENTED_EDGE('',*,*,#4459,.T.);
#6113=ORIENTED_EDGE('',*,*,#3658,.F.);
#6114=ORIENTED_EDGE('',*,*,#4465,.F.);
#6115=ORIENTED_EDGE('',*,*,#3640,.F.);
#6116=ORIENTED_EDGE('',*,*,#4467,.T.);
#6117=ORIENTED_EDGE('',*,*,#3719,.F.);
#6118=ORIENTED_EDGE('',*,*,#3644,.F.);
#6119=ORIENTED_EDGE('',*,*,#3639,.F.);
#6120=ORIENTED_EDGE('',*,*,#3643,.F.);
#6121=ORIENTED_EDGE('',*,*,#3712,.F.);
#6122=ORIENTED_EDGE('',*,*,#3714,.F.);
#6123=ORIENTED_EDGE('',*,*,#3716,.F.);
#6124=ORIENTED_EDGE('',*,*,#3718,.F.);
#6125=ORIENTED_EDGE('',*,*,#3720,.F.);
#6126=ORIENTED_EDGE('',*,*,#4467,.F.);
#6127=ORIENTED_EDGE('',*,*,#3721,.T.);
#6128=ORIENTED_EDGE('',*,*,#3723,.T.);
#6129=ORIENTED_EDGE('',*,*,#3725,.T.);
#6130=ORIENTED_EDGE('',*,*,#3727,.T.);
#6131=ORIENTED_EDGE('',*,*,#4457,.T.);
#6132=ORIENTED_EDGE('',*,*,#4466,.T.);
#6133=ORIENTED_EDGE('',*,*,#4464,.T.);
#6134=ORIENTED_EDGE('',*,*,#4462,.T.);
#6135=ORIENTED_EDGE('',*,*,#4460,.T.);
#6136=ORIENTED_EDGE('',*,*,#4353,.T.);
#6137=ORIENTED_EDGE('',*,*,#4399,.T.);
#6138=ORIENTED_EDGE('',*,*,#4396,.T.);
#6139=ORIENTED_EDGE('',*,*,#4393,.T.);
#6140=ORIENTED_EDGE('',*,*,#4390,.T.);
#6141=ORIENTED_EDGE('',*,*,#4387,.T.);
#6142=ORIENTED_EDGE('',*,*,#4384,.T.);
#6143=ORIENTED_EDGE('',*,*,#4381,.T.);
#6144=ORIENTED_EDGE('',*,*,#4378,.T.);
#6145=ORIENTED_EDGE('',*,*,#4375,.T.);
#6146=ORIENTED_EDGE('',*,*,#4372,.T.);
#6147=ORIENTED_EDGE('',*,*,#4369,.T.);
#6148=ORIENTED_EDGE('',*,*,#4366,.T.);
#6149=ORIENTED_EDGE('',*,*,#4363,.T.);
#6150=ORIENTED_EDGE('',*,*,#4360,.T.);
#6151=ORIENTED_EDGE('',*,*,#4357,.T.);
#6152=ORIENTED_EDGE('',*,*,#4301,.T.);
#6153=ORIENTED_EDGE('',*,*,#4347,.T.);
#6154=ORIENTED_EDGE('',*,*,#4344,.T.);
#6155=ORIENTED_EDGE('',*,*,#4341,.T.);
#6156=ORIENTED_EDGE('',*,*,#4338,.T.);
#6157=ORIENTED_EDGE('',*,*,#4335,.T.);
#6158=ORIENTED_EDGE('',*,*,#4332,.T.);
#6159=ORIENTED_EDGE('',*,*,#4329,.T.);
#6160=ORIENTED_EDGE('',*,*,#4326,.T.);
#6161=ORIENTED_EDGE('',*,*,#4323,.T.);
#6162=ORIENTED_EDGE('',*,*,#4320,.T.);
#6163=ORIENTED_EDGE('',*,*,#4317,.T.);
#6164=ORIENTED_EDGE('',*,*,#4314,.T.);
#6165=ORIENTED_EDGE('',*,*,#4311,.T.);
#6166=ORIENTED_EDGE('',*,*,#4308,.T.);
#6167=ORIENTED_EDGE('',*,*,#4305,.T.);
#6168=ORIENTED_EDGE('',*,*,#4249,.T.);
#6169=ORIENTED_EDGE('',*,*,#4295,.T.);
#6170=ORIENTED_EDGE('',*,*,#4292,.T.);
#6171=ORIENTED_EDGE('',*,*,#4289,.T.);
#6172=ORIENTED_EDGE('',*,*,#4286,.T.);
#6173=ORIENTED_EDGE('',*,*,#4283,.T.);
#6174=ORIENTED_EDGE('',*,*,#4280,.T.);
#6175=ORIENTED_EDGE('',*,*,#4277,.T.);
#6176=ORIENTED_EDGE('',*,*,#4274,.T.);
#6177=ORIENTED_EDGE('',*,*,#4271,.T.);
#6178=ORIENTED_EDGE('',*,*,#4268,.T.);
#6179=ORIENTED_EDGE('',*,*,#4265,.T.);
#6180=ORIENTED_EDGE('',*,*,#4262,.T.);
#6181=ORIENTED_EDGE('',*,*,#4259,.T.);
#6182=ORIENTED_EDGE('',*,*,#4256,.T.);
#6183=ORIENTED_EDGE('',*,*,#4253,.T.);
#6184=ORIENTED_EDGE('',*,*,#4197,.T.);
#6185=ORIENTED_EDGE('',*,*,#4243,.T.);
#6186=ORIENTED_EDGE('',*,*,#4240,.T.);
#6187=ORIENTED_EDGE('',*,*,#4237,.T.);
#6188=ORIENTED_EDGE('',*,*,#4234,.T.);
#6189=ORIENTED_EDGE('',*,*,#4231,.T.);
#6190=ORIENTED_EDGE('',*,*,#4228,.T.);
#6191=ORIENTED_EDGE('',*,*,#4225,.T.);
#6192=ORIENTED_EDGE('',*,*,#4222,.T.);
#6193=ORIENTED_EDGE('',*,*,#4219,.T.);
#6194=ORIENTED_EDGE('',*,*,#4216,.T.);
#6195=ORIENTED_EDGE('',*,*,#4213,.T.);
#6196=ORIENTED_EDGE('',*,*,#4210,.T.);
#6197=ORIENTED_EDGE('',*,*,#4207,.T.);
#6198=ORIENTED_EDGE('',*,*,#4204,.T.);
#6199=ORIENTED_EDGE('',*,*,#4201,.T.);
#6200=ORIENTED_EDGE('',*,*,#4145,.T.);
#6201=ORIENTED_EDGE('',*,*,#4191,.T.);
#6202=ORIENTED_EDGE('',*,*,#4188,.T.);
#6203=ORIENTED_EDGE('',*,*,#4185,.T.);
#6204=ORIENTED_EDGE('',*,*,#4182,.T.);
#6205=ORIENTED_EDGE('',*,*,#4179,.T.);
#6206=ORIENTED_EDGE('',*,*,#4176,.T.);
#6207=ORIENTED_EDGE('',*,*,#4173,.T.);
#6208=ORIENTED_EDGE('',*,*,#4170,.T.);
#6209=ORIENTED_EDGE('',*,*,#4167,.T.);
#6210=ORIENTED_EDGE('',*,*,#4164,.T.);
#6211=ORIENTED_EDGE('',*,*,#4161,.T.);
#6212=ORIENTED_EDGE('',*,*,#4158,.T.);
#6213=ORIENTED_EDGE('',*,*,#4155,.T.);
#6214=ORIENTED_EDGE('',*,*,#4152,.T.);
#6215=ORIENTED_EDGE('',*,*,#4149,.T.);
#6216=ORIENTED_EDGE('',*,*,#4093,.T.);
#6217=ORIENTED_EDGE('',*,*,#4139,.T.);
#6218=ORIENTED_EDGE('',*,*,#4136,.T.);
#6219=ORIENTED_EDGE('',*,*,#4133,.T.);
#6220=ORIENTED_EDGE('',*,*,#4130,.T.);
#6221=ORIENTED_EDGE('',*,*,#4127,.T.);
#6222=ORIENTED_EDGE('',*,*,#4124,.T.);
#6223=ORIENTED_EDGE('',*,*,#4121,.T.);
#6224=ORIENTED_EDGE('',*,*,#4118,.T.);
#6225=ORIENTED_EDGE('',*,*,#4115,.T.);
#6226=ORIENTED_EDGE('',*,*,#4112,.T.);
#6227=ORIENTED_EDGE('',*,*,#4109,.T.);
#6228=ORIENTED_EDGE('',*,*,#4106,.T.);
#6229=ORIENTED_EDGE('',*,*,#4103,.T.);
#6230=ORIENTED_EDGE('',*,*,#4100,.T.);
#6231=ORIENTED_EDGE('',*,*,#4097,.T.);
#6232=ORIENTED_EDGE('',*,*,#4041,.T.);
#6233=ORIENTED_EDGE('',*,*,#4087,.T.);
#6234=ORIENTED_EDGE('',*,*,#4084,.T.);
#6235=ORIENTED_EDGE('',*,*,#4081,.T.);
#6236=ORIENTED_EDGE('',*,*,#4078,.T.);
#6237=ORIENTED_EDGE('',*,*,#4075,.T.);
#6238=ORIENTED_EDGE('',*,*,#4072,.T.);
#6239=ORIENTED_EDGE('',*,*,#4069,.T.);
#6240=ORIENTED_EDGE('',*,*,#4066,.T.);
#6241=ORIENTED_EDGE('',*,*,#4063,.T.);
#6242=ORIENTED_EDGE('',*,*,#4060,.T.);
#6243=ORIENTED_EDGE('',*,*,#4057,.T.);
#6244=ORIENTED_EDGE('',*,*,#4054,.T.);
#6245=ORIENTED_EDGE('',*,*,#4051,.T.);
#6246=ORIENTED_EDGE('',*,*,#4048,.T.);
#6247=ORIENTED_EDGE('',*,*,#4045,.T.);
#6248=ORIENTED_EDGE('',*,*,#3989,.T.);
#6249=ORIENTED_EDGE('',*,*,#4035,.T.);
#6250=ORIENTED_EDGE('',*,*,#4032,.T.);
#6251=ORIENTED_EDGE('',*,*,#4029,.T.);
#6252=ORIENTED_EDGE('',*,*,#4026,.T.);
#6253=ORIENTED_EDGE('',*,*,#4023,.T.);
#6254=ORIENTED_EDGE('',*,*,#4020,.T.);
#6255=ORIENTED_EDGE('',*,*,#4017,.T.);
#6256=ORIENTED_EDGE('',*,*,#4014,.T.);
#6257=ORIENTED_EDGE('',*,*,#4011,.T.);
#6258=ORIENTED_EDGE('',*,*,#4008,.T.);
#6259=ORIENTED_EDGE('',*,*,#4005,.T.);
#6260=ORIENTED_EDGE('',*,*,#4002,.T.);
#6261=ORIENTED_EDGE('',*,*,#3999,.T.);
#6262=ORIENTED_EDGE('',*,*,#3996,.T.);
#6263=ORIENTED_EDGE('',*,*,#3993,.T.);
#6264=ORIENTED_EDGE('',*,*,#3937,.T.);
#6265=ORIENTED_EDGE('',*,*,#3983,.T.);
#6266=ORIENTED_EDGE('',*,*,#3980,.T.);
#6267=ORIENTED_EDGE('',*,*,#3977,.T.);
#6268=ORIENTED_EDGE('',*,*,#3974,.T.);
#6269=ORIENTED_EDGE('',*,*,#3971,.T.);
#6270=ORIENTED_EDGE('',*,*,#3968,.T.);
#6271=ORIENTED_EDGE('',*,*,#3965,.T.);
#6272=ORIENTED_EDGE('',*,*,#3962,.T.);
#6273=ORIENTED_EDGE('',*,*,#3959,.T.);
#6274=ORIENTED_EDGE('',*,*,#3956,.T.);
#6275=ORIENTED_EDGE('',*,*,#3953,.T.);
#6276=ORIENTED_EDGE('',*,*,#3950,.T.);
#6277=ORIENTED_EDGE('',*,*,#3947,.T.);
#6278=ORIENTED_EDGE('',*,*,#3944,.T.);
#6279=ORIENTED_EDGE('',*,*,#3941,.T.);
#6280=ORIENTED_EDGE('',*,*,#3885,.T.);
#6281=ORIENTED_EDGE('',*,*,#3931,.T.);
#6282=ORIENTED_EDGE('',*,*,#3928,.T.);
#6283=ORIENTED_EDGE('',*,*,#3925,.T.);
#6284=ORIENTED_EDGE('',*,*,#3922,.T.);
#6285=ORIENTED_EDGE('',*,*,#3919,.T.);
#6286=ORIENTED_EDGE('',*,*,#3916,.T.);
#6287=ORIENTED_EDGE('',*,*,#3913,.T.);
#6288=ORIENTED_EDGE('',*,*,#3910,.T.);
#6289=ORIENTED_EDGE('',*,*,#3907,.T.);
#6290=ORIENTED_EDGE('',*,*,#3904,.T.);
#6291=ORIENTED_EDGE('',*,*,#3901,.T.);
#6292=ORIENTED_EDGE('',*,*,#3898,.T.);
#6293=ORIENTED_EDGE('',*,*,#3895,.T.);
#6294=ORIENTED_EDGE('',*,*,#3892,.T.);
#6295=ORIENTED_EDGE('',*,*,#3889,.T.);
#6296=ORIENTED_EDGE('',*,*,#3833,.T.);
#6297=ORIENTED_EDGE('',*,*,#3879,.T.);
#6298=ORIENTED_EDGE('',*,*,#3876,.T.);
#6299=ORIENTED_EDGE('',*,*,#3873,.T.);
#6300=ORIENTED_EDGE('',*,*,#3870,.T.);
#6301=ORIENTED_EDGE('',*,*,#3867,.T.);
#6302=ORIENTED_EDGE('',*,*,#3864,.T.);
#6303=ORIENTED_EDGE('',*,*,#3861,.T.);
#6304=ORIENTED_EDGE('',*,*,#3858,.T.);
#6305=ORIENTED_EDGE('',*,*,#3855,.T.);
#6306=ORIENTED_EDGE('',*,*,#3852,.T.);
#6307=ORIENTED_EDGE('',*,*,#3849,.T.);
#6308=ORIENTED_EDGE('',*,*,#3846,.T.);
#6309=ORIENTED_EDGE('',*,*,#3843,.T.);
#6310=ORIENTED_EDGE('',*,*,#3840,.T.);
#6311=ORIENTED_EDGE('',*,*,#3837,.T.);
#6312=ORIENTED_EDGE('',*,*,#3781,.T.);
#6313=ORIENTED_EDGE('',*,*,#3827,.T.);
#6314=ORIENTED_EDGE('',*,*,#3824,.T.);
#6315=ORIENTED_EDGE('',*,*,#3821,.T.);
#6316=ORIENTED_EDGE('',*,*,#3818,.T.);
#6317=ORIENTED_EDGE('',*,*,#3815,.T.);
#6318=ORIENTED_EDGE('',*,*,#3812,.T.);
#6319=ORIENTED_EDGE('',*,*,#3809,.T.);
#6320=ORIENTED_EDGE('',*,*,#3806,.T.);
#6321=ORIENTED_EDGE('',*,*,#3803,.T.);
#6322=ORIENTED_EDGE('',*,*,#3800,.T.);
#6323=ORIENTED_EDGE('',*,*,#3797,.T.);
#6324=ORIENTED_EDGE('',*,*,#3794,.T.);
#6325=ORIENTED_EDGE('',*,*,#3791,.T.);
#6326=ORIENTED_EDGE('',*,*,#3788,.T.);
#6327=ORIENTED_EDGE('',*,*,#3785,.T.);
#6328=ORIENTED_EDGE('',*,*,#3729,.T.);
#6329=ORIENTED_EDGE('',*,*,#3775,.T.);
#6330=ORIENTED_EDGE('',*,*,#3772,.T.);
#6331=ORIENTED_EDGE('',*,*,#3769,.T.);
#6332=ORIENTED_EDGE('',*,*,#3766,.T.);
#6333=ORIENTED_EDGE('',*,*,#3763,.T.);
#6334=ORIENTED_EDGE('',*,*,#3760,.T.);
#6335=ORIENTED_EDGE('',*,*,#3757,.T.);
#6336=ORIENTED_EDGE('',*,*,#3754,.T.);
#6337=ORIENTED_EDGE('',*,*,#3751,.T.);
#6338=ORIENTED_EDGE('',*,*,#3748,.T.);
#6339=ORIENTED_EDGE('',*,*,#3745,.T.);
#6340=ORIENTED_EDGE('',*,*,#3742,.T.);
#6341=ORIENTED_EDGE('',*,*,#3739,.T.);
#6342=ORIENTED_EDGE('',*,*,#3736,.T.);
#6343=ORIENTED_EDGE('',*,*,#3733,.T.);
#6344=ORIENTED_EDGE('',*,*,#3633,.T.);
#6345=ORIENTED_EDGE('',*,*,#3630,.T.);
#6346=ORIENTED_EDGE('',*,*,#3627,.T.);
#6347=ORIENTED_EDGE('',*,*,#3636,.T.);
#6348=ORIENTED_EDGE('',*,*,#4468,.F.);
#6349=ORIENTED_EDGE('',*,*,#4469,.T.);
#6350=ORIENTED_EDGE('',*,*,#4470,.T.);
#6351=ORIENTED_EDGE('',*,*,#4471,.T.);
#6352=ORIENTED_EDGE('',*,*,#4469,.F.);
#6353=ORIENTED_EDGE('',*,*,#4472,.F.);
#6354=ORIENTED_EDGE('',*,*,#4473,.F.);
#6355=ORIENTED_EDGE('',*,*,#4474,.F.);
#6356=ORIENTED_EDGE('',*,*,#4475,.F.);
#6357=ORIENTED_EDGE('',*,*,#4476,.T.);
#6358=ORIENTED_EDGE('',*,*,#4477,.T.);
#6359=ORIENTED_EDGE('',*,*,#4478,.T.);
#6360=ORIENTED_EDGE('',*,*,#4468,.T.);
#6361=ORIENTED_EDGE('',*,*,#4479,.T.);
#6362=ORIENTED_EDGE('',*,*,#4475,.T.);
#6363=ORIENTED_EDGE('',*,*,#4480,.T.);
#6364=ORIENTED_EDGE('',*,*,#4481,.T.);
#6365=ORIENTED_EDGE('',*,*,#4482,.T.);
#6366=ORIENTED_EDGE('',*,*,#4483,.T.);
#6367=ORIENTED_EDGE('',*,*,#4472,.T.);
#6368=ORIENTED_EDGE('',*,*,#4478,.F.);
#6369=ORIENTED_EDGE('',*,*,#4484,.F.);
#6370=ORIENTED_EDGE('',*,*,#4485,.F.);
#6371=ORIENTED_EDGE('',*,*,#4480,.F.);
#6372=ORIENTED_EDGE('',*,*,#4481,.F.);
#6373=ORIENTED_EDGE('',*,*,#4485,.T.);
#6374=ORIENTED_EDGE('',*,*,#4486,.T.);
#6375=ORIENTED_EDGE('',*,*,#4487,.T.);
#6376=ORIENTED_EDGE('',*,*,#4483,.F.);
#6377=ORIENTED_EDGE('',*,*,#4488,.T.);
#6378=ORIENTED_EDGE('',*,*,#4489,.T.);
#6379=ORIENTED_EDGE('',*,*,#4473,.T.);
#6380=ORIENTED_EDGE('',*,*,#4490,.T.);
#6381=ORIENTED_EDGE('',*,*,#4491,.T.);
#6382=ORIENTED_EDGE('',*,*,#4492,.T.);
#6383=ORIENTED_EDGE('',*,*,#4493,.T.);
#6384=ORIENTED_EDGE('',*,*,#4492,.F.);
#6385=ORIENTED_EDGE('',*,*,#4494,.T.);
#6386=ORIENTED_EDGE('',*,*,#4495,.F.);
#6387=ORIENTED_EDGE('',*,*,#4496,.T.);
#6388=ORIENTED_EDGE('',*,*,#4497,.F.);
#6389=ORIENTED_EDGE('',*,*,#4498,.T.);
#6390=ORIENTED_EDGE('',*,*,#4499,.F.);
#6391=ORIENTED_EDGE('',*,*,#4500,.F.);
#6392=ORIENTED_EDGE('',*,*,#4491,.F.);
#6393=ORIENTED_EDGE('',*,*,#4501,.F.);
#6394=ORIENTED_EDGE('',*,*,#4502,.F.);
#6395=ORIENTED_EDGE('',*,*,#4494,.F.);
#6396=ORIENTED_EDGE('',*,*,#4503,.T.);
#6397=ORIENTED_EDGE('',*,*,#4504,.T.);
#6398=ORIENTED_EDGE('',*,*,#4495,.T.);
#6399=ORIENTED_EDGE('',*,*,#4502,.T.);
#6400=ORIENTED_EDGE('',*,*,#4505,.T.);
#6401=ORIENTED_EDGE('',*,*,#4506,.T.);
#6402=ORIENTED_EDGE('',*,*,#4507,.T.);
#6403=ORIENTED_EDGE('',*,*,#4508,.T.);
#6404=ORIENTED_EDGE('',*,*,#4509,.T.);
#6405=ORIENTED_EDGE('',*,*,#4497,.T.);
#6406=ORIENTED_EDGE('',*,*,#4510,.T.);
#6407=ORIENTED_EDGE('',*,*,#4508,.F.);
#6408=ORIENTED_EDGE('',*,*,#4509,.F.);
#6409=ORIENTED_EDGE('',*,*,#4511,.T.);
#6410=ORIENTED_EDGE('',*,*,#4512,.F.);
#6411=ORIENTED_EDGE('',*,*,#4498,.F.);
#6412=ORIENTED_EDGE('',*,*,#4507,.F.);
#6413=ORIENTED_EDGE('',*,*,#4513,.F.);
#6414=ORIENTED_EDGE('',*,*,#4514,.F.);
#6415=ORIENTED_EDGE('',*,*,#4511,.F.);
#6416=ORIENTED_EDGE('',*,*,#4515,.T.);
#6417=ORIENTED_EDGE('',*,*,#4516,.T.);
#6418=ORIENTED_EDGE('',*,*,#4517,.T.);
#6419=ORIENTED_EDGE('',*,*,#4518,.T.);
#6420=ORIENTED_EDGE('',*,*,#4490,.F.);
#6421=ORIENTED_EDGE('',*,*,#4519,.T.);
#6422=ORIENTED_EDGE('',*,*,#4520,.F.);
#6423=ORIENTED_EDGE('',*,*,#4513,.T.);
#6424=ORIENTED_EDGE('',*,*,#4506,.F.);
#6425=ORIENTED_EDGE('',*,*,#4521,.T.);
#6426=ORIENTED_EDGE('',*,*,#4503,.F.);
#6427=ORIENTED_EDGE('',*,*,#4501,.T.);
#6428=ORIENTED_EDGE('',*,*,#4522,.T.);
#6429=ORIENTED_EDGE('',*,*,#4523,.T.);
#6430=ORIENTED_EDGE('',*,*,#4486,.F.);
#6431=ORIENTED_EDGE('',*,*,#4484,.T.);
#6432=ORIENTED_EDGE('',*,*,#4477,.F.);
#6433=ORIENTED_EDGE('',*,*,#4524,.T.);
#6434=ORIENTED_EDGE('',*,*,#4470,.F.);
#6435=ORIENTED_EDGE('',*,*,#4474,.T.);
#6436=ORIENTED_EDGE('',*,*,#4489,.F.);
#6437=ORIENTED_EDGE('',*,*,#4525,.T.);
#6438=ORIENTED_EDGE('',*,*,#4526,.T.);
#6439=ORIENTED_EDGE('',*,*,#4527,.T.);
#6440=ORIENTED_EDGE('',*,*,#4514,.T.);
#6441=ORIENTED_EDGE('',*,*,#4520,.T.);
#6442=ORIENTED_EDGE('',*,*,#4528,.T.);
#6443=ORIENTED_EDGE('',*,*,#4529,.T.);
#6444=ORIENTED_EDGE('',*,*,#4530,.T.);
#6445=ORIENTED_EDGE('',*,*,#4499,.T.);
#6446=ORIENTED_EDGE('',*,*,#4512,.T.);
#6447=ORIENTED_EDGE('',*,*,#4529,.F.);
#6448=ORIENTED_EDGE('',*,*,#4493,.F.);
#6449=ORIENTED_EDGE('',*,*,#4500,.T.);
#6450=ORIENTED_EDGE('',*,*,#4530,.F.);
#6451=ORIENTED_EDGE('',*,*,#4528,.F.);
#6452=ORIENTED_EDGE('',*,*,#4519,.F.);
#6453=ORIENTED_EDGE('',*,*,#4531,.F.);
#6454=ORIENTED_EDGE('',*,*,#4532,.F.);
#6455=ORIENTED_EDGE('',*,*,#4517,.F.);
#6456=ORIENTED_EDGE('',*,*,#4533,.T.);
#6457=ORIENTED_EDGE('',*,*,#4534,.F.);
#6458=ORIENTED_EDGE('',*,*,#4533,.F.);
#6459=ORIENTED_EDGE('',*,*,#4516,.F.);
#6460=ORIENTED_EDGE('',*,*,#4535,.T.);
#6461=ORIENTED_EDGE('',*,*,#4536,.F.);
#6462=ORIENTED_EDGE('',*,*,#4535,.F.);
#6463=ORIENTED_EDGE('',*,*,#4515,.F.);
#6464=ORIENTED_EDGE('',*,*,#4537,.T.);
#6465=ORIENTED_EDGE('',*,*,#4538,.F.);
#6466=ORIENTED_EDGE('',*,*,#4537,.F.);
#6467=ORIENTED_EDGE('',*,*,#4518,.F.);
#6468=ORIENTED_EDGE('',*,*,#4532,.T.);
#6469=ORIENTED_EDGE('',*,*,#4527,.F.);
#6470=ORIENTED_EDGE('',*,*,#4539,.T.);
#6471=ORIENTED_EDGE('',*,*,#4540,.F.);
#6472=ORIENTED_EDGE('',*,*,#4539,.F.);
#6473=ORIENTED_EDGE('',*,*,#4526,.F.);
#6474=ORIENTED_EDGE('',*,*,#4541,.T.);
#6475=ORIENTED_EDGE('',*,*,#4542,.F.);
#6476=ORIENTED_EDGE('',*,*,#4541,.F.);
#6477=ORIENTED_EDGE('',*,*,#4525,.F.);
#6478=ORIENTED_EDGE('',*,*,#4543,.T.);
#6479=ORIENTED_EDGE('',*,*,#4544,.F.);
#6480=ORIENTED_EDGE('',*,*,#4543,.F.);
#6481=ORIENTED_EDGE('',*,*,#4471,.F.);
#6482=ORIENTED_EDGE('',*,*,#4524,.F.);
#6483=ORIENTED_EDGE('',*,*,#4476,.F.);
#6484=ORIENTED_EDGE('',*,*,#4479,.F.);
#6485=ORIENTED_EDGE('',*,*,#4487,.F.);
#6486=ORIENTED_EDGE('',*,*,#4523,.F.);
#6487=ORIENTED_EDGE('',*,*,#4488,.F.);
#6488=ORIENTED_EDGE('',*,*,#4482,.F.);
#6489=ORIENTED_EDGE('',*,*,#4536,.T.);
#6490=ORIENTED_EDGE('',*,*,#4538,.T.);
#6491=ORIENTED_EDGE('',*,*,#4531,.T.);
#6492=ORIENTED_EDGE('',*,*,#4534,.T.);
#6493=ORIENTED_EDGE('',*,*,#4522,.F.);
#6494=ORIENTED_EDGE('',*,*,#4545,.T.);
#6495=ORIENTED_EDGE('',*,*,#4546,.F.);
#6496=ORIENTED_EDGE('',*,*,#4545,.F.);
#6497=ORIENTED_EDGE('',*,*,#4546,.T.);
#6498=ORIENTED_EDGE('',*,*,#4544,.T.);
#6499=ORIENTED_EDGE('',*,*,#4542,.T.);
#6500=ORIENTED_EDGE('',*,*,#4540,.T.);
#6501=ORIENTED_EDGE('',*,*,#4504,.F.);
#6502=ORIENTED_EDGE('',*,*,#4521,.F.);
#6503=ORIENTED_EDGE('',*,*,#4505,.F.);
#6504=ORIENTED_EDGE('',*,*,#4510,.F.);
#6505=ORIENTED_EDGE('',*,*,#4496,.F.);
#6506=ORIENTED_EDGE('',*,*,#4547,.F.);
#6507=ORIENTED_EDGE('',*,*,#4548,.F.);
#6508=ORIENTED_EDGE('',*,*,#4549,.F.);
#6509=ORIENTED_EDGE('',*,*,#4550,.F.);
#6510=ORIENTED_EDGE('',*,*,#4549,.T.);
#6511=ORIENTED_EDGE('',*,*,#4551,.T.);
#6512=ORIENTED_EDGE('',*,*,#4552,.F.);
#6513=ORIENTED_EDGE('',*,*,#4553,.F.);
#6514=ORIENTED_EDGE('',*,*,#4548,.T.);
#6515=ORIENTED_EDGE('',*,*,#4554,.T.);
#6516=ORIENTED_EDGE('',*,*,#4555,.F.);
#6517=ORIENTED_EDGE('',*,*,#4551,.F.);
#6518=ORIENTED_EDGE('',*,*,#4547,.T.);
#6519=ORIENTED_EDGE('',*,*,#4556,.T.);
#6520=ORIENTED_EDGE('',*,*,#4557,.F.);
#6521=ORIENTED_EDGE('',*,*,#4554,.F.);
#6522=ORIENTED_EDGE('',*,*,#4550,.T.);
#6523=ORIENTED_EDGE('',*,*,#4553,.T.);
#6524=ORIENTED_EDGE('',*,*,#4558,.F.);
#6525=ORIENTED_EDGE('',*,*,#4556,.F.);
#6526=ORIENTED_EDGE('',*,*,#4559,.T.);
#6527=ORIENTED_EDGE('',*,*,#4560,.T.);
#6528=ORIENTED_EDGE('',*,*,#4561,.T.);
#6529=ORIENTED_EDGE('',*,*,#4562,.T.);
#6530=ORIENTED_EDGE('',*,*,#4563,.T.);
#6531=ORIENTED_EDGE('',*,*,#4564,.T.);
#6532=ORIENTED_EDGE('',*,*,#4565,.T.);
#6533=ORIENTED_EDGE('',*,*,#4559,.F.);
#6534=ORIENTED_EDGE('',*,*,#4566,.T.);
#6535=ORIENTED_EDGE('',*,*,#4567,.T.);
#6536=ORIENTED_EDGE('',*,*,#4568,.T.);
#6537=ORIENTED_EDGE('',*,*,#4569,.T.);
#6538=ORIENTED_EDGE('',*,*,#4570,.T.);
#6539=ORIENTED_EDGE('',*,*,#4568,.F.);
#6540=ORIENTED_EDGE('',*,*,#4571,.T.);
#6541=ORIENTED_EDGE('',*,*,#4572,.T.);
#6542=ORIENTED_EDGE('',*,*,#4573,.T.);
#6543=ORIENTED_EDGE('',*,*,#4574,.T.);
#6544=ORIENTED_EDGE('',*,*,#4572,.F.);
#6545=ORIENTED_EDGE('',*,*,#4575,.T.);
#6546=ORIENTED_EDGE('',*,*,#4564,.F.);
#6547=ORIENTED_EDGE('',*,*,#4576,.T.);
#6548=ORIENTED_EDGE('',*,*,#4577,.T.);
#6549=ORIENTED_EDGE('',*,*,#4578,.T.);
#6550=ORIENTED_EDGE('',*,*,#4566,.F.);
#6551=ORIENTED_EDGE('',*,*,#4579,.T.);
#6552=ORIENTED_EDGE('',*,*,#4580,.T.);
#6553=ORIENTED_EDGE('',*,*,#4581,.T.);
#6554=ORIENTED_EDGE('',*,*,#4582,.T.);
#6555=ORIENTED_EDGE('',*,*,#4583,.T.);
#6556=ORIENTED_EDGE('',*,*,#4581,.F.);
#6557=ORIENTED_EDGE('',*,*,#4584,.T.);
#6558=ORIENTED_EDGE('',*,*,#4585,.T.);
#6559=ORIENTED_EDGE('',*,*,#4586,.T.);
#6560=ORIENTED_EDGE('',*,*,#4587,.T.);
#6561=ORIENTED_EDGE('',*,*,#4585,.F.);
#6562=ORIENTED_EDGE('',*,*,#4588,.T.);
#6563=ORIENTED_EDGE('',*,*,#4577,.F.);
#6564=ORIENTED_EDGE('',*,*,#4589,.T.);
#6565=ORIENTED_EDGE('',*,*,#4590,.T.);
#6566=ORIENTED_EDGE('',*,*,#4591,.T.);
#6567=ORIENTED_EDGE('',*,*,#4579,.F.);
#6568=ORIENTED_EDGE('',*,*,#4592,.T.);
#6569=ORIENTED_EDGE('',*,*,#4593,.T.);
#6570=ORIENTED_EDGE('',*,*,#4594,.T.);
#6571=ORIENTED_EDGE('',*,*,#4595,.T.);
#6572=ORIENTED_EDGE('',*,*,#4596,.T.);
#6573=ORIENTED_EDGE('',*,*,#4594,.F.);
#6574=ORIENTED_EDGE('',*,*,#4597,.T.);
#6575=ORIENTED_EDGE('',*,*,#4598,.T.);
#6576=ORIENTED_EDGE('',*,*,#4599,.T.);
#6577=ORIENTED_EDGE('',*,*,#4598,.F.);
#6578=ORIENTED_EDGE('',*,*,#4600,.T.);
#6579=ORIENTED_EDGE('',*,*,#4590,.F.);
#6580=ORIENTED_EDGE('',*,*,#4601,.T.);
#6581=ORIENTED_EDGE('',*,*,#4602,.T.);
#6582=ORIENTED_EDGE('',*,*,#4603,.T.);
#6583=ORIENTED_EDGE('',*,*,#4592,.F.);
#6584=ORIENTED_EDGE('',*,*,#4604,.T.);
#6585=ORIENTED_EDGE('',*,*,#4561,.F.);
#6586=ORIENTED_EDGE('',*,*,#4605,.T.);
#6587=ORIENTED_EDGE('',*,*,#4606,.T.);
#6588=ORIENTED_EDGE('',*,*,#4607,.T.);
#6589=ORIENTED_EDGE('',*,*,#4606,.F.);
#6590=ORIENTED_EDGE('',*,*,#4608,.T.);
#6591=ORIENTED_EDGE('',*,*,#4602,.F.);
#6592=ORIENTED_EDGE('',*,*,#4570,.F.);
#6593=ORIENTED_EDGE('',*,*,#4574,.F.);
#6594=ORIENTED_EDGE('',*,*,#4609,.T.);
#6595=ORIENTED_EDGE('',*,*,#4610,.T.);
#6596=ORIENTED_EDGE('',*,*,#4609,.F.);
#6597=ORIENTED_EDGE('',*,*,#4573,.F.);
#6598=ORIENTED_EDGE('',*,*,#4563,.F.);
#6599=ORIENTED_EDGE('',*,*,#4611,.F.);
#6600=ORIENTED_EDGE('',*,*,#4604,.F.);
#6601=ORIENTED_EDGE('',*,*,#4607,.F.);
#6602=ORIENTED_EDGE('',*,*,#4601,.F.);
#6603=ORIENTED_EDGE('',*,*,#4612,.F.);
#6604=ORIENTED_EDGE('',*,*,#4613,.T.);
#6605=ORIENTED_EDGE('',*,*,#4614,.T.);
#6606=ORIENTED_EDGE('',*,*,#4613,.F.);
#6607=ORIENTED_EDGE('',*,*,#4615,.F.);
#6608=ORIENTED_EDGE('',*,*,#4588,.F.);
#6609=ORIENTED_EDGE('',*,*,#4584,.F.);
#6610=ORIENTED_EDGE('',*,*,#4580,.F.);
#6611=ORIENTED_EDGE('',*,*,#4591,.F.);
#6612=ORIENTED_EDGE('',*,*,#4600,.F.);
#6613=ORIENTED_EDGE('',*,*,#4597,.F.);
#6614=ORIENTED_EDGE('',*,*,#4593,.F.);
#6615=ORIENTED_EDGE('',*,*,#4603,.F.);
#6616=ORIENTED_EDGE('',*,*,#4608,.F.);
#6617=ORIENTED_EDGE('',*,*,#4605,.F.);
#6618=ORIENTED_EDGE('',*,*,#4560,.F.);
#6619=ORIENTED_EDGE('',*,*,#4565,.F.);
#6620=ORIENTED_EDGE('',*,*,#4575,.F.);
#6621=ORIENTED_EDGE('',*,*,#4571,.F.);
#6622=ORIENTED_EDGE('',*,*,#4567,.F.);
#6623=ORIENTED_EDGE('',*,*,#4578,.F.);
#6624=ORIENTED_EDGE('',*,*,#4616,.T.);
#6625=ORIENTED_EDGE('',*,*,#4610,.F.);
#6626=ORIENTED_EDGE('',*,*,#4617,.F.);
#6627=ORIENTED_EDGE('',*,*,#4618,.F.);
#6628=ORIENTED_EDGE('',*,*,#4619,.F.);
#6629=ORIENTED_EDGE('',*,*,#4620,.F.);
#6630=ORIENTED_EDGE('',*,*,#4621,.F.);
#6631=ORIENTED_EDGE('',*,*,#4622,.F.);
#6632=ORIENTED_EDGE('',*,*,#4623,.F.);
#6633=ORIENTED_EDGE('',*,*,#4624,.F.);
#6634=ORIENTED_EDGE('',*,*,#4625,.F.);
#6635=ORIENTED_EDGE('',*,*,#4614,.F.);
#6636=ORIENTED_EDGE('',*,*,#4626,.F.);
#6637=ORIENTED_EDGE('',*,*,#4557,.T.);
#6638=ORIENTED_EDGE('',*,*,#4558,.T.);
#6639=ORIENTED_EDGE('',*,*,#4552,.T.);
#6640=ORIENTED_EDGE('',*,*,#4555,.T.);
#6641=ORIENTED_EDGE('',*,*,#4616,.F.);
#6642=ORIENTED_EDGE('',*,*,#4627,.T.);
#6643=ORIENTED_EDGE('',*,*,#4628,.F.);
#6644=ORIENTED_EDGE('',*,*,#4627,.F.);
#6645=ORIENTED_EDGE('',*,*,#4576,.F.);
#6646=ORIENTED_EDGE('',*,*,#4629,.F.);
#6647=ORIENTED_EDGE('',*,*,#4583,.F.);
#6648=ORIENTED_EDGE('',*,*,#4587,.F.);
#6649=ORIENTED_EDGE('',*,*,#4630,.T.);
#6650=ORIENTED_EDGE('',*,*,#4626,.T.);
#6651=ORIENTED_EDGE('',*,*,#4630,.F.);
#6652=ORIENTED_EDGE('',*,*,#4586,.F.);
#6653=ORIENTED_EDGE('',*,*,#4623,.T.);
#6654=ORIENTED_EDGE('',*,*,#4631,.T.);
#6655=ORIENTED_EDGE('',*,*,#4632,.F.);
#6656=ORIENTED_EDGE('',*,*,#4633,.F.);
#6657=ORIENTED_EDGE('',*,*,#4624,.T.);
#6658=ORIENTED_EDGE('',*,*,#4633,.T.);
#6659=ORIENTED_EDGE('',*,*,#4634,.F.);
#6660=ORIENTED_EDGE('',*,*,#4635,.F.);
#6661=ORIENTED_EDGE('',*,*,#4625,.T.);
#6662=ORIENTED_EDGE('',*,*,#4635,.T.);
#6663=ORIENTED_EDGE('',*,*,#4636,.F.);
#6664=ORIENTED_EDGE('',*,*,#4637,.F.);
#6665=ORIENTED_EDGE('',*,*,#4622,.T.);
#6666=ORIENTED_EDGE('',*,*,#4637,.T.);
#6667=ORIENTED_EDGE('',*,*,#4638,.F.);
#6668=ORIENTED_EDGE('',*,*,#4631,.F.);
#6669=ORIENTED_EDGE('',*,*,#4619,.T.);
#6670=ORIENTED_EDGE('',*,*,#4639,.T.);
#6671=ORIENTED_EDGE('',*,*,#4640,.F.);
#6672=ORIENTED_EDGE('',*,*,#4641,.F.);
#6673=ORIENTED_EDGE('',*,*,#4620,.T.);
#6674=ORIENTED_EDGE('',*,*,#4641,.T.);
#6675=ORIENTED_EDGE('',*,*,#4642,.F.);
#6676=ORIENTED_EDGE('',*,*,#4643,.F.);
#6677=ORIENTED_EDGE('',*,*,#4621,.T.);
#6678=ORIENTED_EDGE('',*,*,#4643,.T.);
#6679=ORIENTED_EDGE('',*,*,#4644,.F.);
#6680=ORIENTED_EDGE('',*,*,#4645,.F.);
#6681=ORIENTED_EDGE('',*,*,#4618,.T.);
#6682=ORIENTED_EDGE('',*,*,#4645,.T.);
#6683=ORIENTED_EDGE('',*,*,#4646,.F.);
#6684=ORIENTED_EDGE('',*,*,#4639,.F.);
#6685=ORIENTED_EDGE('',*,*,#4589,.F.);
#6686=ORIENTED_EDGE('',*,*,#4647,.F.);
#6687=ORIENTED_EDGE('',*,*,#4648,.T.);
#6688=ORIENTED_EDGE('',*,*,#4617,.T.);
#6689=ORIENTED_EDGE('',*,*,#4648,.F.);
#6690=ORIENTED_EDGE('',*,*,#4649,.F.);
#6691=ORIENTED_EDGE('',*,*,#4596,.F.);
#6692=ORIENTED_EDGE('',*,*,#4599,.F.);
#6693=ORIENTED_EDGE('',*,*,#4569,.F.);
#6694=ORIENTED_EDGE('',*,*,#4611,.T.);
#6695=ORIENTED_EDGE('',*,*,#4562,.F.);
#6696=ORIENTED_EDGE('',*,*,#4615,.T.);
#6697=ORIENTED_EDGE('',*,*,#4612,.T.);
#6698=ORIENTED_EDGE('',*,*,#4595,.F.);
#6699=ORIENTED_EDGE('',*,*,#4649,.T.);
#6700=ORIENTED_EDGE('',*,*,#4647,.T.);
#6701=ORIENTED_EDGE('',*,*,#4582,.F.);
#6702=ORIENTED_EDGE('',*,*,#4629,.T.);
#6703=ORIENTED_EDGE('',*,*,#4638,.T.);
#6704=ORIENTED_EDGE('',*,*,#4636,.T.);
#6705=ORIENTED_EDGE('',*,*,#4634,.T.);
#6706=ORIENTED_EDGE('',*,*,#4632,.T.);
#6707=ORIENTED_EDGE('',*,*,#4646,.T.);
#6708=ORIENTED_EDGE('',*,*,#4644,.T.);
#6709=ORIENTED_EDGE('',*,*,#4642,.T.);
#6710=ORIENTED_EDGE('',*,*,#4640,.T.);
#6711=ORIENTED_EDGE('',*,*,#4628,.T.);
#6712=ORIENTED_EDGE('',*,*,#4650,.T.);
#6713=ORIENTED_EDGE('',*,*,#4651,.T.);
#6714=ORIENTED_EDGE('',*,*,#4652,.T.);
#6715=ORIENTED_EDGE('',*,*,#4651,.F.);
#6716=ORIENTED_EDGE('',*,*,#4653,.T.);
#6717=ORIENTED_EDGE('',*,*,#4650,.F.);
#6718=ORIENTED_EDGE('',*,*,#4652,.F.);
#6719=ORIENTED_EDGE('',*,*,#4654,.F.);
#6720=ORIENTED_EDGE('',*,*,#4655,.F.);
#6721=ORIENTED_EDGE('',*,*,#4656,.F.);
#6722=ORIENTED_EDGE('',*,*,#4655,.T.);
#6723=ORIENTED_EDGE('',*,*,#4657,.F.);
#6724=ORIENTED_EDGE('',*,*,#4658,.T.);
#6725=ORIENTED_EDGE('',*,*,#4659,.T.);
#6726=ORIENTED_EDGE('',*,*,#4658,.F.);
#6727=ORIENTED_EDGE('',*,*,#4660,.F.);
#6728=ORIENTED_EDGE('',*,*,#4656,.T.);
#6729=ORIENTED_EDGE('',*,*,#4659,.F.);
#6730=ORIENTED_EDGE('',*,*,#4660,.T.);
#6731=ORIENTED_EDGE('',*,*,#4657,.T.);
#6732=ORIENTED_EDGE('',*,*,#4654,.T.);
#6733=ORIENTED_EDGE('',*,*,#4661,.T.);
#6734=ORIENTED_EDGE('',*,*,#4653,.F.);
#6735=ORIENTED_EDGE('',*,*,#4661,.F.);
#6736=PLANE('',#7455);
#6737=PLANE('',#7456);
#6738=PLANE('',#7457);
#6739=PLANE('',#7458);
#6740=PLANE('',#7462);
#6741=PLANE('',#7463);
#6742=PLANE('',#7473);
#6743=PLANE('',#7476);
#6744=PLANE('',#7487);
#6745=PLANE('',#7488);
#6746=PLANE('',#7489);
#6747=PLANE('',#7490);
#6748=PLANE('',#7491);
#6749=PLANE('',#7492);
#6750=PLANE('',#7493);
#6751=PLANE('',#7494);
#6752=PLANE('',#7495);
#6753=PLANE('',#7496);
#6754=PLANE('',#7497);
#6755=PLANE('',#7498);
#6756=PLANE('',#7499);
#6757=PLANE('',#7500);
#6758=PLANE('',#7501);
#6759=PLANE('',#7502);
#6760=PLANE('',#7503);
#6761=PLANE('',#7504);
#6762=PLANE('',#7505);
#6763=PLANE('',#7506);
#6764=PLANE('',#7507);
#6765=PLANE('',#7508);
#6766=PLANE('',#7509);
#6767=PLANE('',#7510);
#6768=PLANE('',#7511);
#6769=PLANE('',#7512);
#6770=PLANE('',#7513);
#6771=PLANE('',#7514);
#6772=PLANE('',#7515);
#6773=PLANE('',#7516);
#6774=PLANE('',#7517);
#6775=PLANE('',#7518);
#6776=PLANE('',#7519);
#6777=PLANE('',#7520);
#6778=PLANE('',#7521);
#6779=PLANE('',#7522);
#6780=PLANE('',#7523);
#6781=PLANE('',#7524);
#6782=PLANE('',#7525);
#6783=PLANE('',#7526);
#6784=PLANE('',#7527);
#6785=PLANE('',#7528);
#6786=PLANE('',#7529);
#6787=PLANE('',#7530);
#6788=PLANE('',#7531);
#6789=PLANE('',#7532);
#6790=PLANE('',#7533);
#6791=PLANE('',#7534);
#6792=PLANE('',#7535);
#6793=PLANE('',#7536);
#6794=PLANE('',#7537);
#6795=PLANE('',#7538);
#6796=PLANE('',#7539);
#6797=PLANE('',#7540);
#6798=PLANE('',#7541);
#6799=PLANE('',#7542);
#6800=PLANE('',#7543);
#6801=PLANE('',#7544);
#6802=PLANE('',#7545);
#6803=PLANE('',#7546);
#6804=PLANE('',#7547);
#6805=PLANE('',#7548);
#6806=PLANE('',#7549);
#6807=PLANE('',#7550);
#6808=PLANE('',#7551);
#6809=PLANE('',#7552);
#6810=PLANE('',#7553);
#6811=PLANE('',#7554);
#6812=PLANE('',#7555);
#6813=PLANE('',#7556);
#6814=PLANE('',#7557);
#6815=PLANE('',#7558);
#6816=PLANE('',#7559);
#6817=PLANE('',#7560);
#6818=PLANE('',#7561);
#6819=PLANE('',#7562);
#6820=PLANE('',#7563);
#6821=PLANE('',#7564);
#6822=PLANE('',#7565);
#6823=PLANE('',#7566);
#6824=PLANE('',#7567);
#6825=PLANE('',#7568);
#6826=PLANE('',#7569);
#6827=PLANE('',#7570);
#6828=PLANE('',#7571);
#6829=PLANE('',#7572);
#6830=PLANE('',#7573);
#6831=PLANE('',#7574);
#6832=PLANE('',#7575);
#6833=PLANE('',#7576);
#6834=PLANE('',#7577);
#6835=PLANE('',#7578);
#6836=PLANE('',#7579);
#6837=PLANE('',#7580);
#6838=PLANE('',#7581);
#6839=PLANE('',#7582);
#6840=PLANE('',#7583);
#6841=PLANE('',#7584);
#6842=PLANE('',#7585);
#6843=PLANE('',#7586);
#6844=PLANE('',#7587);
#6845=PLANE('',#7588);
#6846=PLANE('',#7589);
#6847=PLANE('',#7590);
#6848=PLANE('',#7591);
#6849=PLANE('',#7592);
#6850=PLANE('',#7593);
#6851=PLANE('',#7594);
#6852=PLANE('',#7595);
#6853=PLANE('',#7596);
#6854=PLANE('',#7597);
#6855=PLANE('',#7598);
#6856=PLANE('',#7599);
#6857=PLANE('',#7600);
#6858=PLANE('',#7601);
#6859=PLANE('',#7602);
#6860=PLANE('',#7603);
#6861=PLANE('',#7604);
#6862=PLANE('',#7605);
#6863=PLANE('',#7606);
#6864=PLANE('',#7607);
#6865=PLANE('',#7608);
#6866=PLANE('',#7609);
#6867=PLANE('',#7610);
#6868=PLANE('',#7611);
#6869=PLANE('',#7612);
#6870=PLANE('',#7613);
#6871=PLANE('',#7614);
#6872=PLANE('',#7615);
#6873=PLANE('',#7616);
#6874=PLANE('',#7617);
#6875=PLANE('',#7618);
#6876=PLANE('',#7619);
#6877=PLANE('',#7620);
#6878=PLANE('',#7621);
#6879=PLANE('',#7622);
#6880=PLANE('',#7623);
#6881=PLANE('',#7624);
#6882=PLANE('',#7625);
#6883=PLANE('',#7626);
#6884=PLANE('',#7627);
#6885=PLANE('',#7628);
#6886=PLANE('',#7629);
#6887=PLANE('',#7630);
#6888=PLANE('',#7631);
#6889=PLANE('',#7632);
#6890=PLANE('',#7633);
#6891=PLANE('',#7634);
#6892=PLANE('',#7635);
#6893=PLANE('',#7636);
#6894=PLANE('',#7637);
#6895=PLANE('',#7638);
#6896=PLANE('',#7639);
#6897=PLANE('',#7640);
#6898=PLANE('',#7641);
#6899=PLANE('',#7642);
#6900=PLANE('',#7643);
#6901=PLANE('',#7644);
#6902=PLANE('',#7645);
#6903=PLANE('',#7646);
#6904=PLANE('',#7647);
#6905=PLANE('',#7648);
#6906=PLANE('',#7649);
#6907=PLANE('',#7650);
#6908=PLANE('',#7651);
#6909=PLANE('',#7652);
#6910=PLANE('',#7653);
#6911=PLANE('',#7654);
#6912=PLANE('',#7655);
#6913=PLANE('',#7656);
#6914=PLANE('',#7657);
#6915=PLANE('',#7658);
#6916=PLANE('',#7659);
#6917=PLANE('',#7660);
#6918=PLANE('',#7661);
#6919=PLANE('',#7662);
#6920=PLANE('',#7663);
#6921=PLANE('',#7664);
#6922=PLANE('',#7665);
#6923=PLANE('',#7666);
#6924=PLANE('',#7667);
#6925=PLANE('',#7668);
#6926=PLANE('',#7669);
#6927=PLANE('',#7670);
#6928=PLANE('',#7671);
#6929=PLANE('',#7672);
#6930=PLANE('',#7673);
#6931=PLANE('',#7674);
#6932=PLANE('',#7675);
#6933=PLANE('',#7676);
#6934=PLANE('',#7677);
#6935=PLANE('',#7678);
#6936=PLANE('',#7679);
#6937=PLANE('',#7680);
#6938=PLANE('',#7681);
#6939=PLANE('',#7682);
#6940=PLANE('',#7683);
#6941=PLANE('',#7684);
#6942=PLANE('',#7685);
#6943=PLANE('',#7686);
#6944=PLANE('',#7687);
#6945=PLANE('',#7688);
#6946=PLANE('',#7689);
#6947=PLANE('',#7690);
#6948=PLANE('',#7691);
#6949=PLANE('',#7692);
#6950=PLANE('',#7693);
#6951=PLANE('',#7694);
#6952=PLANE('',#7695);
#6953=PLANE('',#7696);
#6954=PLANE('',#7697);
#6955=PLANE('',#7698);
#6956=PLANE('',#7699);
#6957=PLANE('',#7700);
#6958=PLANE('',#7701);
#6959=PLANE('',#7702);
#6960=PLANE('',#7703);
#6961=PLANE('',#7704);
#6962=PLANE('',#7705);
#6963=PLANE('',#7706);
#6964=PLANE('',#7707);
#6965=PLANE('',#7708);
#6966=PLANE('',#7709);
#6967=PLANE('',#7710);
#6968=PLANE('',#7711);
#6969=PLANE('',#7712);
#6970=PLANE('',#7713);
#6971=PLANE('',#7714);
#6972=PLANE('',#7715);
#6973=PLANE('',#7716);
#6974=PLANE('',#7717);
#6975=PLANE('',#7718);
#6976=PLANE('',#7719);
#6977=PLANE('',#7720);
#6978=PLANE('',#7721);
#6979=PLANE('',#7722);
#6980=PLANE('',#7723);
#6981=PLANE('',#7724);
#6982=PLANE('',#7725);
#6983=PLANE('',#7726);
#6984=PLANE('',#7727);
#6985=PLANE('',#7728);
#6986=PLANE('',#7729);
#6987=PLANE('',#7730);
#6988=PLANE('',#7731);
#6989=PLANE('',#7732);
#6990=PLANE('',#7733);
#6991=PLANE('',#7734);
#6992=PLANE('',#7735);
#6993=PLANE('',#7736);
#6994=PLANE('',#7737);
#6995=PLANE('',#7738);
#6996=PLANE('',#7739);
#6997=PLANE('',#7740);
#6998=PLANE('',#7741);
#6999=PLANE('',#7742);
#7000=PLANE('',#7743);
#7001=PLANE('',#7744);
#7002=PLANE('',#7745);
#7003=PLANE('',#7746);
#7004=PLANE('',#7747);
#7005=PLANE('',#7748);
#7006=PLANE('',#7749);
#7007=PLANE('',#7750);
#7008=PLANE('',#7751);
#7009=PLANE('',#7752);
#7010=PLANE('',#7753);
#7011=PLANE('',#7754);
#7012=PLANE('',#7755);
#7013=PLANE('',#7756);
#7014=PLANE('',#7757);
#7015=PLANE('',#7758);
#7016=PLANE('',#7759);
#7017=PLANE('',#7760);
#7018=PLANE('',#7761);
#7019=PLANE('',#7762);
#7020=PLANE('',#7763);
#7021=PLANE('',#7764);
#7022=PLANE('',#7765);
#7023=PLANE('',#7766);
#7024=PLANE('',#7770);
#7025=PLANE('',#7774);
#7026=PLANE('',#7777);
#7027=PLANE('',#7785);
#7028=PLANE('',#7789);
#7029=PLANE('',#7796);
#7030=PLANE('',#7797);
#7031=PLANE('',#7798);
#7032=PLANE('',#7807);
#7033=PLANE('',#7808);
#7034=PLANE('',#7809);
#7035=PLANE('',#7810);
#7036=PLANE('',#7811);
#7037=PLANE('',#7818);
#7038=PLANE('',#7819);
#7039=PLANE('',#7822);
#7040=PLANE('',#7823);
#7041=PLANE('',#7824);
#7042=PLANE('',#7825);
#7043=PLANE('',#7826);
#7044=PLANE('',#7827);
#7045=PLANE('',#7828);
#7046=PLANE('',#7829);
#7047=PLANE('',#7830);
#7048=PLANE('',#7831);
#7049=PLANE('',#7871);
#7050=PLANE('',#7879);
#7051=PLANE('',#7880);
#7052=PLANE('',#7881);
#7053=PLANE('',#7882);
#7054=PLANE('',#7883);
#7055=PLANE('',#7884);
#7056=PLANE('',#7885);
#7057=PLANE('',#7886);
#7058=PLANE('',#7890);
#7059=PLANE('',#7894);
#7060=PLANE('',#7896);
#7061=PLANE('',#7897);
#7062=PLANE('',#7900);
#7063=PLANE('',#7901);
#7064=ADVANCED_FACE('',(#232),#6736,.F.);
#7065=ADVANCED_FACE('',(#233),#6737,.F.);
#7066=ADVANCED_FACE('',(#234),#6738,.F.);
#7067=ADVANCED_FACE('',(#235),#6739,.F.);
#7068=ADVANCED_FACE('',(#236),#191,.T.);
#7069=ADVANCED_FACE('',(#237),#6740,.T.);
#7070=ADVANCED_FACE('',(#238,#46,#47,#48,#49,#50,#51,#52,#53,#54,#55,#56,
#57,#58,#59,#60,#61,#62,#63,#64),#6741,.T.);
#7071=ADVANCED_FACE('',(#239),#192,.T.);
#7072=ADVANCED_FACE('',(#240),#6742,.T.);
#7073=ADVANCED_FACE('',(#241),#193,.T.);
#7074=ADVANCED_FACE('',(#242),#6743,.T.);
#7075=ADVANCED_FACE('',(#243),#194,.T.);
#7076=ADVANCED_FACE('',(#244),#195,.F.);
#7077=ADVANCED_FACE('',(#245),#196,.F.);
#7078=ADVANCED_FACE('',(#246),#197,.F.);
#7079=ADVANCED_FACE('',(#247),#198,.F.);
#7080=ADVANCED_FACE('',(#248),#6744,.F.);
#7081=ADVANCED_FACE('',(#249),#6745,.F.);
#7082=ADVANCED_FACE('',(#250),#6746,.F.);
#7083=ADVANCED_FACE('',(#251),#6747,.F.);
#7084=ADVANCED_FACE('',(#252),#6748,.F.);
#7085=ADVANCED_FACE('',(#253),#6749,.F.);
#7086=ADVANCED_FACE('',(#254),#6750,.F.);
#7087=ADVANCED_FACE('',(#255),#6751,.F.);
#7088=ADVANCED_FACE('',(#256),#6752,.F.);
#7089=ADVANCED_FACE('',(#257),#6753,.F.);
#7090=ADVANCED_FACE('',(#258),#6754,.F.);
#7091=ADVANCED_FACE('',(#259),#6755,.F.);
#7092=ADVANCED_FACE('',(#260),#6756,.F.);
#7093=ADVANCED_FACE('',(#261),#6757,.F.);
#7094=ADVANCED_FACE('',(#262),#6758,.F.);
#7095=ADVANCED_FACE('',(#263),#6759,.F.);
#7096=ADVANCED_FACE('',(#264,#65),#6760,.F.);
#7097=ADVANCED_FACE('',(#265),#6761,.F.);
#7098=ADVANCED_FACE('',(#266),#6762,.F.);
#7099=ADVANCED_FACE('',(#267),#6763,.F.);
#7100=ADVANCED_FACE('',(#268),#6764,.F.);
#7101=ADVANCED_FACE('',(#269),#6765,.F.);
#7102=ADVANCED_FACE('',(#270),#6766,.F.);
#7103=ADVANCED_FACE('',(#271),#6767,.F.);
#7104=ADVANCED_FACE('',(#272),#6768,.F.);
#7105=ADVANCED_FACE('',(#273),#6769,.F.);
#7106=ADVANCED_FACE('',(#274),#6770,.F.);
#7107=ADVANCED_FACE('',(#275),#6771,.F.);
#7108=ADVANCED_FACE('',(#276),#6772,.F.);
#7109=ADVANCED_FACE('',(#277),#6773,.F.);
#7110=ADVANCED_FACE('',(#278),#6774,.F.);
#7111=ADVANCED_FACE('',(#279),#6775,.F.);
#7112=ADVANCED_FACE('',(#280),#6776,.F.);
#7113=ADVANCED_FACE('',(#281,#66),#6777,.F.);
#7114=ADVANCED_FACE('',(#282),#6778,.F.);
#7115=ADVANCED_FACE('',(#283),#6779,.F.);
#7116=ADVANCED_FACE('',(#284),#6780,.F.);
#7117=ADVANCED_FACE('',(#285),#6781,.F.);
#7118=ADVANCED_FACE('',(#286),#6782,.F.);
#7119=ADVANCED_FACE('',(#287),#6783,.F.);
#7120=ADVANCED_FACE('',(#288),#6784,.F.);
#7121=ADVANCED_FACE('',(#289),#6785,.F.);
#7122=ADVANCED_FACE('',(#290),#6786,.F.);
#7123=ADVANCED_FACE('',(#291),#6787,.F.);
#7124=ADVANCED_FACE('',(#292),#6788,.F.);
#7125=ADVANCED_FACE('',(#293),#6789,.F.);
#7126=ADVANCED_FACE('',(#294),#6790,.F.);
#7127=ADVANCED_FACE('',(#295),#6791,.F.);
#7128=ADVANCED_FACE('',(#296),#6792,.F.);
#7129=ADVANCED_FACE('',(#297),#6793,.F.);
#7130=ADVANCED_FACE('',(#298,#67),#6794,.F.);
#7131=ADVANCED_FACE('',(#299),#6795,.F.);
#7132=ADVANCED_FACE('',(#300),#6796,.F.);
#7133=ADVANCED_FACE('',(#301),#6797,.F.);
#7134=ADVANCED_FACE('',(#302),#6798,.F.);
#7135=ADVANCED_FACE('',(#303),#6799,.F.);
#7136=ADVANCED_FACE('',(#304),#6800,.F.);
#7137=ADVANCED_FACE('',(#305),#6801,.F.);
#7138=ADVANCED_FACE('',(#306),#6802,.F.);
#7139=ADVANCED_FACE('',(#307),#6803,.F.);
#7140=ADVANCED_FACE('',(#308),#6804,.F.);
#7141=ADVANCED_FACE('',(#309),#6805,.F.);
#7142=ADVANCED_FACE('',(#310),#6806,.F.);
#7143=ADVANCED_FACE('',(#311),#6807,.F.);
#7144=ADVANCED_FACE('',(#312),#6808,.F.);
#7145=ADVANCED_FACE('',(#313),#6809,.F.);
#7146=ADVANCED_FACE('',(#314),#6810,.F.);
#7147=ADVANCED_FACE('',(#315,#68),#6811,.F.);
#7148=ADVANCED_FACE('',(#316),#6812,.F.);
#7149=ADVANCED_FACE('',(#317),#6813,.F.);
#7150=ADVANCED_FACE('',(#318),#6814,.F.);
#7151=ADVANCED_FACE('',(#319),#6815,.F.);
#7152=ADVANCED_FACE('',(#320),#6816,.F.);
#7153=ADVANCED_FACE('',(#321),#6817,.F.);
#7154=ADVANCED_FACE('',(#322),#6818,.F.);
#7155=ADVANCED_FACE('',(#323),#6819,.F.);
#7156=ADVANCED_FACE('',(#324),#6820,.F.);
#7157=ADVANCED_FACE('',(#325),#6821,.F.);
#7158=ADVANCED_FACE('',(#326),#6822,.F.);
#7159=ADVANCED_FACE('',(#327),#6823,.F.);
#7160=ADVANCED_FACE('',(#328),#6824,.F.);
#7161=ADVANCED_FACE('',(#329),#6825,.F.);
#7162=ADVANCED_FACE('',(#330),#6826,.F.);
#7163=ADVANCED_FACE('',(#331),#6827,.F.);
#7164=ADVANCED_FACE('',(#332,#69),#6828,.F.);
#7165=ADVANCED_FACE('',(#333),#6829,.F.);
#7166=ADVANCED_FACE('',(#334),#6830,.F.);
#7167=ADVANCED_FACE('',(#335),#6831,.F.);
#7168=ADVANCED_FACE('',(#336),#6832,.F.);
#7169=ADVANCED_FACE('',(#337),#6833,.F.);
#7170=ADVANCED_FACE('',(#338),#6834,.F.);
#7171=ADVANCED_FACE('',(#339),#6835,.F.);
#7172=ADVANCED_FACE('',(#340),#6836,.F.);
#7173=ADVANCED_FACE('',(#341),#6837,.F.);
#7174=ADVANCED_FACE('',(#342),#6838,.F.);
#7175=ADVANCED_FACE('',(#343),#6839,.F.);
#7176=ADVANCED_FACE('',(#344),#6840,.F.);
#7177=ADVANCED_FACE('',(#345),#6841,.F.);
#7178=ADVANCED_FACE('',(#346),#6842,.F.);
#7179=ADVANCED_FACE('',(#347),#6843,.F.);
#7180=ADVANCED_FACE('',(#348),#6844,.F.);
#7181=ADVANCED_FACE('',(#349,#70),#6845,.F.);
#7182=ADVANCED_FACE('',(#350),#6846,.F.);
#7183=ADVANCED_FACE('',(#351),#6847,.F.);
#7184=ADVANCED_FACE('',(#352),#6848,.F.);
#7185=ADVANCED_FACE('',(#353),#6849,.F.);
#7186=ADVANCED_FACE('',(#354),#6850,.F.);
#7187=ADVANCED_FACE('',(#355),#6851,.F.);
#7188=ADVANCED_FACE('',(#356),#6852,.F.);
#7189=ADVANCED_FACE('',(#357),#6853,.F.);
#7190=ADVANCED_FACE('',(#358),#6854,.F.);
#7191=ADVANCED_FACE('',(#359),#6855,.F.);
#7192=ADVANCED_FACE('',(#360),#6856,.F.);
#7193=ADVANCED_FACE('',(#361),#6857,.F.);
#7194=ADVANCED_FACE('',(#362),#6858,.F.);
#7195=ADVANCED_FACE('',(#363),#6859,.F.);
#7196=ADVANCED_FACE('',(#364),#6860,.F.);
#7197=ADVANCED_FACE('',(#365),#6861,.F.);
#7198=ADVANCED_FACE('',(#366,#71),#6862,.F.);
#7199=ADVANCED_FACE('',(#367),#6863,.F.);
#7200=ADVANCED_FACE('',(#368),#6864,.F.);
#7201=ADVANCED_FACE('',(#369),#6865,.F.);
#7202=ADVANCED_FACE('',(#370),#6866,.F.);
#7203=ADVANCED_FACE('',(#371),#6867,.F.);
#7204=ADVANCED_FACE('',(#372),#6868,.F.);
#7205=ADVANCED_FACE('',(#373),#6869,.F.);
#7206=ADVANCED_FACE('',(#374),#6870,.F.);
#7207=ADVANCED_FACE('',(#375),#6871,.F.);
#7208=ADVANCED_FACE('',(#376),#6872,.F.);
#7209=ADVANCED_FACE('',(#377),#6873,.F.);
#7210=ADVANCED_FACE('',(#378),#6874,.F.);
#7211=ADVANCED_FACE('',(#379),#6875,.F.);
#7212=ADVANCED_FACE('',(#380),#6876,.F.);
#7213=ADVANCED_FACE('',(#381),#6877,.F.);
#7214=ADVANCED_FACE('',(#382),#6878,.F.);
#7215=ADVANCED_FACE('',(#383,#72),#6879,.F.);
#7216=ADVANCED_FACE('',(#384),#6880,.F.);
#7217=ADVANCED_FACE('',(#385),#6881,.F.);
#7218=ADVANCED_FACE('',(#386),#6882,.F.);
#7219=ADVANCED_FACE('',(#387),#6883,.F.);
#7220=ADVANCED_FACE('',(#388),#6884,.F.);
#7221=ADVANCED_FACE('',(#389),#6885,.F.);
#7222=ADVANCED_FACE('',(#390),#6886,.F.);
#7223=ADVANCED_FACE('',(#391),#6887,.F.);
#7224=ADVANCED_FACE('',(#392),#6888,.F.);
#7225=ADVANCED_FACE('',(#393),#6889,.F.);
#7226=ADVANCED_FACE('',(#394),#6890,.F.);
#7227=ADVANCED_FACE('',(#395),#6891,.F.);
#7228=ADVANCED_FACE('',(#396),#6892,.F.);
#7229=ADVANCED_FACE('',(#397),#6893,.F.);
#7230=ADVANCED_FACE('',(#398),#6894,.F.);
#7231=ADVANCED_FACE('',(#399),#6895,.F.);
#7232=ADVANCED_FACE('',(#400,#73),#6896,.F.);
#7233=ADVANCED_FACE('',(#401),#6897,.F.);
#7234=ADVANCED_FACE('',(#402),#6898,.F.);
#7235=ADVANCED_FACE('',(#403),#6899,.F.);
#7236=ADVANCED_FACE('',(#404),#6900,.F.);
#7237=ADVANCED_FACE('',(#405),#6901,.F.);
#7238=ADVANCED_FACE('',(#406),#6902,.F.);
#7239=ADVANCED_FACE('',(#407),#6903,.F.);
#7240=ADVANCED_FACE('',(#408),#6904,.F.);
#7241=ADVANCED_FACE('',(#409),#6905,.F.);
#7242=ADVANCED_FACE('',(#410),#6906,.F.);
#7243=ADVANCED_FACE('',(#411),#6907,.F.);
#7244=ADVANCED_FACE('',(#412),#6908,.F.);
#7245=ADVANCED_FACE('',(#413),#6909,.F.);
#7246=ADVANCED_FACE('',(#414),#6910,.F.);
#7247=ADVANCED_FACE('',(#415),#6911,.F.);
#7248=ADVANCED_FACE('',(#416),#6912,.F.);
#7249=ADVANCED_FACE('',(#417,#74),#6913,.F.);
#7250=ADVANCED_FACE('',(#418),#6914,.F.);
#7251=ADVANCED_FACE('',(#419),#6915,.F.);
#7252=ADVANCED_FACE('',(#420),#6916,.F.);
#7253=ADVANCED_FACE('',(#421),#6917,.F.);
#7254=ADVANCED_FACE('',(#422),#6918,.F.);
#7255=ADVANCED_FACE('',(#423),#6919,.F.);
#7256=ADVANCED_FACE('',(#424),#6920,.F.);
#7257=ADVANCED_FACE('',(#425),#6921,.F.);
#7258=ADVANCED_FACE('',(#426),#6922,.F.);
#7259=ADVANCED_FACE('',(#427),#6923,.F.);
#7260=ADVANCED_FACE('',(#428),#6924,.F.);
#7261=ADVANCED_FACE('',(#429),#6925,.F.);
#7262=ADVANCED_FACE('',(#430),#6926,.F.);
#7263=ADVANCED_FACE('',(#431),#6927,.F.);
#7264=ADVANCED_FACE('',(#432),#6928,.F.);
#7265=ADVANCED_FACE('',(#433),#6929,.F.);
#7266=ADVANCED_FACE('',(#434,#75),#6930,.F.);
#7267=ADVANCED_FACE('',(#435),#6931,.F.);
#7268=ADVANCED_FACE('',(#436),#6932,.F.);
#7269=ADVANCED_FACE('',(#437),#6933,.F.);
#7270=ADVANCED_FACE('',(#438),#6934,.F.);
#7271=ADVANCED_FACE('',(#439),#6935,.F.);
#7272=ADVANCED_FACE('',(#440),#6936,.F.);
#7273=ADVANCED_FACE('',(#441),#6937,.F.);
#7274=ADVANCED_FACE('',(#442),#6938,.F.);
#7275=ADVANCED_FACE('',(#443),#6939,.F.);
#7276=ADVANCED_FACE('',(#444),#6940,.F.);
#7277=ADVANCED_FACE('',(#445),#6941,.F.);
#7278=ADVANCED_FACE('',(#446),#6942,.F.);
#7279=ADVANCED_FACE('',(#447),#6943,.F.);
#7280=ADVANCED_FACE('',(#448),#6944,.F.);
#7281=ADVANCED_FACE('',(#449),#6945,.F.);
#7282=ADVANCED_FACE('',(#450),#6946,.F.);
#7283=ADVANCED_FACE('',(#451,#76),#6947,.F.);
#7284=ADVANCED_FACE('',(#452),#6948,.F.);
#7285=ADVANCED_FACE('',(#453),#6949,.F.);
#7286=ADVANCED_FACE('',(#454),#6950,.F.);
#7287=ADVANCED_FACE('',(#455),#6951,.F.);
#7288=ADVANCED_FACE('',(#456),#6952,.F.);
#7289=ADVANCED_FACE('',(#457),#6953,.F.);
#7290=ADVANCED_FACE('',(#458),#6954,.F.);
#7291=ADVANCED_FACE('',(#459),#6955,.F.);
#7292=ADVANCED_FACE('',(#460),#6956,.F.);
#7293=ADVANCED_FACE('',(#461),#6957,.F.);
#7294=ADVANCED_FACE('',(#462),#6958,.F.);
#7295=ADVANCED_FACE('',(#463),#6959,.F.);
#7296=ADVANCED_FACE('',(#464),#6960,.F.);
#7297=ADVANCED_FACE('',(#465),#6961,.F.);
#7298=ADVANCED_FACE('',(#466),#6962,.F.);
#7299=ADVANCED_FACE('',(#467),#6963,.F.);
#7300=ADVANCED_FACE('',(#468,#77),#6964,.F.);
#7301=ADVANCED_FACE('',(#469),#6965,.F.);
#7302=ADVANCED_FACE('',(#470),#6966,.F.);
#7303=ADVANCED_FACE('',(#471),#6967,.F.);
#7304=ADVANCED_FACE('',(#472),#6968,.F.);
#7305=ADVANCED_FACE('',(#473),#6969,.F.);
#7306=ADVANCED_FACE('',(#474),#6970,.F.);
#7307=ADVANCED_FACE('',(#475),#6971,.F.);
#7308=ADVANCED_FACE('',(#476),#6972,.F.);
#7309=ADVANCED_FACE('',(#477),#6973,.F.);
#7310=ADVANCED_FACE('',(#478),#6974,.F.);
#7311=ADVANCED_FACE('',(#479),#6975,.F.);
#7312=ADVANCED_FACE('',(#480),#6976,.F.);
#7313=ADVANCED_FACE('',(#481),#6977,.F.);
#7314=ADVANCED_FACE('',(#482),#6978,.F.);
#7315=ADVANCED_FACE('',(#483),#6979,.F.);
#7316=ADVANCED_FACE('',(#484),#6980,.F.);
#7317=ADVANCED_FACE('',(#485),#6981,.F.);
#7318=ADVANCED_FACE('',(#486),#6982,.F.);
#7319=ADVANCED_FACE('',(#487),#6983,.F.);
#7320=ADVANCED_FACE('',(#488),#6984,.F.);
#7321=ADVANCED_FACE('',(#489),#6985,.F.);
#7322=ADVANCED_FACE('',(#490),#6986,.F.);
#7323=ADVANCED_FACE('',(#491),#6987,.F.);
#7324=ADVANCED_FACE('',(#492),#6988,.F.);
#7325=ADVANCED_FACE('',(#493),#6989,.F.);
#7326=ADVANCED_FACE('',(#494),#6990,.F.);
#7327=ADVANCED_FACE('',(#495),#6991,.F.);
#7328=ADVANCED_FACE('',(#496),#6992,.F.);
#7329=ADVANCED_FACE('',(#497),#6993,.F.);
#7330=ADVANCED_FACE('',(#498),#6994,.F.);
#7331=ADVANCED_FACE('',(#499),#6995,.F.);
#7332=ADVANCED_FACE('',(#500),#6996,.F.);
#7333=ADVANCED_FACE('',(#501),#6997,.F.);
#7334=ADVANCED_FACE('',(#502),#6998,.F.);
#7335=ADVANCED_FACE('',(#503),#6999,.F.);
#7336=ADVANCED_FACE('',(#504),#7000,.F.);
#7337=ADVANCED_FACE('',(#505),#7001,.F.);
#7338=ADVANCED_FACE('',(#506),#7002,.F.);
#7339=ADVANCED_FACE('',(#507),#7003,.F.);
#7340=ADVANCED_FACE('',(#508),#7004,.F.);
#7341=ADVANCED_FACE('',(#509),#7005,.F.);
#7342=ADVANCED_FACE('',(#510),#7006,.F.);
#7343=ADVANCED_FACE('',(#511),#7007,.F.);
#7344=ADVANCED_FACE('',(#512),#7008,.F.);
#7345=ADVANCED_FACE('',(#513),#7009,.F.);
#7346=ADVANCED_FACE('',(#514),#7010,.F.);
#7347=ADVANCED_FACE('',(#515),#7011,.F.);
#7348=ADVANCED_FACE('',(#516),#7012,.F.);
#7349=ADVANCED_FACE('',(#517),#7013,.F.);
#7350=ADVANCED_FACE('',(#518),#7014,.F.);
#7351=ADVANCED_FACE('',(#519),#7015,.F.);
#7352=ADVANCED_FACE('',(#520),#7016,.F.);
#7353=ADVANCED_FACE('',(#521),#7017,.F.);
#7354=ADVANCED_FACE('',(#522),#7018,.F.);
#7355=ADVANCED_FACE('',(#523),#7019,.F.);
#7356=ADVANCED_FACE('',(#524),#7020,.F.);
#7357=ADVANCED_FACE('',(#525),#7021,.F.);
#7358=ADVANCED_FACE('',(#526),#7022,.T.);
#7359=ADVANCED_FACE('',(#527,#78,#79,#80,#81,#82,#83,#84,#85,#86,#87,#88,
#89,#90,#91,#92,#93,#94,#95,#96),#7023,.F.);
#7360=ADVANCED_FACE('',(#528),#199,.F.);
#7361=ADVANCED_FACE('',(#529),#7024,.T.);
#7362=ADVANCED_FACE('',(#530),#200,.F.);
#7363=ADVANCED_FACE('',(#531),#7025,.T.);
#7364=ADVANCED_FACE('',(#532),#7026,.T.);
#7365=ADVANCED_FACE('',(#533),#201,.F.);
#7366=ADVANCED_FACE('',(#534),#202,.F.);
#7367=ADVANCED_FACE('',(#535),#203,.T.);
#7368=ADVANCED_FACE('',(#536),#7027,.T.);
#7369=ADVANCED_FACE('',(#537),#7028,.T.);
#7370=ADVANCED_FACE('',(#538),#204,.T.);
#7371=ADVANCED_FACE('',(#539),#205,.T.);
#7372=ADVANCED_FACE('',(#540),#206,.T.);
#7373=ADVANCED_FACE('',(#541),#7029,.T.);
#7374=ADVANCED_FACE('',(#542,#97),#7030,.T.);
#7375=ADVANCED_FACE('',(#543,#98,#99,#100,#101,#102),#7031,.T.);
#7376=ADVANCED_FACE('',(#544),#207,.T.);
#7377=ADVANCED_FACE('',(#545),#208,.T.);
#7378=ADVANCED_FACE('',(#546),#7032,.T.);
#7379=ADVANCED_FACE('',(#547),#7033,.F.);
#7380=ADVANCED_FACE('',(#548),#7034,.F.);
#7381=ADVANCED_FACE('',(#549),#7035,.F.);
#7382=ADVANCED_FACE('',(#550),#7036,.F.);
#7383=ADVANCED_FACE('',(#551),#209,.F.);
#7384=ADVANCED_FACE('',(#552),#210,.F.);
#7385=ADVANCED_FACE('',(#553),#211,.F.);
#7386=ADVANCED_FACE('',(#554),#7037,.T.);
#7387=ADVANCED_FACE('',(#555,#103),#7038,.T.);
#7388=ADVANCED_FACE('',(#556),#212,.F.);
#7389=ADVANCED_FACE('',(#557),#7039,.T.);
#7390=ADVANCED_FACE('',(#558),#7040,.T.);
#7391=ADVANCED_FACE('',(#559),#7041,.T.);
#7392=ADVANCED_FACE('',(#560),#7042,.T.);
#7393=ADVANCED_FACE('',(#561),#7043,.T.);
#7394=ADVANCED_FACE('',(#562),#7044,.T.);
#7395=ADVANCED_FACE('',(#563),#7045,.F.);
#7396=ADVANCED_FACE('',(#564),#7046,.F.);
#7397=ADVANCED_FACE('',(#565),#7047,.F.);
#7398=ADVANCED_FACE('',(#566),#7048,.F.);
#7399=ADVANCED_FACE('',(#567),#213,.T.);
#7400=ADVANCED_FACE('',(#568),#214,.T.);
#7401=ADVANCED_FACE('',(#569),#215,.T.);
#7402=ADVANCED_FACE('',(#570),#216,.T.);
#7403=ADVANCED_FACE('',(#571),#14,.F.);
#7404=ADVANCED_FACE('',(#572),#217,.T.);
#7405=ADVANCED_FACE('',(#573),#218,.T.);
#7406=ADVANCED_FACE('',(#574),#219,.T.);
#7407=ADVANCED_FACE('',(#575),#15,.F.);
#7408=ADVANCED_FACE('',(#576),#220,.T.);
#7409=ADVANCED_FACE('',(#577),#221,.T.);
#7410=ADVANCED_FACE('',(#578),#222,.T.);
#7411=ADVANCED_FACE('',(#579),#16,.F.);
#7412=ADVANCED_FACE('',(#580),#223,.T.);
#7413=ADVANCED_FACE('',(#581),#224,.T.);
#7414=ADVANCED_FACE('',(#582),#17,.F.);
#7415=ADVANCED_FACE('',(#583),#225,.F.);
#7416=ADVANCED_FACE('',(#584),#226,.F.);
#7417=ADVANCED_FACE('',(#585,#104,#105,#106,#107,#108,#109,#110,#111),#7049,
 .F.);
#7418=ADVANCED_FACE('',(#586),#227,.F.);
#7419=ADVANCED_FACE('',(#587),#228,.F.);
#7420=ADVANCED_FACE('',(#588),#7050,.T.);
#7421=ADVANCED_FACE('',(#589),#7051,.T.);
#7422=ADVANCED_FACE('',(#590),#7052,.T.);
#7423=ADVANCED_FACE('',(#591),#7053,.T.);
#7424=ADVANCED_FACE('',(#592),#7054,.T.);
#7425=ADVANCED_FACE('',(#593),#7055,.T.);
#7426=ADVANCED_FACE('',(#594),#7056,.T.);
#7427=ADVANCED_FACE('',(#595),#7057,.T.);
#7428=ADVANCED_FACE('',(#596),#229,.F.);
#7429=ADVANCED_FACE('',(#597,#112,#113,#114),#7058,.T.);
#7430=ADVANCED_FACE('',(#598),#13,.F.);
#7431=ADVANCED_FACE('',(#599,#115),#7059,.F.);
#7432=ADVANCED_FACE('',(#600),#7060,.T.);
#7433=ADVANCED_FACE('',(#601,#116),#7061,.T.);
#7434=ADVANCED_FACE('',(#602),#7062,.T.);
#7435=ADVANCED_FACE('',(#603),#7063,.T.);
#7436=ADVANCED_FACE('',(#604),#230,.F.);
#7437=ADVANCED_FACE('',(#605),#231,.T.);
#7438=CLOSED_SHELL('',(#7064,#7065,#7066,#7067,#7068,#7069,#7070,#7071,
#7072,#7073,#7074,#7075,#7076,#7077,#7078,#7079,#7080,#7081,#7082,#7083,
#7084,#7085,#7086,#7087,#7088,#7089,#7090,#7091,#7092,#7093,#7094,#7095,
#7096,#7097,#7098,#7099,#7100,#7101,#7102,#7103,#7104,#7105,#7106,#7107,
#7108,#7109,#7110,#7111,#7112,#7113,#7114,#7115,#7116,#7117,#7118,#7119,
#7120,#7121,#7122,#7123,#7124,#7125,#7126,#7127,#7128,#7129,#7130,#7131,
#7132,#7133,#7134,#7135,#7136,#7137,#7138,#7139,#7140,#7141,#7142,#7143,
#7144,#7145,#7146,#7147,#7148,#7149,#7150,#7151,#7152,#7153,#7154,#7155,
#7156,#7157,#7158,#7159,#7160,#7161,#7162,#7163,#7164,#7165,#7166,#7167,
#7168,#7169,#7170,#7171,#7172,#7173,#7174,#7175,#7176,#7177,#7178,#7179,
#7180,#7181,#7182,#7183,#7184,#7185,#7186,#7187,#7188,#7189,#7190,#7191,
#7192,#7193,#7194,#7195,#7196,#7197,#7198,#7199,#7200,#7201,#7202,#7203,
#7204,#7205,#7206,#7207,#7208,#7209,#7210,#7211,#7212,#7213,#7214,#7215,
#7216,#7217,#7218,#7219,#7220,#7221,#7222,#7223,#7224,#7225,#7226,#7227,
#7228,#7229,#7230,#7231,#7232,#7233,#7234,#7235,#7236,#7237,#7238,#7239,
#7240,#7241,#7242,#7243,#7244,#7245,#7246,#7247,#7248,#7249,#7250,#7251,
#7252,#7253,#7254,#7255,#7256,#7257,#7258,#7259,#7260,#7261,#7262,#7263,
#7264,#7265,#7266,#7267,#7268,#7269,#7270,#7271,#7272,#7273,#7274,#7275,
#7276,#7277,#7278,#7279,#7280,#7281,#7282,#7283,#7284,#7285,#7286,#7287,
#7288,#7289,#7290,#7291,#7292,#7293,#7294,#7295,#7296,#7297,#7298,#7299,
#7300,#7301,#7302,#7303,#7304,#7305,#7306,#7307,#7308,#7309,#7310,#7311,
#7312,#7313,#7314,#7315,#7316,#7317,#7318,#7319,#7320,#7321,#7322,#7323,
#7324,#7325,#7326,#7327,#7328,#7329,#7330,#7331,#7332,#7333,#7334,#7335,
#7336,#7337,#7338,#7339,#7340,#7341,#7342,#7343,#7344,#7345,#7346,#7347,
#7348,#7349,#7350,#7351,#7352,#7353,#7354,#7355,#7356,#7357,#7358,#7359));
#7439=CLOSED_SHELL('',(#7360,#7361,#7362,#7363,#7364,#7365,#7366,#7367,
#7368,#7369,#7370,#7371,#7372,#7373,#7374,#7375,#7376,#7377,#7378,#7379,
#7380,#7381,#7382,#7383,#7384,#7385,#7386,#7387,#7388,#7389,#7390,#7391,
#7392,#7393));
#7440=CLOSED_SHELL('',(#7394,#7395,#7396,#7397,#7398,#7399,#7400,#7401,
#7402,#7403,#7404,#7405,#7406,#7407,#7408,#7409,#7410,#7411,#7412,#7413,
#7414,#7415,#7416,#7417,#7418,#7419,#7420,#7421,#7422,#7423,#7424,#7425,
#7426,#7427,#7428,#7429));
#7441=CLOSED_SHELL('',(#7430,#7431,#7432,#7433,#7434,#7435,#7436,#7437));
#7442=DERIVED_UNIT_ELEMENT(#7444,1.);
#7443=DERIVED_UNIT_ELEMENT(#12015,-3.);
#7444=(
MASS_UNIT()
NAMED_UNIT(*)
SI_UNIT(.KILO.,.GRAM.)
);
#7445=DERIVED_UNIT((#7442,#7443));
#7446=MEASURE_REPRESENTATION_ITEM('density measure',
POSITIVE_RATIO_MEASURE(7850.),#7445);
#7447=PROPERTY_DEFINITION_REPRESENTATION(#7452,#7449);
#7448=PROPERTY_DEFINITION_REPRESENTATION(#7453,#7450);
#7449=REPRESENTATION('material name',(#7451),#12012);
#7450=REPRESENTATION('density',(#7446),#12012);
#7451=DESCRIPTIVE_REPRESENTATION_ITEM('Steel','Steel');
#7452=PROPERTY_DEFINITION('material property','material name',#12022);
#7453=PROPERTY_DEFINITION('material property','density of part',#12022);
#7454=AXIS2_PLACEMENT_3D('',#9750,#7905,#7906);
#7455=AXIS2_PLACEMENT_3D('',#9751,#7907,#7908);
#7456=AXIS2_PLACEMENT_3D('',#9760,#7913,#7914);
#7457=AXIS2_PLACEMENT_3D('',#9766,#7918,#7919);
#7458=AXIS2_PLACEMENT_3D('',#9772,#7923,#7924);
#7459=AXIS2_PLACEMENT_3D('',#9775,#7927,#7928);
#7460=AXIS2_PLACEMENT_3D('',#9778,#7929,#7930);
#7461=AXIS2_PLACEMENT_3D('',#9782,#7932,#7933);
#7462=AXIS2_PLACEMENT_3D('',#9784,#7935,#7936);
#7463=AXIS2_PLACEMENT_3D('',#9790,#7940,#7941);
#7464=AXIS2_PLACEMENT_3D('',#9794,#7943,#7944);
#7465=AXIS2_PLACEMENT_3D('',#9798,#7946,#7947);
#7466=AXIS2_PLACEMENT_3D('',#9801,#7949,#7950);
#7467=AXIS2_PLACEMENT_3D('',#9803,#7951,#7952);
#7468=AXIS2_PLACEMENT_3D('',#9805,#7953,#7954);
#7469=AXIS2_PLACEMENT_3D('',#9807,#7955,#7956);
#7470=AXIS2_PLACEMENT_3D('',#9809,#7957,#7958);
#7471=AXIS2_PLACEMENT_3D('',#9924,#8016,#8017);
#7472=AXIS2_PLACEMENT_3D('',#9927,#8019,#8020);
#7473=AXIS2_PLACEMENT_3D('',#9928,#8021,#8022);
#7474=AXIS2_PLACEMENT_3D('',#9932,#8025,#8026);
#7475=AXIS2_PLACEMENT_3D('',#9935,#8028,#8029);
#7476=AXIS2_PLACEMENT_3D('',#9936,#8030,#8031);
#7477=AXIS2_PLACEMENT_3D('',#9940,#8034,#8035);
#7478=AXIS2_PLACEMENT_3D('',#9943,#8037,#8038);
#7479=AXIS2_PLACEMENT_3D('',#9944,#8039,#8040);
#7480=AXIS2_PLACEMENT_3D('',#9946,#8041,#8042);
#7481=AXIS2_PLACEMENT_3D('',#9948,#8044,#8045);
#7482=AXIS2_PLACEMENT_3D('',#9950,#8046,#8047);
#7483=AXIS2_PLACEMENT_3D('',#9952,#8049,#8050);
#7484=AXIS2_PLACEMENT_3D('',#9954,#8051,#8052);
#7485=AXIS2_PLACEMENT_3D('',#9956,#8054,#8055);
#7486=AXIS2_PLACEMENT_3D('',#9958,#8056,#8057);
#7487=AXIS2_PLACEMENT_3D('',#9960,#8059,#8060);
#7488=AXIS2_PLACEMENT_3D('',#9969,#8065,#8066);
#7489=AXIS2_PLACEMENT_3D('',#9975,#8070,#8071);
#7490=AXIS2_PLACEMENT_3D('',#9981,#8075,#8076);
#7491=AXIS2_PLACEMENT_3D('',#9987,#8080,#8081);
#7492=AXIS2_PLACEMENT_3D('',#9993,#8085,#8086);
#7493=AXIS2_PLACEMENT_3D('',#9999,#8090,#8091);
#7494=AXIS2_PLACEMENT_3D('',#10005,#8095,#8096);
#7495=AXIS2_PLACEMENT_3D('',#10011,#8100,#8101);
#7496=AXIS2_PLACEMENT_3D('',#10017,#8105,#8106);
#7497=AXIS2_PLACEMENT_3D('',#10023,#8110,#8111);
#7498=AXIS2_PLACEMENT_3D('',#10029,#8115,#8116);
#7499=AXIS2_PLACEMENT_3D('',#10035,#8120,#8121);
#7500=AXIS2_PLACEMENT_3D('',#10041,#8125,#8126);
#7501=AXIS2_PLACEMENT_3D('',#10047,#8130,#8131);
#7502=AXIS2_PLACEMENT_3D('',#10053,#8135,#8136);
#7503=AXIS2_PLACEMENT_3D('',#10056,#8139,#8140);
#7504=AXIS2_PLACEMENT_3D('',#10065,#8145,#8146);
#7505=AXIS2_PLACEMENT_3D('',#10074,#8151,#8152);
#7506=AXIS2_PLACEMENT_3D('',#10080,#8156,#8157);
#7507=AXIS2_PLACEMENT_3D('',#10086,#8161,#8162);
#7508=AXIS2_PLACEMENT_3D('',#10092,#8166,#8167);
#7509=AXIS2_PLACEMENT_3D('',#10098,#8171,#8172);
#7510=AXIS2_PLACEMENT_3D('',#10104,#8176,#8177);
#7511=AXIS2_PLACEMENT_3D('',#10110,#8181,#8182);
#7512=AXIS2_PLACEMENT_3D('',#10116,#8186,#8187);
#7513=AXIS2_PLACEMENT_3D('',#10122,#8191,#8192);
#7514=AXIS2_PLACEMENT_3D('',#10128,#8196,#8197);
#7515=AXIS2_PLACEMENT_3D('',#10134,#8201,#8202);
#7516=AXIS2_PLACEMENT_3D('',#10140,#8206,#8207);
#7517=AXIS2_PLACEMENT_3D('',#10146,#8211,#8212);
#7518=AXIS2_PLACEMENT_3D('',#10152,#8216,#8217);
#7519=AXIS2_PLACEMENT_3D('',#10158,#8221,#8222);
#7520=AXIS2_PLACEMENT_3D('',#10161,#8225,#8226);
#7521=AXIS2_PLACEMENT_3D('',#10170,#8231,#8232);
#7522=AXIS2_PLACEMENT_3D('',#10179,#8237,#8238);
#7523=AXIS2_PLACEMENT_3D('',#10185,#8242,#8243);
#7524=AXIS2_PLACEMENT_3D('',#10191,#8247,#8248);
#7525=AXIS2_PLACEMENT_3D('',#10197,#8252,#8253);
#7526=AXIS2_PLACEMENT_3D('',#10203,#8257,#8258);
#7527=AXIS2_PLACEMENT_3D('',#10209,#8262,#8263);
#7528=AXIS2_PLACEMENT_3D('',#10215,#8267,#8268);
#7529=AXIS2_PLACEMENT_3D('',#10221,#8272,#8273);
#7530=AXIS2_PLACEMENT_3D('',#10227,#8277,#8278);
#7531=AXIS2_PLACEMENT_3D('',#10233,#8282,#8283);
#7532=AXIS2_PLACEMENT_3D('',#10239,#8287,#8288);
#7533=AXIS2_PLACEMENT_3D('',#10245,#8292,#8293);
#7534=AXIS2_PLACEMENT_3D('',#10251,#8297,#8298);
#7535=AXIS2_PLACEMENT_3D('',#10257,#8302,#8303);
#7536=AXIS2_PLACEMENT_3D('',#10263,#8307,#8308);
#7537=AXIS2_PLACEMENT_3D('',#10266,#8311,#8312);
#7538=AXIS2_PLACEMENT_3D('',#10275,#8317,#8318);
#7539=AXIS2_PLACEMENT_3D('',#10284,#8323,#8324);
#7540=AXIS2_PLACEMENT_3D('',#10290,#8328,#8329);
#7541=AXIS2_PLACEMENT_3D('',#10296,#8333,#8334);
#7542=AXIS2_PLACEMENT_3D('',#10302,#8338,#8339);
#7543=AXIS2_PLACEMENT_3D('',#10308,#8343,#8344);
#7544=AXIS2_PLACEMENT_3D('',#10314,#8348,#8349);
#7545=AXIS2_PLACEMENT_3D('',#10320,#8353,#8354);
#7546=AXIS2_PLACEMENT_3D('',#10326,#8358,#8359);
#7547=AXIS2_PLACEMENT_3D('',#10332,#8363,#8364);
#7548=AXIS2_PLACEMENT_3D('',#10338,#8368,#8369);
#7549=AXIS2_PLACEMENT_3D('',#10344,#8373,#8374);
#7550=AXIS2_PLACEMENT_3D('',#10350,#8378,#8379);
#7551=AXIS2_PLACEMENT_3D('',#10356,#8383,#8384);
#7552=AXIS2_PLACEMENT_3D('',#10362,#8388,#8389);
#7553=AXIS2_PLACEMENT_3D('',#10368,#8393,#8394);
#7554=AXIS2_PLACEMENT_3D('',#10371,#8397,#8398);
#7555=AXIS2_PLACEMENT_3D('',#10380,#8403,#8404);
#7556=AXIS2_PLACEMENT_3D('',#10389,#8409,#8410);
#7557=AXIS2_PLACEMENT_3D('',#10395,#8414,#8415);
#7558=AXIS2_PLACEMENT_3D('',#10401,#8419,#8420);
#7559=AXIS2_PLACEMENT_3D('',#10407,#8424,#8425);
#7560=AXIS2_PLACEMENT_3D('',#10413,#8429,#8430);
#7561=AXIS2_PLACEMENT_3D('',#10419,#8434,#8435);
#7562=AXIS2_PLACEMENT_3D('',#10425,#8439,#8440);
#7563=AXIS2_PLACEMENT_3D('',#10431,#8444,#8445);
#7564=AXIS2_PLACEMENT_3D('',#10437,#8449,#8450);
#7565=AXIS2_PLACEMENT_3D('',#10443,#8454,#8455);
#7566=AXIS2_PLACEMENT_3D('',#10449,#8459,#8460);
#7567=AXIS2_PLACEMENT_3D('',#10455,#8464,#8465);
#7568=AXIS2_PLACEMENT_3D('',#10461,#8469,#8470);
#7569=AXIS2_PLACEMENT_3D('',#10467,#8474,#8475);
#7570=AXIS2_PLACEMENT_3D('',#10473,#8479,#8480);
#7571=AXIS2_PLACEMENT_3D('',#10476,#8483,#8484);
#7572=AXIS2_PLACEMENT_3D('',#10485,#8489,#8490);
#7573=AXIS2_PLACEMENT_3D('',#10494,#8495,#8496);
#7574=AXIS2_PLACEMENT_3D('',#10500,#8500,#8501);
#7575=AXIS2_PLACEMENT_3D('',#10506,#8505,#8506);
#7576=AXIS2_PLACEMENT_3D('',#10512,#8510,#8511);
#7577=AXIS2_PLACEMENT_3D('',#10518,#8515,#8516);
#7578=AXIS2_PLACEMENT_3D('',#10524,#8520,#8521);
#7579=AXIS2_PLACEMENT_3D('',#10530,#8525,#8526);
#7580=AXIS2_PLACEMENT_3D('',#10536,#8530,#8531);
#7581=AXIS2_PLACEMENT_3D('',#10542,#8535,#8536);
#7582=AXIS2_PLACEMENT_3D('',#10548,#8540,#8541);
#7583=AXIS2_PLACEMENT_3D('',#10554,#8545,#8546);
#7584=AXIS2_PLACEMENT_3D('',#10560,#8550,#8551);
#7585=AXIS2_PLACEMENT_3D('',#10566,#8555,#8556);
#7586=AXIS2_PLACEMENT_3D('',#10572,#8560,#8561);
#7587=AXIS2_PLACEMENT_3D('',#10578,#8565,#8566);
#7588=AXIS2_PLACEMENT_3D('',#10581,#8569,#8570);
#7589=AXIS2_PLACEMENT_3D('',#10590,#8575,#8576);
#7590=AXIS2_PLACEMENT_3D('',#10599,#8581,#8582);
#7591=AXIS2_PLACEMENT_3D('',#10605,#8586,#8587);
#7592=AXIS2_PLACEMENT_3D('',#10611,#8591,#8592);
#7593=AXIS2_PLACEMENT_3D('',#10617,#8596,#8597);
#7594=AXIS2_PLACEMENT_3D('',#10623,#8601,#8602);
#7595=AXIS2_PLACEMENT_3D('',#10629,#8606,#8607);
#7596=AXIS2_PLACEMENT_3D('',#10635,#8611,#8612);
#7597=AXIS2_PLACEMENT_3D('',#10641,#8616,#8617);
#7598=AXIS2_PLACEMENT_3D('',#10647,#8621,#8622);
#7599=AXIS2_PLACEMENT_3D('',#10653,#8626,#8627);
#7600=AXIS2_PLACEMENT_3D('',#10659,#8631,#8632);
#7601=AXIS2_PLACEMENT_3D('',#10665,#8636,#8637);
#7602=AXIS2_PLACEMENT_3D('',#10671,#8641,#8642);
#7603=AXIS2_PLACEMENT_3D('',#10677,#8646,#8647);
#7604=AXIS2_PLACEMENT_3D('',#10683,#8651,#8652);
#7605=AXIS2_PLACEMENT_3D('',#10686,#8655,#8656);
#7606=AXIS2_PLACEMENT_3D('',#10695,#8661,#8662);
#7607=AXIS2_PLACEMENT_3D('',#10704,#8667,#8668);
#7608=AXIS2_PLACEMENT_3D('',#10710,#8672,#8673);
#7609=AXIS2_PLACEMENT_3D('',#10716,#8677,#8678);
#7610=AXIS2_PLACEMENT_3D('',#10722,#8682,#8683);
#7611=AXIS2_PLACEMENT_3D('',#10728,#8687,#8688);
#7612=AXIS2_PLACEMENT_3D('',#10734,#8692,#8693);
#7613=AXIS2_PLACEMENT_3D('',#10740,#8697,#8698);
#7614=AXIS2_PLACEMENT_3D('',#10746,#8702,#8703);
#7615=AXIS2_PLACEMENT_3D('',#10752,#8707,#8708);
#7616=AXIS2_PLACEMENT_3D('',#10758,#8712,#8713);
#7617=AXIS2_PLACEMENT_3D('',#10764,#8717,#8718);
#7618=AXIS2_PLACEMENT_3D('',#10770,#8722,#8723);
#7619=AXIS2_PLACEMENT_3D('',#10776,#8727,#8728);
#7620=AXIS2_PLACEMENT_3D('',#10782,#8732,#8733);
#7621=AXIS2_PLACEMENT_3D('',#10788,#8737,#8738);
#7622=AXIS2_PLACEMENT_3D('',#10791,#8741,#8742);
#7623=AXIS2_PLACEMENT_3D('',#10800,#8747,#8748);
#7624=AXIS2_PLACEMENT_3D('',#10809,#8753,#8754);
#7625=AXIS2_PLACEMENT_3D('',#10815,#8758,#8759);
#7626=AXIS2_PLACEMENT_3D('',#10821,#8763,#8764);
#7627=AXIS2_PLACEMENT_3D('',#10827,#8768,#8769);
#7628=AXIS2_PLACEMENT_3D('',#10833,#8773,#8774);
#7629=AXIS2_PLACEMENT_3D('',#10839,#8778,#8779);
#7630=AXIS2_PLACEMENT_3D('',#10845,#8783,#8784);
#7631=AXIS2_PLACEMENT_3D('',#10851,#8788,#8789);
#7632=AXIS2_PLACEMENT_3D('',#10857,#8793,#8794);
#7633=AXIS2_PLACEMENT_3D('',#10863,#8798,#8799);
#7634=AXIS2_PLACEMENT_3D('',#10869,#8803,#8804);
#7635=AXIS2_PLACEMENT_3D('',#10875,#8808,#8809);
#7636=AXIS2_PLACEMENT_3D('',#10881,#8813,#8814);
#7637=AXIS2_PLACEMENT_3D('',#10887,#8818,#8819);
#7638=AXIS2_PLACEMENT_3D('',#10893,#8823,#8824);
#7639=AXIS2_PLACEMENT_3D('',#10896,#8827,#8828);
#7640=AXIS2_PLACEMENT_3D('',#10905,#8833,#8834);
#7641=AXIS2_PLACEMENT_3D('',#10914,#8839,#8840);
#7642=AXIS2_PLACEMENT_3D('',#10920,#8844,#8845);
#7643=AXIS2_PLACEMENT_3D('',#10926,#8849,#8850);
#7644=AXIS2_PLACEMENT_3D('',#10932,#8854,#8855);
#7645=AXIS2_PLACEMENT_3D('',#10938,#8859,#8860);
#7646=AXIS2_PLACEMENT_3D('',#10944,#8864,#8865);
#7647=AXIS2_PLACEMENT_3D('',#10950,#8869,#8870);
#7648=AXIS2_PLACEMENT_3D('',#10956,#8874,#8875);
#7649=AXIS2_PLACEMENT_3D('',#10962,#8879,#8880);
#7650=AXIS2_PLACEMENT_3D('',#10968,#8884,#8885);
#7651=AXIS2_PLACEMENT_3D('',#10974,#8889,#8890);
#7652=AXIS2_PLACEMENT_3D('',#10980,#8894,#8895);
#7653=AXIS2_PLACEMENT_3D('',#10986,#8899,#8900);
#7654=AXIS2_PLACEMENT_3D('',#10992,#8904,#8905);
#7655=AXIS2_PLACEMENT_3D('',#10998,#8909,#8910);
#7656=AXIS2_PLACEMENT_3D('',#11001,#8913,#8914);
#7657=AXIS2_PLACEMENT_3D('',#11010,#8919,#8920);
#7658=AXIS2_PLACEMENT_3D('',#11019,#8925,#8926);
#7659=AXIS2_PLACEMENT_3D('',#11025,#8930,#8931);
#7660=AXIS2_PLACEMENT_3D('',#11031,#8935,#8936);
#7661=AXIS2_PLACEMENT_3D('',#11037,#8940,#8941);
#7662=AXIS2_PLACEMENT_3D('',#11043,#8945,#8946);
#7663=AXIS2_PLACEMENT_3D('',#11049,#8950,#8951);
#7664=AXIS2_PLACEMENT_3D('',#11055,#8955,#8956);
#7665=AXIS2_PLACEMENT_3D('',#11061,#8960,#8961);
#7666=AXIS2_PLACEMENT_3D('',#11067,#8965,#8966);
#7667=AXIS2_PLACEMENT_3D('',#11073,#8970,#8971);
#7668=AXIS2_PLACEMENT_3D('',#11079,#8975,#8976);
#7669=AXIS2_PLACEMENT_3D('',#11085,#8980,#8981);
#7670=AXIS2_PLACEMENT_3D('',#11091,#8985,#8986);
#7671=AXIS2_PLACEMENT_3D('',#11097,#8990,#8991);
#7672=AXIS2_PLACEMENT_3D('',#11103,#8995,#8996);
#7673=AXIS2_PLACEMENT_3D('',#11106,#8999,#9000);
#7674=AXIS2_PLACEMENT_3D('',#11115,#9005,#9006);
#7675=AXIS2_PLACEMENT_3D('',#11124,#9011,#9012);
#7676=AXIS2_PLACEMENT_3D('',#11130,#9016,#9017);
#7677=AXIS2_PLACEMENT_3D('',#11136,#9021,#9022);
#7678=AXIS2_PLACEMENT_3D('',#11142,#9026,#9027);
#7679=AXIS2_PLACEMENT_3D('',#11148,#9031,#9032);
#7680=AXIS2_PLACEMENT_3D('',#11154,#9036,#9037);
#7681=AXIS2_PLACEMENT_3D('',#11160,#9041,#9042);
#7682=AXIS2_PLACEMENT_3D('',#11166,#9046,#9047);
#7683=AXIS2_PLACEMENT_3D('',#11172,#9051,#9052);
#7684=AXIS2_PLACEMENT_3D('',#11178,#9056,#9057);
#7685=AXIS2_PLACEMENT_3D('',#11184,#9061,#9062);
#7686=AXIS2_PLACEMENT_3D('',#11190,#9066,#9067);
#7687=AXIS2_PLACEMENT_3D('',#11196,#9071,#9072);
#7688=AXIS2_PLACEMENT_3D('',#11202,#9076,#9077);
#7689=AXIS2_PLACEMENT_3D('',#11208,#9081,#9082);
#7690=AXIS2_PLACEMENT_3D('',#11211,#9085,#9086);
#7691=AXIS2_PLACEMENT_3D('',#11220,#9091,#9092);
#7692=AXIS2_PLACEMENT_3D('',#11229,#9097,#9098);
#7693=AXIS2_PLACEMENT_3D('',#11235,#9102,#9103);
#7694=AXIS2_PLACEMENT_3D('',#11241,#9107,#9108);
#7695=AXIS2_PLACEMENT_3D('',#11247,#9112,#9113);
#7696=AXIS2_PLACEMENT_3D('',#11253,#9117,#9118);
#7697=AXIS2_PLACEMENT_3D('',#11259,#9122,#9123);
#7698=AXIS2_PLACEMENT_3D('',#11265,#9127,#9128);
#7699=AXIS2_PLACEMENT_3D('',#11271,#9132,#9133);
#7700=AXIS2_PLACEMENT_3D('',#11277,#9137,#9138);
#7701=AXIS2_PLACEMENT_3D('',#11283,#9142,#9143);
#7702=AXIS2_PLACEMENT_3D('',#11289,#9147,#9148);
#7703=AXIS2_PLACEMENT_3D('',#11295,#9152,#9153);
#7704=AXIS2_PLACEMENT_3D('',#11301,#9157,#9158);
#7705=AXIS2_PLACEMENT_3D('',#11307,#9162,#9163);
#7706=AXIS2_PLACEMENT_3D('',#11313,#9167,#9168);
#7707=AXIS2_PLACEMENT_3D('',#11316,#9171,#9172);
#7708=AXIS2_PLACEMENT_3D('',#11325,#9177,#9178);
#7709=AXIS2_PLACEMENT_3D('',#11328,#9181,#9182);
#7710=AXIS2_PLACEMENT_3D('',#11330,#9184,#9185);
#7711=AXIS2_PLACEMENT_3D('',#11333,#9188,#9189);
#7712=AXIS2_PLACEMENT_3D('',#11335,#9191,#9192);
#7713=AXIS2_PLACEMENT_3D('',#11338,#9195,#9196);
#7714=AXIS2_PLACEMENT_3D('',#11340,#9198,#9199);
#7715=AXIS2_PLACEMENT_3D('',#11343,#9202,#9203);
#7716=AXIS2_PLACEMENT_3D('',#11345,#9205,#9206);
#7717=AXIS2_PLACEMENT_3D('',#11348,#9209,#9210);
#7718=AXIS2_PLACEMENT_3D('',#11350,#9212,#9213);
#7719=AXIS2_PLACEMENT_3D('',#11353,#9216,#9217);
#7720=AXIS2_PLACEMENT_3D('',#11355,#9219,#9220);
#7721=AXIS2_PLACEMENT_3D('',#11358,#9223,#9224);
#7722=AXIS2_PLACEMENT_3D('',#11360,#9226,#9227);
#7723=AXIS2_PLACEMENT_3D('',#11363,#9230,#9231);
#7724=AXIS2_PLACEMENT_3D('',#11365,#9233,#9234);
#7725=AXIS2_PLACEMENT_3D('',#11368,#9237,#9238);
#7726=AXIS2_PLACEMENT_3D('',#11370,#9240,#9241);
#7727=AXIS2_PLACEMENT_3D('',#11373,#9244,#9245);
#7728=AXIS2_PLACEMENT_3D('',#11375,#9247,#9248);
#7729=AXIS2_PLACEMENT_3D('',#11378,#9251,#9252);
#7730=AXIS2_PLACEMENT_3D('',#11380,#9254,#9255);
#7731=AXIS2_PLACEMENT_3D('',#11383,#9258,#9259);
#7732=AXIS2_PLACEMENT_3D('',#11385,#9261,#9262);
#7733=AXIS2_PLACEMENT_3D('',#11388,#9265,#9266);
#7734=AXIS2_PLACEMENT_3D('',#11390,#9268,#9269);
#7735=AXIS2_PLACEMENT_3D('',#11392,#9271,#9272);
#7736=AXIS2_PLACEMENT_3D('',#11393,#9273,#9274);
#7737=AXIS2_PLACEMENT_3D('',#11395,#9276,#9277);
#7738=AXIS2_PLACEMENT_3D('',#11396,#9278,#9279);
#7739=AXIS2_PLACEMENT_3D('',#11398,#9281,#9282);
#7740=AXIS2_PLACEMENT_3D('',#11399,#9283,#9284);
#7741=AXIS2_PLACEMENT_3D('',#11401,#9286,#9287);
#7742=AXIS2_PLACEMENT_3D('',#11402,#9288,#9289);
#7743=AXIS2_PLACEMENT_3D('',#11404,#9291,#9292);
#7744=AXIS2_PLACEMENT_3D('',#11405,#9293,#9294);
#7745=AXIS2_PLACEMENT_3D('',#11407,#9296,#9297);
#7746=AXIS2_PLACEMENT_3D('',#11408,#9298,#9299);
#7747=AXIS2_PLACEMENT_3D('',#11410,#9301,#9302);
#7748=AXIS2_PLACEMENT_3D('',#11411,#9303,#9304);
#7749=AXIS2_PLACEMENT_3D('',#11413,#9306,#9307);
#7750=AXIS2_PLACEMENT_3D('',#11414,#9308,#9309);
#7751=AXIS2_PLACEMENT_3D('',#11416,#9311,#9312);
#7752=AXIS2_PLACEMENT_3D('',#11417,#9313,#9314);
#7753=AXIS2_PLACEMENT_3D('',#11419,#9316,#9317);
#7754=AXIS2_PLACEMENT_3D('',#11420,#9318,#9319);
#7755=AXIS2_PLACEMENT_3D('',#11422,#9321,#9322);
#7756=AXIS2_PLACEMENT_3D('',#11423,#9323,#9324);
#7757=AXIS2_PLACEMENT_3D('',#11425,#9326,#9327);
#7758=AXIS2_PLACEMENT_3D('',#11426,#9328,#9329);
#7759=AXIS2_PLACEMENT_3D('',#11428,#9331,#9332);
#7760=AXIS2_PLACEMENT_3D('',#11429,#9333,#9334);
#7761=AXIS2_PLACEMENT_3D('',#11435,#9338,#9339);
#7762=AXIS2_PLACEMENT_3D('',#11439,#9342,#9343);
#7763=AXIS2_PLACEMENT_3D('',#11443,#9346,#9347);
#7764=AXIS2_PLACEMENT_3D('',#11447,#9350,#9351);
#7765=AXIS2_PLACEMENT_3D('',#11449,#9353,#9354);
#7766=AXIS2_PLACEMENT_3D('',#11451,#9356,#9357);
#7767=AXIS2_PLACEMENT_3D('',#11452,#9358,#9359);
#7768=AXIS2_PLACEMENT_3D('',#11455,#9360,#9361);
#7769=AXIS2_PLACEMENT_3D('',#11459,#9363,#9364);
#7770=AXIS2_PLACEMENT_3D('',#11461,#9366,#9367);
#7771=AXIS2_PLACEMENT_3D('',#11467,#9371,#9372);
#7772=AXIS2_PLACEMENT_3D('',#11470,#9373,#9374);
#7773=AXIS2_PLACEMENT_3D('',#11474,#9376,#9377);
#7774=AXIS2_PLACEMENT_3D('',#11476,#9379,#9380);
#7775=AXIS2_PLACEMENT_3D('',#11481,#9383,#9384);
#7776=AXIS2_PLACEMENT_3D('',#11484,#9386,#9387);
#7777=AXIS2_PLACEMENT_3D('',#11485,#9388,#9389);
#7778=AXIS2_PLACEMENT_3D('',#11489,#9392,#9393);
#7779=AXIS2_PLACEMENT_3D('',#11491,#9394,#9395);
#7780=AXIS2_PLACEMENT_3D('',#11493,#9397,#9398);
#7781=AXIS2_PLACEMENT_3D('',#11496,#9400,#9401);
#7782=AXIS2_PLACEMENT_3D('',#11497,#9402,#9403);
#7783=AXIS2_PLACEMENT_3D('',#11500,#9404,#9405);
#7784=AXIS2_PLACEMENT_3D('',#11504,#9407,#9408);
#7785=AXIS2_PLACEMENT_3D('',#11506,#9410,#9411);
#7786=AXIS2_PLACEMENT_3D('',#11510,#9413,#9414);
#7787=AXIS2_PLACEMENT_3D('',#11514,#9416,#9417);
#7788=AXIS2_PLACEMENT_3D('',#11518,#9419,#9420);
#7789=AXIS2_PLACEMENT_3D('',#11520,#9422,#9423);
#7790=AXIS2_PLACEMENT_3D('',#11524,#9426,#9427);
#7791=AXIS2_PLACEMENT_3D('',#11526,#9428,#9429);
#7792=AXIS2_PLACEMENT_3D('',#11528,#9431,#9432);
#7793=AXIS2_PLACEMENT_3D('',#11533,#9434,#9435);
#7794=AXIS2_PLACEMENT_3D('',#11536,#9437,#9438);
#7795=AXIS2_PLACEMENT_3D('',#11537,#9439,#9440);
#7796=AXIS2_PLACEMENT_3D('',#11540,#9443,#9444);
#7797=AXIS2_PLACEMENT_3D('',#11544,#9447,#9448);
#7798=AXIS2_PLACEMENT_3D('',#11556,#9455,#9456);
#7799=AXIS2_PLACEMENT_3D('',#11559,#9458,#9459);
#7800=AXIS2_PLACEMENT_3D('',#11562,#9461,#9462);
#7801=AXIS2_PLACEMENT_3D('',#11566,#9465,#9466);
#7802=AXIS2_PLACEMENT_3D('',#11568,#9467,#9468);
#7803=AXIS2_PLACEMENT_3D('',#11570,#9469,#9470);
#7804=AXIS2_PLACEMENT_3D('',#11571,#9471,#9472);
#7805=AXIS2_PLACEMENT_3D('',#11574,#9474,#9475);
#7806=AXIS2_PLACEMENT_3D('',#11575,#9476,#9477);
#7807=AXIS2_PLACEMENT_3D('',#11577,#9479,#9480);
#7808=AXIS2_PLACEMENT_3D('',#11578,#9481,#9482);
#7809=AXIS2_PLACEMENT_3D('',#11584,#9486,#9487);
#7810=AXIS2_PLACEMENT_3D('',#11588,#9490,#9491);
#7811=AXIS2_PLACEMENT_3D('',#11592,#9494,#9495);
#7812=AXIS2_PLACEMENT_3D('',#11594,#9497,#9498);
#7813=AXIS2_PLACEMENT_3D('',#11597,#9500,#9501);
#7814=AXIS2_PLACEMENT_3D('',#11598,#9502,#9503);
#7815=AXIS2_PLACEMENT_3D('',#11601,#9505,#9506);
#7816=AXIS2_PLACEMENT_3D('',#11602,#9507,#9508);
#7817=AXIS2_PLACEMENT_3D('',#11605,#9510,#9511);
#7818=AXIS2_PLACEMENT_3D('',#11606,#9512,#9513);
#7819=AXIS2_PLACEMENT_3D('',#11607,#9514,#9515);
#7820=AXIS2_PLACEMENT_3D('',#11608,#9516,#9517);
#7821=AXIS2_PLACEMENT_3D('',#11611,#9519,#9520);
#7822=AXIS2_PLACEMENT_3D('',#11612,#9521,#9522);
#7823=AXIS2_PLACEMENT_3D('',#11613,#9523,#9524);
#7824=AXIS2_PLACEMENT_3D('',#11614,#9525,#9526);
#7825=AXIS2_PLACEMENT_3D('',#11615,#9527,#9528);
#7826=AXIS2_PLACEMENT_3D('',#11616,#9529,#9530);
#7827=AXIS2_PLACEMENT_3D('',#11617,#9531,#9532);
#7828=AXIS2_PLACEMENT_3D('',#11626,#9537,#9538);
#7829=AXIS2_PLACEMENT_3D('',#11632,#9542,#9543);
#7830=AXIS2_PLACEMENT_3D('',#11636,#9546,#9547);
#7831=AXIS2_PLACEMENT_3D('',#11640,#9550,#9551);
#7832=AXIS2_PLACEMENT_3D('',#11642,#9553,#9554);
#7833=AXIS2_PLACEMENT_3D('',#11645,#9555,#9556);
#7834=AXIS2_PLACEMENT_3D('',#11649,#9558,#9559);
#7835=AXIS2_PLACEMENT_3D('',#11651,#9561,#9562);
#7836=AXIS2_PLACEMENT_3D('',#11660,#9563,#9564);
#7837=AXIS2_PLACEMENT_3D('',#11662,#9566,#9567);
#7838=AXIS2_PLACEMENT_3D('',#11665,#9568,#9569);
#7839=AXIS2_PLACEMENT_3D('',#11669,#9571,#9572);
#7840=AXIS2_PLACEMENT_3D('',#11671,#9574,#9575);
#7841=AXIS2_PLACEMENT_3D('',#11681,#9577,#9578);
#7842=AXIS2_PLACEMENT_3D('',#11719,#9579,#9580);
#7843=AXIS2_PLACEMENT_3D('',#11720,#9581,#9582);
#7844=AXIS2_PLACEMENT_3D('',#11729,#9583,#9584);
#7845=AXIS2_PLACEMENT_3D('',#11731,#9586,#9587);
#7846=AXIS2_PLACEMENT_3D('',#11734,#9588,#9589);
#7847=AXIS2_PLACEMENT_3D('',#11738,#9591,#9592);
#7848=AXIS2_PLACEMENT_3D('',#11740,#9594,#9595);
#7849=AXIS2_PLACEMENT_3D('',#11750,#9597,#9598);
#7850=AXIS2_PLACEMENT_3D('',#11785,#9599,#9600);
#7851=AXIS2_PLACEMENT_3D('',#11786,#9601,#9602);
#7852=AXIS2_PLACEMENT_3D('',#11795,#9603,#9604);
#7853=AXIS2_PLACEMENT_3D('',#11797,#9606,#9607);
#7854=AXIS2_PLACEMENT_3D('',#11800,#9608,#9609);
#7855=AXIS2_PLACEMENT_3D('',#11804,#9611,#9612);
#7856=AXIS2_PLACEMENT_3D('',#11806,#9614,#9615);
#7857=AXIS2_PLACEMENT_3D('',#11816,#9617,#9618);
#7858=AXIS2_PLACEMENT_3D('',#11846,#9619,#9620);
#7859=AXIS2_PLACEMENT_3D('',#11847,#9621,#9622);
#7860=AXIS2_PLACEMENT_3D('',#11856,#9623,#9624);
#7861=AXIS2_PLACEMENT_3D('',#11858,#9626,#9627);
#7862=AXIS2_PLACEMENT_3D('',#11868,#9629,#9630);
#7863=AXIS2_PLACEMENT_3D('',#11901,#9631,#9632);
#7864=AXIS2_PLACEMENT_3D('',#11902,#9633,#9634);
#7865=AXIS2_PLACEMENT_3D('',#11905,#9636,#9637);
#7866=AXIS2_PLACEMENT_3D('',#11906,#9638,#9639);
#7867=AXIS2_PLACEMENT_3D('',#11907,#9640,#9641);
#7868=AXIS2_PLACEMENT_3D('',#11909,#9642,#9643);
#7869=AXIS2_PLACEMENT_3D('',#11912,#9645,#9646);
#7870=AXIS2_PLACEMENT_3D('',#11913,#9647,#9648);
#7871=AXIS2_PLACEMENT_3D('',#11914,#9649,#9650);
#7872=AXIS2_PLACEMENT_3D('',#11916,#9651,#9652);
#7873=AXIS2_PLACEMENT_3D('',#11918,#9653,#9654);
#7874=AXIS2_PLACEMENT_3D('',#11936,#9663,#9664);
#7875=AXIS2_PLACEMENT_3D('',#11937,#9665,#9666);
#7876=AXIS2_PLACEMENT_3D('',#11940,#9668,#9669);
#7877=AXIS2_PLACEMENT_3D('',#11941,#9670,#9671);
#7878=AXIS2_PLACEMENT_3D('',#11942,#9672,#9673);
#7879=AXIS2_PLACEMENT_3D('',#11944,#9675,#9676);
#7880=AXIS2_PLACEMENT_3D('',#11950,#9680,#9681);
#7881=AXIS2_PLACEMENT_3D('',#11954,#9684,#9685);
#7882=AXIS2_PLACEMENT_3D('',#11958,#9688,#9689);
#7883=AXIS2_PLACEMENT_3D('',#11960,#9691,#9692);
#7884=AXIS2_PLACEMENT_3D('',#11966,#9696,#9697);
#7885=AXIS2_PLACEMENT_3D('',#11970,#9700,#9701);
#7886=AXIS2_PLACEMENT_3D('',#11974,#9704,#9705);
#7887=AXIS2_PLACEMENT_3D('',#11976,#9707,#9708);
#7888=AXIS2_PLACEMENT_3D('',#11978,#9709,#9710);
#7889=AXIS2_PLACEMENT_3D('',#11980,#9712,#9713);
#7890=AXIS2_PLACEMENT_3D('',#11981,#9714,#9715);
#7891=AXIS2_PLACEMENT_3D('',#11982,#9716,#9717);
#7892=AXIS2_PLACEMENT_3D('',#11984,#9718,#9719);
#7893=AXIS2_PLACEMENT_3D('',#11987,#9721,#9722);
#7894=AXIS2_PLACEMENT_3D('',#11988,#9723,#9724);
#7895=AXIS2_PLACEMENT_3D('',#11990,#9725,#9726);
#7896=AXIS2_PLACEMENT_3D('',#11991,#9727,#9728);
#7897=AXIS2_PLACEMENT_3D('',#11992,#9729,#9730);
#7898=AXIS2_PLACEMENT_3D('',#11994,#9731,#9732);
#7899=AXIS2_PLACEMENT_3D('',#11998,#9734,#9735);
#7900=AXIS2_PLACEMENT_3D('',#11999,#9736,#9737);
#7901=AXIS2_PLACEMENT_3D('',#12005,#9741,#9742);
#7902=AXIS2_PLACEMENT_3D('',#12006,#9743,#9744);
#7903=AXIS2_PLACEMENT_3D('',#12007,#9745,#9746);
#7904=AXIS2_PLACEMENT_3D('',#12008,#9747,#9748);
#7905=DIRECTION('axis',(0.,0.,1.));
#7906=DIRECTION('refdir',(1.,0.,0.));
#7907=DIRECTION('center_axis',(0.,0.996194698091746,0.0871557427476582));
#7908=DIRECTION('ref_axis',(1.,0.,0.));
#7909=DIRECTION('',(1.,0.,0.));
#7910=DIRECTION('',(0.,0.0871557427476582,-0.996194698091746));
#7911=DIRECTION('',(-1.,0.,0.));
#7912=DIRECTION('',(0.,0.0871557427476582,-0.996194698091746));
#7913=DIRECTION('center_axis',(1.,0.,0.));
#7914=DIRECTION('ref_axis',(0.,-0.996194698091746,-0.0871557427476582));
#7915=DIRECTION('',(0.,-0.996194698091746,-0.0871557427476583));
#7916=DIRECTION('',(0.,0.996194698091746,0.0871557427476583));
#7917=DIRECTION('',(0.,0.0871557427476582,-0.996194698091746));
#7918=DIRECTION('center_axis',(0.,-0.996194698091746,-0.0871557427476582));
#7919=DIRECTION('ref_axis',(-1.,0.,0.));
#7920=DIRECTION('',(-1.,0.,0.));
#7921=DIRECTION('',(1.,0.,0.));
#7922=DIRECTION('',(0.,0.0871557427476582,-0.996194698091746));
#7923=DIRECTION('center_axis',(-1.,0.,0.));
#7924=DIRECTION('ref_axis',(0.,0.996194698091746,0.0871557427476582));
#7925=DIRECTION('',(0.,0.996194698091746,0.0871557427476583));
#7926=DIRECTION('',(0.,-0.996194698091746,-0.0871557427476583));
#7927=DIRECTION('center_axis',(0.,-0.0871557427476583,0.996194698091746));
#7928=DIRECTION('ref_axis',(0.707106781186549,-0.704416026402757,-0.0616284167162195));
#7929=DIRECTION('center_axis',(0.,0.0871557427476583,-0.996194698091746));
#7930=DIRECTION('ref_axis',(0.707106781186549,-0.704416026402757,-0.0616284167162195));
#7931=DIRECTION('',(0.,0.0871557427476583,-0.996194698091746));
#7932=DIRECTION('center_axis',(0.,-0.0871557427476583,0.996194698091746));
#7933=DIRECTION('ref_axis',(0.707106781186549,-0.704416026402757,-0.0616284167162195));
#7934=DIRECTION('',(0.,-0.0871557427476583,0.996194698091746));
#7935=DIRECTION('center_axis',(2.22183461416322E-16,-0.996194698091746,
-0.0871557427476583));
#7936=DIRECTION('ref_axis',(1.,2.21337986266612E-16,1.93645646059853E-17));
#7937=DIRECTION('',(1.,2.21337986266612E-16,1.93645646059853E-17));
#7938=DIRECTION('',(0.,-0.0871557427476583,0.996194698091746));
#7939=DIRECTION('',(1.,2.21337986266612E-16,1.93645646059853E-17));
#7940=DIRECTION('center_axis',(0.,-0.0871557427476583,0.996194698091746));
#7941=DIRECTION('ref_axis',(1.,0.,0.));
#7942=DIRECTION('',(0.,0.996194698091746,0.0871557427476583));
#7943=DIRECTION('center_axis',(0.,0.0871557427476583,-0.996194698091746));
#7944=DIRECTION('ref_axis',(0.707106781186548,0.704416026402758,0.0616284167162194));
#7945=DIRECTION('',(-1.,-1.10668993133306E-16,-9.68228230299263E-18));
#7946=DIRECTION('center_axis',(0.,0.0871557427476583,-0.996194698091746));
#7947=DIRECTION('ref_axis',(-0.707106781186548,0.704416026402758,0.0616284167162195));
#7948=DIRECTION('',(0.,-0.996194698091746,-0.0871557427476583));
#7949=DIRECTION('center_axis',(0.,0.0871557427476583,-0.996194698091746));
#7950=DIRECTION('ref_axis',(-0.707106781186546,-0.70441602640276,-0.0616284167162193));
#7951=DIRECTION('center_axis',(0.,0.0871557427476583,-0.996194698091746));
#7952=DIRECTION('ref_axis',(1.,0.,0.));
#7953=DIRECTION('center_axis',(0.,0.0871557427476583,-0.996194698091746));
#7954=DIRECTION('ref_axis',(1.,0.,0.));
#7955=DIRECTION('center_axis',(0.,0.0871557427476583,-0.996194698091746));
#7956=DIRECTION('ref_axis',(1.,0.,0.));
#7957=DIRECTION('center_axis',(0.,0.0871557427476583,-0.996194698091746));
#7958=DIRECTION('ref_axis',(1.,0.,0.));
#7959=DIRECTION('',(0.,-0.996194698091746,-0.0871557427476583));
#7960=DIRECTION('',(-1.,0.,0.));
#7961=DIRECTION('',(0.,0.996194698091746,0.0871557427476583));
#7962=DIRECTION('',(0.672672828636793,0.737124346651143,0.0644900239409285));
#7963=DIRECTION('',(1.,0.,0.));
#7964=DIRECTION('',(0.,-0.996194698091746,-0.0871557427476583));
#7965=DIRECTION('',(-1.,0.,0.));
#7966=DIRECTION('',(0.,0.996194698091746,0.0871557427476583));
#7967=DIRECTION('',(1.,0.,0.));
#7968=DIRECTION('',(0.,-0.996194698091746,-0.0871557427476583));
#7969=DIRECTION('',(-1.,0.,0.));
#7970=DIRECTION('',(0.,0.996194698091746,0.0871557427476583));
#7971=DIRECTION('',(1.,0.,0.));
#7972=DIRECTION('',(0.,-0.996194698091746,-0.0871557427476583));
#7973=DIRECTION('',(-1.,0.,0.));
#7974=DIRECTION('',(0.,0.996194698091746,0.0871557427476583));
#7975=DIRECTION('',(1.,0.,0.));
#7976=DIRECTION('',(0.,-0.996194698091746,-0.0871557427476583));
#7977=DIRECTION('',(-1.,0.,0.));
#7978=DIRECTION('',(0.,0.996194698091746,0.0871557427476583));
#7979=DIRECTION('',(1.,0.,0.));
#7980=DIRECTION('',(0.,-0.996194698091746,-0.0871557427476583));
#7981=DIRECTION('',(-1.,0.,0.));
#7982=DIRECTION('',(0.,0.996194698091746,0.0871557427476583));
#7983=DIRECTION('',(1.,0.,0.));
#7984=DIRECTION('',(0.,-0.996194698091746,-0.0871557427476583));
#7985=DIRECTION('',(-1.,0.,0.));
#7986=DIRECTION('',(0.,0.996194698091746,0.0871557427476583));
#7987=DIRECTION('',(1.,0.,0.));
#7988=DIRECTION('',(0.,-0.996194698091746,-0.0871557427476583));
#7989=DIRECTION('',(-1.,0.,0.));
#7990=DIRECTION('',(0.,0.996194698091746,0.0871557427476583));
#7991=DIRECTION('',(1.,0.,0.));
#7992=DIRECTION('',(0.,-0.996194698091746,-0.0871557427476583));
#7993=DIRECTION('',(-1.,0.,0.));
#7994=DIRECTION('',(0.,0.996194698091746,0.0871557427476583));
#7995=DIRECTION('',(1.,0.,0.));
#7996=DIRECTION('',(0.,-0.996194698091746,-0.0871557427476583));
#7997=DIRECTION('',(-1.,0.,0.));
#7998=DIRECTION('',(0.,0.996194698091746,0.0871557427476583));
#7999=DIRECTION('',(1.,0.,0.));
#8000=DIRECTION('',(0.,-0.996194698091746,-0.0871557427476583));
#8001=DIRECTION('',(-1.,0.,0.));
#8002=DIRECTION('',(0.,0.996194698091746,0.0871557427476583));
#8003=DIRECTION('',(1.,0.,0.));
#8004=DIRECTION('',(0.,-0.996194698091746,-0.0871557427476583));
#8005=DIRECTION('',(-1.,0.,0.));
#8006=DIRECTION('',(0.,0.996194698091746,0.0871557427476583));
#8007=DIRECTION('',(1.,0.,0.));
#8008=DIRECTION('',(0.,-0.996194698091746,-0.0871557427476583));
#8009=DIRECTION('',(-1.,0.,0.));
#8010=DIRECTION('',(0.,0.996194698091746,0.0871557427476583));
#8011=DIRECTION('',(1.,0.,0.));
#8012=DIRECTION('',(0.,-0.996194698091746,-0.0871557427476583));
#8013=DIRECTION('',(-1.,0.,0.));
#8014=DIRECTION('',(0.,0.996194698091746,0.0871557427476583));
#8015=DIRECTION('',(1.,0.,0.));
#8016=DIRECTION('center_axis',(0.,-0.0871557427476583,0.996194698091746));
#8017=DIRECTION('ref_axis',(-0.707106781186546,-0.70441602640276,-0.0616284167162193));
#8018=DIRECTION('',(0.,0.0871557427476583,-0.996194698091746));
#8019=DIRECTION('center_axis',(0.,-0.0871557427476583,0.996194698091746));
#8020=DIRECTION('ref_axis',(-0.707106781186546,-0.70441602640276,-0.0616284167162193));
#8021=DIRECTION('center_axis',(-1.,0.,0.));
#8022=DIRECTION('ref_axis',(0.,-0.996194698091746,-0.0871557427476583));
#8023=DIRECTION('',(0.,-0.0871557427476583,0.996194698091746));
#8024=DIRECTION('',(0.,-0.996194698091746,-0.0871557427476583));
#8025=DIRECTION('center_axis',(0.,-0.0871557427476583,0.996194698091746));
#8026=DIRECTION('ref_axis',(-0.707106781186548,0.704416026402758,0.0616284167162195));
#8027=DIRECTION('',(0.,0.0871557427476583,-0.996194698091746));
#8028=DIRECTION('center_axis',(0.,-0.0871557427476583,0.996194698091746));
#8029=DIRECTION('ref_axis',(-0.707106781186548,0.704416026402758,0.0616284167162195));
#8030=DIRECTION('center_axis',(-1.11091730708161E-16,0.996194698091746,
0.0871557427476583));
#8031=DIRECTION('ref_axis',(-1.,-1.10668993133306E-16,-9.68228230299263E-18));
#8032=DIRECTION('',(0.,-0.0871557427476583,0.996194698091746));
#8033=DIRECTION('',(-1.,-1.10668993133306E-16,-9.68228230299263E-18));
#8034=DIRECTION('center_axis',(0.,-0.0871557427476583,0.996194698091746));
#8035=DIRECTION('ref_axis',(0.707106781186548,0.704416026402758,0.0616284167162194));
#8036=DIRECTION('',(0.,0.0871557427476583,-0.996194698091746));
#8037=DIRECTION('center_axis',(0.,-0.0871557427476583,0.996194698091746));
#8038=DIRECTION('ref_axis',(0.707106781186548,0.704416026402758,0.0616284167162194));
#8039=DIRECTION('center_axis',(0.,-0.0871557427476583,0.996194698091746));
#8040=DIRECTION('ref_axis',(1.,0.,0.));
#8041=DIRECTION('center_axis',(0.,-0.0871557427476583,0.996194698091746));
#8042=DIRECTION('ref_axis',(1.,0.,0.));
#8043=DIRECTION('',(0.,-0.0871557427476583,0.996194698091745));
#8044=DIRECTION('center_axis',(0.,-0.0871557427476583,0.996194698091746));
#8045=DIRECTION('ref_axis',(1.,0.,0.));
#8046=DIRECTION('center_axis',(0.,-0.0871557427476583,0.996194698091746));
#8047=DIRECTION('ref_axis',(1.,0.,0.));
#8048=DIRECTION('',(0.,-0.0871557427476583,0.996194698091745));
#8049=DIRECTION('center_axis',(0.,-0.0871557427476583,0.996194698091746));
#8050=DIRECTION('ref_axis',(1.,0.,0.));
#8051=DIRECTION('center_axis',(0.,-0.0871557427476583,0.996194698091746));
#8052=DIRECTION('ref_axis',(1.,0.,0.));
#8053=DIRECTION('',(0.,-0.0871557427476583,0.996194698091745));
#8054=DIRECTION('center_axis',(0.,-0.0871557427476583,0.996194698091746));
#8055=DIRECTION('ref_axis',(1.,0.,0.));
#8056=DIRECTION('center_axis',(0.,-0.0871557427476583,0.996194698091746));
#8057=DIRECTION('ref_axis',(1.,0.,0.));
#8058=DIRECTION('',(0.,-0.0871557427476583,0.996194698091745));
#8059=DIRECTION('center_axis',(0.980785174844722,-0.194348473099796,-0.0170032881698052));
#8060=DIRECTION('ref_axis',(0.195090852693835,0.977052991147298,0.0854810603894837));
#8061=DIRECTION('',(0.195090852693835,0.977052991147298,0.0854810603894837));
#8062=DIRECTION('',(0.,-0.0871557427476583,0.996194698091746));
#8063=DIRECTION('',(0.195090852693835,0.977052991147298,0.0854810603894837));
#8064=DIRECTION('',(0.,-0.0871557427476583,0.996194698091746));
#8065=DIRECTION('center_axis',(0.707106781187016,-0.704416026402292,-0.0616284167161786));
#8066=DIRECTION('ref_axis',(0.707106781186079,0.704416026403225,0.0616284167162603));
#8067=DIRECTION('',(0.707106781186079,0.704416026403225,0.0616284167162603));
#8068=DIRECTION('',(0.,-0.0871557427476583,0.996194698091746));
#8069=DIRECTION('',(0.707106781186079,0.704416026403225,0.0616284167162603));
#8070=DIRECTION('center_axis',(0.195090852693634,-0.977052991147338,-0.0854810603894872));
#8071=DIRECTION('ref_axis',(0.980785174844762,0.194348473099596,0.0170032881697877));
#8072=DIRECTION('',(0.980785174844762,0.194348473099596,0.0170032881697877));
#8073=DIRECTION('',(0.,-0.0871557427476583,0.996194698091746));
#8074=DIRECTION('',(0.980785174844762,0.194348473099596,0.0170032881697877));
#8075=DIRECTION('center_axis',(0.,-0.996194698091746,-0.0871557427476583));
#8076=DIRECTION('ref_axis',(1.,0.,0.));
#8077=DIRECTION('',(1.,0.,0.));
#8078=DIRECTION('',(0.,-0.0871557427476583,0.996194698091746));
#8079=DIRECTION('',(1.,0.,0.));
#8080=DIRECTION('center_axis',(-0.195090852693811,-0.977052991147303,-0.0854810603894841));
#8081=DIRECTION('ref_axis',(0.980785174844727,-0.194348473099773,-0.0170032881698031));
#8082=DIRECTION('',(0.980785174844727,-0.194348473099773,-0.0170032881698031));
#8083=DIRECTION('',(0.,-0.0871557427476583,0.996194698091746));
#8084=DIRECTION('',(0.980785174844727,-0.194348473099773,-0.0170032881698031));
#8085=DIRECTION('center_axis',(-0.707106781186548,-0.704416026402759,-0.0616284167162195));
#8086=DIRECTION('ref_axis',(0.707106781186548,-0.704416026402759,-0.0616284167162195));
#8087=DIRECTION('',(0.707106781186548,-0.704416026402759,-0.0616284167162195));
#8088=DIRECTION('',(0.,-0.0871557427476583,0.996194698091746));
#8089=DIRECTION('',(0.707106781186548,-0.704416026402759,-0.0616284167162195));
#8090=DIRECTION('center_axis',(-0.980785174844379,-0.194348473101517,-0.0170032881699558));
#8091=DIRECTION('ref_axis',(0.195090852695563,-0.977052991146956,-0.0854810603894537));
#8092=DIRECTION('',(0.195090852695563,-0.977052991146956,-0.0854810603894537));
#8093=DIRECTION('',(0.,-0.0871557427476583,0.996194698091746));
#8094=DIRECTION('',(0.195090852695563,-0.977052991146956,-0.0854810603894537));
#8095=DIRECTION('center_axis',(-1.,0.,0.));
#8096=DIRECTION('ref_axis',(0.,-0.996194698091746,-0.0871557427476583));
#8097=DIRECTION('',(0.,-0.996194698091746,-0.0871557427476583));
#8098=DIRECTION('',(0.,-0.0871557427476583,0.996194698091746));
#8099=DIRECTION('',(0.,-0.996194698091746,-0.0871557427476583));
#8100=DIRECTION('center_axis',(-0.980785174844372,0.194348473101551,0.0170032881699587));
#8101=DIRECTION('ref_axis',(-0.195090852695596,-0.977052991146949,-0.0854810603894532));
#8102=DIRECTION('',(-0.195090852695596,-0.977052991146949,-0.0854810603894532));
#8103=DIRECTION('',(0.,-0.0871557427476583,0.996194698091746));
#8104=DIRECTION('',(-0.195090852695596,-0.977052991146949,-0.0854810603894532));
#8105=DIRECTION('center_axis',(-0.707106781186093,0.704416026403212,0.0616284167162591));
#8106=DIRECTION('ref_axis',(-0.707106781187002,-0.704416026402306,-0.0616284167161799));
#8107=DIRECTION('',(-0.707106781187002,-0.704416026402306,-0.0616284167161799));
#8108=DIRECTION('',(0.,-0.0871557427476583,0.996194698091746));
#8109=DIRECTION('',(-0.707106781187002,-0.704416026402306,-0.0616284167161798));
#8110=DIRECTION('center_axis',(-0.195090852696446,0.977052991146781,0.0854810603894384));
#8111=DIRECTION('ref_axis',(-0.980785174844203,-0.194348473102397,-0.0170032881700327));
#8112=DIRECTION('',(-0.980785174844203,-0.194348473102397,-0.0170032881700327));
#8113=DIRECTION('',(0.,-0.0871557427476583,0.996194698091746));
#8114=DIRECTION('',(-0.980785174844203,-0.194348473102397,-0.0170032881700327));
#8115=DIRECTION('center_axis',(0.,0.996194698091746,0.0871557427476583));
#8116=DIRECTION('ref_axis',(-1.,0.,0.));
#8117=DIRECTION('',(-1.,0.,0.));
#8118=DIRECTION('',(0.,-0.0871557427476583,0.996194698091746));
#8119=DIRECTION('',(-1.,0.,0.));
#8120=DIRECTION('center_axis',(0.195090852696268,0.977052991146816,0.0854810603894415));
#8121=DIRECTION('ref_axis',(-0.980785174844238,0.19434847310222,0.0170032881700173));
#8122=DIRECTION('',(-0.980785174844238,0.19434847310222,0.0170032881700173));
#8123=DIRECTION('',(0.,-0.0871557427476583,0.996194698091746));
#8124=DIRECTION('',(-0.980785174844238,0.19434847310222,0.0170032881700172));
#8125=DIRECTION('center_axis',(0.707106781186548,0.704416026402759,0.0616284167162195));
#8126=DIRECTION('ref_axis',(-0.707106781186548,0.704416026402759,0.0616284167162195));
#8127=DIRECTION('',(-0.707106781186548,0.704416026402759,0.0616284167162195));
#8128=DIRECTION('',(0.,-0.0871557427476583,0.996194698091746));
#8129=DIRECTION('',(-0.707106781186548,0.704416026402758,0.0616284167162195));
#8130=DIRECTION('center_axis',(0.980785174844727,0.194348473099773,0.0170032881698031));
#8131=DIRECTION('ref_axis',(-0.195090852693811,0.977052991147303,0.0854810603894841));
#8132=DIRECTION('',(-0.195090852693811,0.977052991147303,0.0854810603894841));
#8133=DIRECTION('',(0.,-0.0871557427476583,0.996194698091746));
#8134=DIRECTION('',(-0.195090852693811,0.977052991147303,0.0854810603894841));
#8135=DIRECTION('center_axis',(1.,0.,0.));
#8136=DIRECTION('ref_axis',(0.,0.996194698091746,0.0871557427476583));
#8137=DIRECTION('',(0.,0.996194698091746,0.0871557427476583));
#8138=DIRECTION('',(0.,0.996194698091746,0.0871557427476583));
#8139=DIRECTION('center_axis',(0.,-0.0871557427476583,0.996194698091746));
#8140=DIRECTION('ref_axis',(1.,0.,0.));
#8141=DIRECTION('',(1.,0.,0.));
#8142=DIRECTION('',(0.,0.996194698091746,0.0871557427476583));
#8143=DIRECTION('',(-1.,0.,0.));
#8144=DIRECTION('',(0.,-0.996194698091746,-0.0871557427476583));
#8145=DIRECTION('center_axis',(0.980785174844756,-0.194348473099626,-0.0170032881697903));
#8146=DIRECTION('ref_axis',(0.195090852693665,0.977052991147332,0.0854810603894866));
#8147=DIRECTION('',(0.195090852693665,0.977052991147332,0.0854810603894866));
#8148=DIRECTION('',(0.,-0.0871557427476583,0.996194698091746));
#8149=DIRECTION('',(0.195090852693665,0.977052991147332,0.0854810603894866));
#8150=DIRECTION('',(0.,-0.0871557427476583,0.996194698091746));
#8151=DIRECTION('center_axis',(0.707106781187002,-0.704416026402306,-0.0616284167161799));
#8152=DIRECTION('ref_axis',(0.707106781186093,0.704416026403211,0.0616284167162591));
#8153=DIRECTION('',(0.707106781186093,0.704416026403211,0.0616284167162591));
#8154=DIRECTION('',(0.,-0.0871557427476583,0.996194698091746));
#8155=DIRECTION('',(0.707106781186093,0.704416026403211,0.0616284167162591));
#8156=DIRECTION('center_axis',(0.195090852693147,-0.977052991147434,-0.0854810603894956));
#8157=DIRECTION('ref_axis',(0.980785174844859,0.194348473099111,0.0170032881697453));
#8158=DIRECTION('',(0.980785174844859,0.194348473099111,0.0170032881697453));
#8159=DIRECTION('',(0.,-0.0871557427476583,0.996194698091746));
#8160=DIRECTION('',(0.980785174844859,0.194348473099111,0.0170032881697453));
#8161=DIRECTION('center_axis',(0.,-0.996194698091746,-0.0871557427476583));
#8162=DIRECTION('ref_axis',(1.,0.,0.));
#8163=DIRECTION('',(1.,0.,0.));
#8164=DIRECTION('',(0.,-0.0871557427476583,0.996194698091746));
#8165=DIRECTION('',(1.,0.,0.));
#8166=DIRECTION('center_axis',(-0.195090852693455,-0.977052991147373,-0.0854810603894903));
#8167=DIRECTION('ref_axis',(0.980785174844798,-0.194348473099418,-0.0170032881697721));
#8168=DIRECTION('',(0.980785174844798,-0.194348473099418,-0.0170032881697721));
#8169=DIRECTION('',(0.,-0.0871557427476583,0.996194698091746));
#8170=DIRECTION('',(0.980785174844798,-0.194348473099418,-0.0170032881697721));
#8171=DIRECTION('center_axis',(-0.707106781186782,-0.704416026402525,-0.061628416716199));
#8172=DIRECTION('ref_axis',(0.707106781186314,-0.704416026402992,-0.0616284167162399));
#8173=DIRECTION('',(0.707106781186314,-0.704416026402992,-0.0616284167162399));
#8174=DIRECTION('',(0.,-0.0871557427476583,0.996194698091746));
#8175=DIRECTION('',(0.707106781186314,-0.704416026402992,-0.0616284167162399));
#8176=DIRECTION('center_axis',(-0.980785174844409,-0.194348473101364,-0.0170032881699423));
#8177=DIRECTION('ref_axis',(0.195090852695409,-0.977052991146986,-0.0854810603894564));
#8178=DIRECTION('',(0.195090852695409,-0.977052991146986,-0.0854810603894564));
#8179=DIRECTION('',(0.,-0.0871557427476583,0.996194698091746));
#8180=DIRECTION('',(0.195090852695408,-0.977052991146986,-0.0854810603894564));
#8181=DIRECTION('center_axis',(-1.,0.,0.));
#8182=DIRECTION('ref_axis',(0.,-0.996194698091746,-0.0871557427476583));
#8183=DIRECTION('',(0.,-0.996194698091746,-0.0871557427476583));
#8184=DIRECTION('',(0.,-0.0871557427476583,0.996194698091746));
#8185=DIRECTION('',(0.,-0.996194698091746,-0.0871557427476583));
#8186=DIRECTION('center_axis',(-0.980785174844445,0.194348473101186,0.0170032881699268));
#8187=DIRECTION('ref_axis',(-0.195090852695231,-0.977052991147021,-0.0854810603894595));
#8188=DIRECTION('',(-0.195090852695231,-0.977052991147021,-0.0854810603894595));
#8189=DIRECTION('',(0.,-0.0871557427476583,0.996194698091746));
#8190=DIRECTION('',(-0.195090852695231,-0.977052991147021,-0.0854810603894595));
#8191=DIRECTION('center_axis',(-0.707106781186548,0.704416026402759,0.0616284167162195));
#8192=DIRECTION('ref_axis',(-0.707106781186548,-0.704416026402759,-0.0616284167162195));
#8193=DIRECTION('',(-0.707106781186548,-0.704416026402759,-0.0616284167162195));
#8194=DIRECTION('',(0.,-0.0871557427476583,0.996194698091746));
#8195=DIRECTION('',(-0.707106781186548,-0.704416026402759,-0.0616284167162195));
#8196=DIRECTION('center_axis',(-0.195090852694347,0.977052991147197,0.0854810603894748));
#8197=DIRECTION('ref_axis',(-0.98078517484462,-0.194348473100306,-0.0170032881698498));
#8198=DIRECTION('',(-0.98078517484462,-0.194348473100306,-0.0170032881698498));
#8199=DIRECTION('',(0.,-0.0871557427476583,0.996194698091746));
#8200=DIRECTION('',(-0.98078517484462,-0.194348473100306,-0.0170032881698498));
#8201=DIRECTION('center_axis',(0.,0.996194698091746,0.0871557427476583));
#8202=DIRECTION('ref_axis',(-1.,0.,0.));
#8203=DIRECTION('',(-1.,0.,0.));
#8204=DIRECTION('',(0.,-0.0871557427476583,0.996194698091746));
#8205=DIRECTION('',(-1.,0.,0.));
#8206=DIRECTION('center_axis',(0.195090852693991,0.977052991147267,0.085481060389481));
#8207=DIRECTION('ref_axis',(-0.980785174844691,0.194348473099951,0.0170032881698187));
#8208=DIRECTION('',(-0.980785174844691,0.194348473099951,0.0170032881698187));
#8209=DIRECTION('',(0.,-0.0871557427476583,0.996194698091746));
#8210=DIRECTION('',(-0.980785174844691,0.194348473099951,0.0170032881698187));
#8211=DIRECTION('center_axis',(0.707106781186782,0.704416026402525,0.061628416716199));
#8212=DIRECTION('ref_axis',(-0.707106781186314,0.704416026402992,0.0616284167162399));
#8213=DIRECTION('',(-0.707106781186314,0.704416026402992,0.0616284167162399));
#8214=DIRECTION('',(0.,-0.0871557427476583,0.996194698091746));
#8215=DIRECTION('',(-0.707106781186314,0.704416026402992,0.0616284167162399));
#8216=DIRECTION('center_axis',(0.98078517484479,0.194348473099457,0.0170032881697755));
#8217=DIRECTION('ref_axis',(-0.195090852693495,0.977052991147365,0.0854810603894896));
#8218=DIRECTION('',(-0.195090852693495,0.977052991147365,0.0854810603894896));
#8219=DIRECTION('',(0.,-0.0871557427476583,0.996194698091746));
#8220=DIRECTION('',(-0.195090852693495,0.977052991147365,0.0854810603894896));
#8221=DIRECTION('center_axis',(1.,0.,0.));
#8222=DIRECTION('ref_axis',(0.,0.996194698091746,0.0871557427476583));
#8223=DIRECTION('',(0.,0.996194698091746,0.0871557427476583));
#8224=DIRECTION('',(0.,0.996194698091746,0.0871557427476583));
#8225=DIRECTION('center_axis',(0.,-0.0871557427476583,0.996194698091746));
#8226=DIRECTION('ref_axis',(1.,0.,0.));
#8227=DIRECTION('',(1.,0.,0.));
#8228=DIRECTION('',(0.,0.996194698091746,0.0871557427476583));
#8229=DIRECTION('',(-1.,0.,0.));
#8230=DIRECTION('',(0.,-0.996194698091746,-0.0871557427476583));
#8231=DIRECTION('center_axis',(0.980785174844758,-0.194348473099619,-0.0170032881697897));
#8232=DIRECTION('ref_axis',(0.195090852693657,0.977052991147333,0.0854810603894868));
#8233=DIRECTION('',(0.195090852693657,0.977052991147333,0.0854810603894868));
#8234=DIRECTION('',(0.,-0.0871557427476583,0.996194698091746));
#8235=DIRECTION('',(0.195090852693657,0.977052991147333,0.0854810603894868));
#8236=DIRECTION('',(0.,-0.0871557427476583,0.996194698091746));
#8237=DIRECTION('center_axis',(0.707106781186782,-0.704416026402525,-0.061628416716199));
#8238=DIRECTION('ref_axis',(0.707106781186314,0.704416026402992,0.0616284167162399));
#8239=DIRECTION('',(0.707106781186314,0.704416026402992,0.0616284167162399));
#8240=DIRECTION('',(0.,-0.0871557427476583,0.996194698091746));
#8241=DIRECTION('',(0.707106781186314,0.704416026402992,0.0616284167162399));
#8242=DIRECTION('center_axis',(0.195090852694882,-0.97705299114709,-0.0854810603894655));
#8243=DIRECTION('ref_axis',(0.980785174844514,0.19434847310084,0.0170032881698965));
#8244=DIRECTION('',(0.980785174844514,0.19434847310084,0.0170032881698965));
#8245=DIRECTION('',(0.,-0.0871557427476583,0.996194698091746));
#8246=DIRECTION('',(0.980785174844514,0.19434847310084,0.0170032881698965));
#8247=DIRECTION('center_axis',(0.,-0.996194698091746,-0.0871557427476583));
#8248=DIRECTION('ref_axis',(1.,0.,0.));
#8249=DIRECTION('',(1.,0.,0.));
#8250=DIRECTION('',(0.,-0.0871557427476583,0.996194698091746));
#8251=DIRECTION('',(1.,0.,0.));
#8252=DIRECTION('center_axis',(-0.195090852695231,-0.977052991147021,-0.0854810603894595));
#8253=DIRECTION('ref_axis',(0.980785174844444,-0.194348473101186,-0.0170032881699268));
#8254=DIRECTION('',(0.980785174844444,-0.194348473101186,-0.0170032881699268));
#8255=DIRECTION('',(0.,-0.0871557427476583,0.996194698091746));
#8256=DIRECTION('',(0.980785174844444,-0.194348473101186,-0.0170032881699268));
#8257=DIRECTION('center_axis',(-0.707106781186548,-0.704416026402759,-0.0616284167162195));
#8258=DIRECTION('ref_axis',(0.707106781186548,-0.704416026402759,-0.0616284167162195));
#8259=DIRECTION('',(0.707106781186548,-0.704416026402759,-0.0616284167162195));
#8260=DIRECTION('',(0.,-0.0871557427476583,0.996194698091746));
#8261=DIRECTION('',(0.707106781186548,-0.704416026402758,-0.0616284167162195));
#8262=DIRECTION('center_axis',(-0.980785174844409,-0.194348473101364,-0.0170032881699424));
#8263=DIRECTION('ref_axis',(0.195090852695409,-0.977052991146986,-0.0854810603894564));
#8264=DIRECTION('',(0.195090852695409,-0.977052991146986,-0.0854810603894564));
#8265=DIRECTION('',(0.,-0.0871557427476583,0.996194698091746));
#8266=DIRECTION('',(0.195090852695409,-0.977052991146986,-0.0854810603894564));
#8267=DIRECTION('center_axis',(-1.,0.,0.));
#8268=DIRECTION('ref_axis',(0.,-0.996194698091746,-0.0871557427476583));
#8269=DIRECTION('',(0.,-0.996194698091746,-0.0871557427476583));
#8270=DIRECTION('',(0.,-0.0871557427476583,0.996194698091746));
#8271=DIRECTION('',(0.,-0.996194698091746,-0.0871557427476583));
#8272=DIRECTION('center_axis',(-0.98078517484441,0.19434847310136,0.017003288169942));
#8273=DIRECTION('ref_axis',(-0.195090852695405,-0.977052991146987,-0.0854810603894564));
#8274=DIRECTION('',(-0.195090852695405,-0.977052991146987,-0.0854810603894564));
#8275=DIRECTION('',(0.,-0.0871557427476583,0.996194698091746));
#8276=DIRECTION('',(-0.195090852695405,-0.977052991146987,-0.0854810603894564));
#8277=DIRECTION('center_axis',(-0.707106781186665,0.704416026402642,0.0616284167162092));
#8278=DIRECTION('ref_axis',(-0.707106781186431,-0.704416026402875,-0.0616284167162297));
#8279=DIRECTION('',(-0.707106781186431,-0.704416026402875,-0.0616284167162297));
#8280=DIRECTION('',(0.,-0.0871557427476583,0.996194698091746));
#8281=DIRECTION('',(-0.707106781186431,-0.704416026402875,-0.0616284167162297));
#8282=DIRECTION('center_axis',(-0.195090852694359,0.977052991147194,0.0854810603894746));
#8283=DIRECTION('ref_axis',(-0.980785174844618,-0.194348473100318,-0.0170032881698509));
#8284=DIRECTION('',(-0.980785174844618,-0.194348473100318,-0.0170032881698509));
#8285=DIRECTION('',(0.,-0.0871557427476583,0.996194698091746));
#8286=DIRECTION('',(-0.980785174844618,-0.194348473100318,-0.0170032881698509));
#8287=DIRECTION('center_axis',(0.,0.996194698091746,0.0871557427476583));
#8288=DIRECTION('ref_axis',(-1.,0.,0.));
#8289=DIRECTION('',(-1.,0.,0.));
#8290=DIRECTION('',(0.,-0.0871557427476583,0.996194698091746));
#8291=DIRECTION('',(-1.,0.,0.));
#8292=DIRECTION('center_axis',(0.195090852694003,0.977052991147265,0.0854810603894808));
#8293=DIRECTION('ref_axis',(-0.980785174844689,0.194348473099963,0.0170032881698198));
#8294=DIRECTION('',(-0.980785174844689,0.194348473099963,0.0170032881698198));
#8295=DIRECTION('',(0.,-0.0871557427476583,0.996194698091746));
#8296=DIRECTION('',(-0.980785174844689,0.194348473099963,0.0170032881698198));
#8297=DIRECTION('center_axis',(0.707106781186906,0.704416026402402,0.0616284167161882));
#8298=DIRECTION('ref_axis',(-0.70710678118619,0.704416026403115,0.0616284167162507));
#8299=DIRECTION('',(-0.70710678118619,0.704416026403115,0.0616284167162507));
#8300=DIRECTION('',(0.,-0.0871557427476583,0.996194698091746));
#8301=DIRECTION('',(-0.707106781186189,0.704416026403115,0.0616284167162507));
#8302=DIRECTION('center_axis',(0.980785174844756,0.194348473099627,0.0170032881697904));
#8303=DIRECTION('ref_axis',(-0.195090852693665,0.977052991147332,0.0854810603894866));
#8304=DIRECTION('',(-0.195090852693665,0.977052991147332,0.0854810603894866));
#8305=DIRECTION('',(0.,-0.0871557427476583,0.996194698091746));
#8306=DIRECTION('',(-0.195090852693665,0.977052991147332,0.0854810603894866));
#8307=DIRECTION('center_axis',(1.,0.,0.));
#8308=DIRECTION('ref_axis',(0.,0.996194698091746,0.0871557427476583));
#8309=DIRECTION('',(0.,0.996194698091746,0.0871557427476583));
#8310=DIRECTION('',(0.,0.996194698091746,0.0871557427476583));
#8311=DIRECTION('center_axis',(0.,-0.0871557427476583,0.996194698091746));
#8312=DIRECTION('ref_axis',(1.,0.,0.));
#8313=DIRECTION('',(1.,0.,0.));
#8314=DIRECTION('',(0.,0.996194698091746,0.0871557427476583));
#8315=DIRECTION('',(-1.,0.,0.));
#8316=DIRECTION('',(0.,-0.996194698091746,-0.0871557427476583));
#8317=DIRECTION('center_axis',(-0.195090852694181,-0.977052991147229,-0.0854810603894777));
#8318=DIRECTION('ref_axis',(0.980785174844653,-0.194348473100141,-0.0170032881698354));
#8319=DIRECTION('',(0.980785174844653,-0.194348473100141,-0.0170032881698354));
#8320=DIRECTION('',(0.,-0.0871557427476583,0.996194698091746));
#8321=DIRECTION('',(0.980785174844653,-0.194348473100141,-0.0170032881698354));
#8322=DIRECTION('',(0.,-0.0871557427476583,0.996194698091746));
#8323=DIRECTION('center_axis',(-0.707106781186899,-0.704416026402409,-0.0616284167161889));
#8324=DIRECTION('ref_axis',(0.707106781186197,-0.704416026403108,-0.0616284167162501));
#8325=DIRECTION('',(0.707106781186197,-0.704416026403108,-0.0616284167162501));
#8326=DIRECTION('',(0.,-0.0871557427476583,0.996194698091746));
#8327=DIRECTION('',(0.707106781186197,-0.704416026403108,-0.0616284167162501));
#8328=DIRECTION('center_axis',(-0.980785174844446,-0.194348473101182,-0.0170032881699264));
#8329=DIRECTION('ref_axis',(0.195090852695226,-0.977052991147022,-0.0854810603894595));
#8330=DIRECTION('',(0.195090852695226,-0.977052991147022,-0.0854810603894595));
#8331=DIRECTION('',(0.,-0.0871557427476583,0.996194698091746));
#8332=DIRECTION('',(0.195090852695226,-0.977052991147022,-0.0854810603894595));
#8333=DIRECTION('center_axis',(-1.,0.,0.));
#8334=DIRECTION('ref_axis',(0.,-0.996194698091746,-0.0871557427476583));
#8335=DIRECTION('',(0.,-0.996194698091746,-0.0871557427476583));
#8336=DIRECTION('',(0.,-0.0871557427476583,0.996194698091746));
#8337=DIRECTION('',(0.,-0.996194698091746,-0.0871557427476583));
#8338=DIRECTION('center_axis',(-0.980785174844428,0.19434847310127,0.0170032881699341));
#8339=DIRECTION('ref_axis',(-0.195090852695315,-0.977052991147005,-0.085481060389458));
#8340=DIRECTION('',(-0.195090852695315,-0.977052991147005,-0.085481060389458));
#8341=DIRECTION('',(0.,-0.0871557427476583,0.996194698091746));
#8342=DIRECTION('',(-0.195090852695315,-0.977052991147005,-0.085481060389458));
#8343=DIRECTION('center_axis',(-0.707106781187016,0.704416026402292,0.0616284167161786));
#8344=DIRECTION('ref_axis',(-0.707106781186079,-0.704416026403225,-0.0616284167162603));
#8345=DIRECTION('',(-0.707106781186079,-0.704416026403225,-0.0616284167162603));
#8346=DIRECTION('',(0.,-0.0871557427476583,0.996194698091746));
#8347=DIRECTION('',(-0.707106781186079,-0.704416026403225,-0.0616284167162603));
#8348=DIRECTION('center_axis',(-0.195090852694169,0.977052991147232,0.0854810603894779));
#8349=DIRECTION('ref_axis',(-0.980785174844656,-0.194348473100129,-0.0170032881698343));
#8350=DIRECTION('',(-0.980785174844656,-0.194348473100129,-0.0170032881698343));
#8351=DIRECTION('',(0.,-0.0871557427476583,0.996194698091746));
#8352=DIRECTION('',(-0.980785174844656,-0.194348473100129,-0.0170032881698343));
#8353=DIRECTION('center_axis',(0.,0.996194698091746,0.0871557427476583));
#8354=DIRECTION('ref_axis',(-1.,0.,0.));
#8355=DIRECTION('',(-1.,0.,0.));
#8356=DIRECTION('',(0.,-0.0871557427476583,0.996194698091746));
#8357=DIRECTION('',(-1.,0.,0.));
#8358=DIRECTION('center_axis',(0.195090852694534,0.977052991147159,0.0854810603894716));
#8359=DIRECTION('ref_axis',(-0.980785174844583,0.194348473100492,0.0170032881698661));
#8360=DIRECTION('',(-0.980785174844583,0.194348473100492,0.0170032881698661));
#8361=DIRECTION('',(0.,-0.0871557427476583,0.996194698091746));
#8362=DIRECTION('',(-0.980785174844583,0.194348473100492,0.0170032881698661));
#8363=DIRECTION('center_axis',(0.707106781187009,0.704416026402299,0.0616284167161792));
#8364=DIRECTION('ref_axis',(-0.707106781186086,0.704416026403218,0.0616284167162597));
#8365=DIRECTION('',(-0.707106781186086,0.704416026403218,0.0616284167162597));
#8366=DIRECTION('',(0.,-0.0871557427476583,0.996194698091746));
#8367=DIRECTION('',(-0.707106781186086,0.704416026403218,0.0616284167162597));
#8368=DIRECTION('center_axis',(0.980785174844605,0.194348473100382,0.0170032881698565));
#8369=DIRECTION('ref_axis',(-0.195090852694423,0.977052991147181,0.0854810603894735));
#8370=DIRECTION('',(-0.195090852694423,0.977052991147181,0.0854810603894735));
#8371=DIRECTION('',(0.,-0.0871557427476583,0.996194698091746));
#8372=DIRECTION('',(-0.195090852694423,0.977052991147181,0.0854810603894735));
#8373=DIRECTION('center_axis',(1.,0.,0.));
#8374=DIRECTION('ref_axis',(0.,0.996194698091746,0.0871557427476583));
#8375=DIRECTION('',(0.,0.996194698091746,0.0871557427476583));
#8376=DIRECTION('',(0.,-0.0871557427476583,0.996194698091746));
#8377=DIRECTION('',(0.,0.996194698091746,0.0871557427476583));
#8378=DIRECTION('center_axis',(0.980785174844621,-0.194348473100305,-0.0170032881698497));
#8379=DIRECTION('ref_axis',(0.195090852694346,0.977052991147197,0.0854810603894748));
#8380=DIRECTION('',(0.195090852694346,0.977052991147197,0.0854810603894748));
#8381=DIRECTION('',(0.,-0.0871557427476583,0.996194698091746));
#8382=DIRECTION('',(0.195090852694346,0.977052991147197,0.0854810603894748));
#8383=DIRECTION('center_axis',(0.707106781186906,-0.704416026402402,-0.0616284167161882));
#8384=DIRECTION('ref_axis',(0.70710678118619,0.704416026403115,0.0616284167162507));
#8385=DIRECTION('',(0.70710678118619,0.704416026403115,0.0616284167162507));
#8386=DIRECTION('',(0.,-0.0871557427476583,0.996194698091746));
#8387=DIRECTION('',(0.70710678118619,0.704416026403115,0.0616284167162507));
#8388=DIRECTION('center_axis',(0.195090852694526,-0.977052991147161,-0.0854810603894717));
#8389=DIRECTION('ref_axis',(0.980785174844585,0.194348473100484,0.0170032881698654));
#8390=DIRECTION('',(0.980785174844585,0.194348473100484,0.0170032881698654));
#8391=DIRECTION('',(0.,-0.0871557427476583,0.996194698091746));
#8392=DIRECTION('',(0.980785174844585,0.194348473100484,0.0170032881698654));
#8393=DIRECTION('center_axis',(0.,-0.996194698091746,-0.0871557427476583));
#8394=DIRECTION('ref_axis',(1.,0.,0.));
#8395=DIRECTION('',(1.,0.,0.));
#8396=DIRECTION('',(1.,0.,0.));
#8397=DIRECTION('center_axis',(0.,-0.0871557427476583,0.996194698091746));
#8398=DIRECTION('ref_axis',(1.,0.,0.));
#8399=DIRECTION('',(1.,0.,0.));
#8400=DIRECTION('',(0.,0.996194698091746,0.0871557427476583));
#8401=DIRECTION('',(-1.,0.,0.));
#8402=DIRECTION('',(0.,-0.996194698091746,-0.0871557427476583));
#8403=DIRECTION('center_axis',(-0.980785174844445,0.194348473101187,0.0170032881699269));
#8404=DIRECTION('ref_axis',(-0.195090852695231,-0.977052991147021,-0.0854810603894595));
#8405=DIRECTION('',(-0.195090852695231,-0.977052991147021,-0.0854810603894595));
#8406=DIRECTION('',(0.,-0.0871557427476583,0.996194698091746));
#8407=DIRECTION('',(-0.195090852695231,-0.977052991147021,-0.0854810603894594));
#8408=DIRECTION('',(0.,-0.0871557427476583,0.996194698091746));
#8409=DIRECTION('center_axis',(-0.707106781186314,0.704416026402992,0.0616284167162399));
#8410=DIRECTION('ref_axis',(-0.707106781186782,-0.704416026402525,-0.061628416716199));
#8411=DIRECTION('',(-0.707106781186782,-0.704416026402525,-0.061628416716199));
#8412=DIRECTION('',(0.,-0.0871557427476583,0.996194698091746));
#8413=DIRECTION('',(-0.707106781186782,-0.704416026402525,-0.061628416716199));
#8414=DIRECTION('center_axis',(-0.195090852694695,0.977052991147128,0.0854810603894688));
#8415=DIRECTION('ref_axis',(-0.980785174844551,-0.194348473100653,-0.0170032881698801));
#8416=DIRECTION('',(-0.980785174844551,-0.194348473100653,-0.0170032881698801));
#8417=DIRECTION('',(0.,-0.0871557427476583,0.996194698091746));
#8418=DIRECTION('',(-0.980785174844551,-0.194348473100653,-0.0170032881698801));
#8419=DIRECTION('center_axis',(0.,0.996194698091746,0.0871557427476583));
#8420=DIRECTION('ref_axis',(-1.,0.,0.));
#8421=DIRECTION('',(-1.,0.,0.));
#8422=DIRECTION('',(0.,-0.0871557427476583,0.996194698091746));
#8423=DIRECTION('',(-1.,0.,0.));
#8424=DIRECTION('center_axis',(0.195090852694525,0.977052991147161,0.0854810603894717));
#8425=DIRECTION('ref_axis',(-0.980785174844585,0.194348473100484,0.0170032881698654));
#8426=DIRECTION('',(-0.980785174844585,0.194348473100484,0.0170032881698654));
#8427=DIRECTION('',(0.,-0.0871557427476583,0.996194698091746));
#8428=DIRECTION('',(-0.980785174844585,0.194348473100484,0.0170032881698654));
#8429=DIRECTION('center_axis',(0.707106781186782,0.704416026402525,0.061628416716199));
#8430=DIRECTION('ref_axis',(-0.707106781186314,0.704416026402992,0.0616284167162399));
#8431=DIRECTION('',(-0.707106781186314,0.704416026402992,0.0616284167162399));
#8432=DIRECTION('',(0.,-0.0871557427476583,0.996194698091746));
#8433=DIRECTION('',(-0.707106781186314,0.704416026402992,0.0616284167162399));
#8434=DIRECTION('center_axis',(0.98078517484479,0.194348473099457,0.0170032881697755));
#8435=DIRECTION('ref_axis',(-0.195090852693495,0.977052991147365,0.0854810603894896));
#8436=DIRECTION('',(-0.195090852693495,0.977052991147365,0.0854810603894896));
#8437=DIRECTION('',(0.,-0.0871557427476583,0.996194698091746));
#8438=DIRECTION('',(-0.195090852693495,0.977052991147365,0.0854810603894896));
#8439=DIRECTION('center_axis',(1.,0.,0.));
#8440=DIRECTION('ref_axis',(0.,0.996194698091746,0.0871557427476583));
#8441=DIRECTION('',(0.,0.996194698091746,0.0871557427476583));
#8442=DIRECTION('',(0.,-0.0871557427476583,0.996194698091746));
#8443=DIRECTION('',(0.,0.996194698091746,0.0871557427476583));
#8444=DIRECTION('center_axis',(0.980785174844756,-0.194348473099626,-0.0170032881697903));
#8445=DIRECTION('ref_axis',(0.195090852693665,0.977052991147332,0.0854810603894866));
#8446=DIRECTION('',(0.195090852693665,0.977052991147332,0.0854810603894866));
#8447=DIRECTION('',(0.,-0.0871557427476583,0.996194698091746));
#8448=DIRECTION('',(0.195090852693665,0.977052991147332,0.0854810603894866));
#8449=DIRECTION('center_axis',(0.707106781187016,-0.704416026402292,-0.0616284167161786));
#8450=DIRECTION('ref_axis',(0.707106781186079,0.704416026403225,0.0616284167162603));
#8451=DIRECTION('',(0.707106781186079,0.704416026403225,0.0616284167162603));
#8452=DIRECTION('',(0.,-0.0871557427476583,0.996194698091746));
#8453=DIRECTION('',(0.707106781186079,0.704416026403225,0.0616284167162603));
#8454=DIRECTION('center_axis',(0.195090852693634,-0.977052991147338,-0.0854810603894872));
#8455=DIRECTION('ref_axis',(0.980785174844762,0.194348473099596,0.0170032881697877));
#8456=DIRECTION('',(0.980785174844762,0.194348473099596,0.0170032881697877));
#8457=DIRECTION('',(0.,-0.0871557427476583,0.996194698091746));
#8458=DIRECTION('',(0.980785174844762,0.194348473099596,0.0170032881697877));
#8459=DIRECTION('center_axis',(0.,-0.996194698091746,-0.0871557427476583));
#8460=DIRECTION('ref_axis',(1.,0.,0.));
#8461=DIRECTION('',(1.,0.,0.));
#8462=DIRECTION('',(0.,-0.0871557427476583,0.996194698091746));
#8463=DIRECTION('',(1.,0.,0.));
#8464=DIRECTION('center_axis',(-0.195090852693811,-0.977052991147303,-0.0854810603894841));
#8465=DIRECTION('ref_axis',(0.980785174844727,-0.194348473099773,-0.0170032881698031));
#8466=DIRECTION('',(0.980785174844727,-0.194348473099773,-0.0170032881698031));
#8467=DIRECTION('',(0.,-0.0871557427476583,0.996194698091746));
#8468=DIRECTION('',(0.980785174844727,-0.194348473099773,-0.0170032881698031));
#8469=DIRECTION('center_axis',(-0.707106781186548,-0.704416026402759,-0.0616284167162195));
#8470=DIRECTION('ref_axis',(0.707106781186548,-0.704416026402759,-0.0616284167162195));
#8471=DIRECTION('',(0.707106781186548,-0.704416026402759,-0.0616284167162195));
#8472=DIRECTION('',(0.,-0.0871557427476583,0.996194698091746));
#8473=DIRECTION('',(0.707106781186548,-0.704416026402759,-0.0616284167162195));
#8474=DIRECTION('center_axis',(-0.980785174844409,-0.194348473101364,-0.0170032881699424));
#8475=DIRECTION('ref_axis',(0.195090852695409,-0.977052991146986,-0.0854810603894564));
#8476=DIRECTION('',(0.195090852695409,-0.977052991146986,-0.0854810603894564));
#8477=DIRECTION('',(0.,-0.0871557427476583,0.996194698091746));
#8478=DIRECTION('',(0.195090852695409,-0.977052991146986,-0.0854810603894564));
#8479=DIRECTION('center_axis',(-1.,0.,0.));
#8480=DIRECTION('ref_axis',(0.,-0.996194698091746,-0.0871557427476583));
#8481=DIRECTION('',(0.,-0.996194698091746,-0.0871557427476583));
#8482=DIRECTION('',(0.,-0.996194698091746,-0.0871557427476583));
#8483=DIRECTION('center_axis',(0.,-0.0871557427476583,0.996194698091746));
#8484=DIRECTION('ref_axis',(1.,0.,0.));
#8485=DIRECTION('',(1.,0.,0.));
#8486=DIRECTION('',(0.,0.996194698091746,0.0871557427476583));
#8487=DIRECTION('',(-1.,0.,0.));
#8488=DIRECTION('',(0.,-0.996194698091746,-0.0871557427476583));
#8489=DIRECTION('center_axis',(-0.980785174844379,0.194348473101517,0.0170032881699557));
#8490=DIRECTION('ref_axis',(-0.195090852695562,-0.977052991146956,-0.0854810603894537));
#8491=DIRECTION('',(-0.195090852695562,-0.977052991146956,-0.0854810603894537));
#8492=DIRECTION('',(0.,-0.0871557427476583,0.996194698091746));
#8493=DIRECTION('',(-0.195090852695562,-0.977052991146956,-0.0854810603894537));
#8494=DIRECTION('',(0.,-0.0871557427476583,0.996194698091746));
#8495=DIRECTION('center_axis',(-0.707106781186782,0.704416026402525,0.061628416716199));
#8496=DIRECTION('ref_axis',(-0.707106781186314,-0.704416026402992,-0.0616284167162399));
#8497=DIRECTION('',(-0.707106781186314,-0.704416026402992,-0.0616284167162399));
#8498=DIRECTION('',(0.,-0.0871557427476583,0.996194698091746));
#8499=DIRECTION('',(-0.707106781186314,-0.704416026402992,-0.0616284167162399));
#8500=DIRECTION('center_axis',(-0.19509085269592,0.977052991146885,0.0854810603894475));
#8501=DIRECTION('ref_axis',(-0.980785174844307,-0.194348473101873,-0.0170032881699869));
#8502=DIRECTION('',(-0.980785174844307,-0.194348473101873,-0.0170032881699869));
#8503=DIRECTION('',(0.,-0.0871557427476583,0.996194698091746));
#8504=DIRECTION('',(-0.980785174844307,-0.194348473101873,-0.0170032881699869));
#8505=DIRECTION('center_axis',(0.,0.996194698091746,0.0871557427476583));
#8506=DIRECTION('ref_axis',(-1.,0.,0.));
#8507=DIRECTION('',(-1.,0.,0.));
#8508=DIRECTION('',(0.,-0.0871557427476583,0.996194698091746));
#8509=DIRECTION('',(-1.,0.,0.));
#8510=DIRECTION('center_axis',(0.195090852696293,0.977052991146811,0.085481060389441));
#8511=DIRECTION('ref_axis',(-0.980785174844233,0.194348473102245,0.0170032881700194));
#8512=DIRECTION('',(-0.980785174844233,0.194348473102245,0.0170032881700194));
#8513=DIRECTION('',(0.,-0.0871557427476583,0.996194698091746));
#8514=DIRECTION('',(-0.980785174844233,0.194348473102245,0.0170032881700194));
#8515=DIRECTION('center_axis',(0.707106781186795,0.704416026402512,0.0616284167161978));
#8516=DIRECTION('ref_axis',(-0.7071067811863,0.704416026403006,0.0616284167162411));
#8517=DIRECTION('',(-0.7071067811863,0.704416026403006,0.0616284167162411));
#8518=DIRECTION('',(0.,-0.0871557427476583,0.996194698091746));
#8519=DIRECTION('',(-0.7071067811863,0.704416026403006,0.0616284167162411));
#8520=DIRECTION('center_axis',(0.980785174844543,0.194348473100693,0.0170032881698837));
#8521=DIRECTION('ref_axis',(-0.195090852694736,0.97705299114712,0.0854810603894681));
#8522=DIRECTION('',(-0.195090852694736,0.97705299114712,0.0854810603894681));
#8523=DIRECTION('',(0.,-0.0871557427476583,0.996194698091746));
#8524=DIRECTION('',(-0.195090852694735,0.97705299114712,0.0854810603894681));
#8525=DIRECTION('center_axis',(1.,0.,0.));
#8526=DIRECTION('ref_axis',(0.,0.996194698091746,0.0871557427476583));
#8527=DIRECTION('',(0.,0.996194698091746,0.0871557427476583));
#8528=DIRECTION('',(0.,-0.0871557427476583,0.996194698091746));
#8529=DIRECTION('',(0.,0.996194698091746,0.0871557427476583));
#8530=DIRECTION('center_axis',(0.980785174844545,-0.194348473100684,-0.0170032881698829));
#8531=DIRECTION('ref_axis',(0.195090852694727,0.977052991147121,0.0854810603894683));
#8532=DIRECTION('',(0.195090852694727,0.977052991147121,0.0854810603894683));
#8533=DIRECTION('',(0.,-0.0871557427476583,0.996194698091746));
#8534=DIRECTION('',(0.195090852694727,0.977052991147121,0.0854810603894682));
#8535=DIRECTION('center_axis',(0.70710678118725,-0.704416026402059,-0.0616284167161582));
#8536=DIRECTION('ref_axis',(0.707106781185845,0.704416026403458,0.0616284167162806));
#8537=DIRECTION('',(0.707106781185845,0.704416026403458,0.0616284167162806));
#8538=DIRECTION('',(0.,-0.0871557427476583,0.996194698091746));
#8539=DIRECTION('',(0.707106781185845,0.704416026403458,0.0616284167162806));
#8540=DIRECTION('center_axis',(0.195090852693659,-0.977052991147333,-0.0854810603894867));
#8541=DIRECTION('ref_axis',(0.980785174844757,0.194348473099621,0.0170032881697898));
#8542=DIRECTION('',(0.980785174844757,0.194348473099621,0.0170032881697898));
#8543=DIRECTION('',(0.,-0.0871557427476583,0.996194698091746));
#8544=DIRECTION('',(0.980785174844757,0.194348473099621,0.0170032881697898));
#8545=DIRECTION('center_axis',(0.,-0.996194698091746,-0.0871557427476583));
#8546=DIRECTION('ref_axis',(1.,0.,0.));
#8547=DIRECTION('',(1.,0.,0.));
#8548=DIRECTION('',(0.,-0.0871557427476583,0.996194698091746));
#8549=DIRECTION('',(1.,0.,0.));
#8550=DIRECTION('center_axis',(-0.195090852693286,-0.977052991147407,-0.0854810603894932));
#8551=DIRECTION('ref_axis',(0.980785174844831,-0.194348473099249,-0.0170032881697573));
#8552=DIRECTION('',(0.980785174844831,-0.194348473099249,-0.0170032881697573));
#8553=DIRECTION('',(0.,-0.0871557427476583,0.996194698091746));
#8554=DIRECTION('',(0.980785174844831,-0.194348473099249,-0.0170032881697573));
#8555=DIRECTION('center_axis',(-0.70710678118725,-0.704416026402059,-0.0616284167161582));
#8556=DIRECTION('ref_axis',(0.707106781185845,-0.704416026403458,-0.0616284167162807));
#8557=DIRECTION('',(0.707106781185845,-0.704416026403458,-0.0616284167162807));
#8558=DIRECTION('',(0.,-0.0871557427476583,0.996194698091746));
#8559=DIRECTION('',(0.707106781185845,-0.704416026403458,-0.0616284167162806));
#8560=DIRECTION('center_axis',(-0.980785174844374,-0.19434847310154,-0.0170032881699578));
#8561=DIRECTION('ref_axis',(0.195090852695586,-0.977052991146951,-0.0854810603894533));
#8562=DIRECTION('',(0.195090852695586,-0.977052991146951,-0.0854810603894533));
#8563=DIRECTION('',(0.,-0.0871557427476583,0.996194698091746));
#8564=DIRECTION('',(0.195090852695586,-0.977052991146951,-0.0854810603894533));
#8565=DIRECTION('center_axis',(-1.,0.,0.));
#8566=DIRECTION('ref_axis',(0.,-0.996194698091746,-0.0871557427476583));
#8567=DIRECTION('',(0.,-0.996194698091746,-0.0871557427476583));
#8568=DIRECTION('',(0.,-0.996194698091746,-0.0871557427476583));
#8569=DIRECTION('center_axis',(0.,-0.0871557427476583,0.996194698091746));
#8570=DIRECTION('ref_axis',(1.,0.,0.));
#8571=DIRECTION('',(1.,0.,0.));
#8572=DIRECTION('',(0.,0.996194698091746,0.0871557427476583));
#8573=DIRECTION('',(-1.,0.,0.));
#8574=DIRECTION('',(0.,-0.996194698091746,-0.0871557427476583));
#8575=DIRECTION('center_axis',(0.980785174844693,-0.194348473099941,-0.0170032881698179));
#8576=DIRECTION('ref_axis',(0.195090852693981,0.977052991147269,0.0854810603894811));
#8577=DIRECTION('',(0.195090852693981,0.977052991147269,0.0854810603894811));
#8578=DIRECTION('',(0.,-0.0871557427476583,0.996194698091746));
#8579=DIRECTION('',(0.195090852693981,0.977052991147269,0.0854810603894811));
#8580=DIRECTION('',(0.,-0.0871557427476583,0.996194698091746));
#8581=DIRECTION('center_axis',(0.707106781187002,-0.704416026402306,-0.0616284167161798));
#8582=DIRECTION('ref_axis',(0.707106781186093,0.704416026403212,0.0616284167162591));
#8583=DIRECTION('',(0.707106781186093,0.704416026403212,0.0616284167162591));
#8584=DIRECTION('',(0.,-0.0871557427476583,0.996194698091746));
#8585=DIRECTION('',(0.707106781186093,0.704416026403212,0.0616284167162591));
#8586=DIRECTION('center_axis',(0.195090852693991,-0.977052991147267,-0.085481060389481));
#8587=DIRECTION('ref_axis',(0.980785174844691,0.194348473099951,0.0170032881698188));
#8588=DIRECTION('',(0.980785174844691,0.194348473099951,0.0170032881698188));
#8589=DIRECTION('',(0.,-0.0871557427476583,0.996194698091746));
#8590=DIRECTION('',(0.980785174844691,0.194348473099951,0.0170032881698188));
#8591=DIRECTION('center_axis',(0.,-0.996194698091746,-0.0871557427476583));
#8592=DIRECTION('ref_axis',(1.,0.,0.));
#8593=DIRECTION('',(1.,0.,0.));
#8594=DIRECTION('',(0.,-0.0871557427476583,0.996194698091746));
#8595=DIRECTION('',(1.,0.,0.));
#8596=DIRECTION('center_axis',(-0.195090852694347,-0.977052991147197,-0.0854810603894748));
#8597=DIRECTION('ref_axis',(0.98078517484462,-0.194348473100306,-0.0170032881698498));
#8598=DIRECTION('',(0.98078517484462,-0.194348473100306,-0.0170032881698498));
#8599=DIRECTION('',(0.,-0.0871557427476583,0.996194698091746));
#8600=DIRECTION('',(0.98078517484462,-0.194348473100306,-0.0170032881698498));
#8601=DIRECTION('center_axis',(-0.707106781186782,-0.704416026402525,-0.061628416716199));
#8602=DIRECTION('ref_axis',(0.707106781186313,-0.704416026402992,-0.0616284167162399));
#8603=DIRECTION('',(0.707106781186313,-0.704416026402992,-0.0616284167162399));
#8604=DIRECTION('',(0.,-0.0871557427476583,0.996194698091746));
#8605=DIRECTION('',(0.707106781186313,-0.704416026402992,-0.0616284167162399));
#8606=DIRECTION('center_axis',(-0.980785174844343,-0.194348473101695,-0.0170032881699713));
#8607=DIRECTION('ref_axis',(0.195090852695741,-0.97705299114692,-0.0854810603894506));
#8608=DIRECTION('',(0.195090852695741,-0.97705299114692,-0.0854810603894506));
#8609=DIRECTION('',(0.,-0.0871557427476583,0.996194698091746));
#8610=DIRECTION('',(0.195090852695741,-0.97705299114692,-0.0854810603894507));
#8611=DIRECTION('center_axis',(-1.,0.,0.));
#8612=DIRECTION('ref_axis',(0.,-0.996194698091746,-0.0871557427476583));
#8613=DIRECTION('',(0.,-0.996194698091746,-0.0871557427476583));
#8614=DIRECTION('',(0.,-0.0871557427476583,0.996194698091746));
#8615=DIRECTION('',(0.,-0.996194698091746,-0.0871557427476583));
#8616=DIRECTION('center_axis',(-0.980785174844374,0.194348473101542,0.0170032881699579));
#8617=DIRECTION('ref_axis',(-0.195090852695588,-0.977052991146951,-0.0854810603894533));
#8618=DIRECTION('',(-0.195090852695588,-0.977052991146951,-0.0854810603894533));
#8619=DIRECTION('',(0.,-0.0871557427476583,0.996194698091746));
#8620=DIRECTION('',(-0.195090852695588,-0.977052991146951,-0.0854810603894533));
#8621=DIRECTION('center_axis',(-0.707106781186314,0.704416026402992,0.0616284167162399));
#8622=DIRECTION('ref_axis',(-0.707106781186782,-0.704416026402525,-0.061628416716199));
#8623=DIRECTION('',(-0.707106781186782,-0.704416026402525,-0.061628416716199));
#8624=DIRECTION('',(0.,-0.0871557427476583,0.996194698091746));
#8625=DIRECTION('',(-0.707106781186782,-0.704416026402525,-0.061628416716199));
#8626=DIRECTION('center_axis',(-0.195090852696089,0.977052991146851,0.0854810603894446));
#8627=DIRECTION('ref_axis',(-0.980785174844274,-0.194348473102042,-0.0170032881700017));
#8628=DIRECTION('',(-0.980785174844274,-0.194348473102042,-0.0170032881700017));
#8629=DIRECTION('',(0.,-0.0871557427476583,0.996194698091746));
#8630=DIRECTION('',(-0.980785174844274,-0.194348473102042,-0.0170032881700017));
#8631=DIRECTION('center_axis',(0.,0.996194698091746,0.0871557427476583));
#8632=DIRECTION('ref_axis',(-1.,0.,0.));
#8633=DIRECTION('',(-1.,0.,0.));
#8634=DIRECTION('',(0.,-0.0871557427476583,0.996194698091746));
#8635=DIRECTION('',(-1.,0.,0.));
#8636=DIRECTION('center_axis',(0.195090852695741,0.97705299114692,0.0854810603894507));
#8637=DIRECTION('ref_axis',(-0.980785174844343,0.194348473101695,0.0170032881699713));
#8638=DIRECTION('',(-0.980785174844343,0.194348473101695,0.0170032881699713));
#8639=DIRECTION('',(0.,-0.0871557427476583,0.996194698091746));
#8640=DIRECTION('',(-0.980785174844343,0.194348473101695,0.0170032881699713));
#8641=DIRECTION('center_axis',(0.707106781186548,0.704416026402759,0.0616284167162195));
#8642=DIRECTION('ref_axis',(-0.707106781186548,0.704416026402759,0.0616284167162195));
#8643=DIRECTION('',(-0.707106781186548,0.704416026402759,0.0616284167162195));
#8644=DIRECTION('',(0.,-0.0871557427476583,0.996194698091746));
#8645=DIRECTION('',(-0.707106781186548,0.704416026402759,0.0616284167162195));
#8646=DIRECTION('center_axis',(0.980785174844727,0.194348473099773,0.0170032881698031));
#8647=DIRECTION('ref_axis',(-0.195090852693811,0.977052991147303,0.0854810603894841));
#8648=DIRECTION('',(-0.195090852693811,0.977052991147303,0.0854810603894841));
#8649=DIRECTION('',(0.,-0.0871557427476583,0.996194698091746));
#8650=DIRECTION('',(-0.195090852693811,0.977052991147303,0.0854810603894841));
#8651=DIRECTION('center_axis',(1.,0.,0.));
#8652=DIRECTION('ref_axis',(0.,0.996194698091746,0.0871557427476583));
#8653=DIRECTION('',(0.,0.996194698091746,0.0871557427476583));
#8654=DIRECTION('',(0.,0.996194698091746,0.0871557427476583));
#8655=DIRECTION('center_axis',(0.,-0.0871557427476583,0.996194698091746));
#8656=DIRECTION('ref_axis',(1.,0.,0.));
#8657=DIRECTION('',(1.,0.,0.));
#8658=DIRECTION('',(0.,0.996194698091746,0.0871557427476583));
#8659=DIRECTION('',(-1.,0.,0.));
#8660=DIRECTION('',(0.,-0.996194698091746,-0.0871557427476583));
#8661=DIRECTION('center_axis',(-0.98078517484438,0.194348473101509,0.017003288169955));
#8662=DIRECTION('ref_axis',(-0.195090852695554,-0.977052991146957,-0.0854810603894539));
#8663=DIRECTION('',(-0.195090852695554,-0.977052991146957,-0.0854810603894539));
#8664=DIRECTION('',(0.,-0.0871557427476583,0.996194698091746));
#8665=DIRECTION('',(-0.195090852695554,-0.977052991146957,-0.0854810603894539));
#8666=DIRECTION('',(0.,-0.0871557427476583,0.996194698091746));
#8667=DIRECTION('center_axis',(-0.707106781186768,0.704416026402539,0.0616284167162002));
#8668=DIRECTION('ref_axis',(-0.707106781186327,-0.704416026402978,-0.0616284167162387));
#8669=DIRECTION('',(-0.707106781186327,-0.704416026402978,-0.0616284167162387));
#8670=DIRECTION('',(0.,-0.0871557427476583,0.996194698091746));
#8671=DIRECTION('',(-0.707106781186327,-0.704416026402978,-0.0616284167162387));
#8672=DIRECTION('center_axis',(-0.19509085269592,0.977052991146885,0.0854810603894475));
#8673=DIRECTION('ref_axis',(-0.980785174844307,-0.194348473101873,-0.0170032881699869));
#8674=DIRECTION('',(-0.980785174844307,-0.194348473101873,-0.0170032881699869));
#8675=DIRECTION('',(0.,-0.0871557427476583,0.996194698091746));
#8676=DIRECTION('',(-0.980785174844307,-0.194348473101873,-0.0170032881699869));
#8677=DIRECTION('center_axis',(0.,0.996194698091746,0.0871557427476583));
#8678=DIRECTION('ref_axis',(-1.,0.,0.));
#8679=DIRECTION('',(-1.,0.,0.));
#8680=DIRECTION('',(0.,-0.0871557427476583,0.996194698091746));
#8681=DIRECTION('',(-1.,0.,0.));
#8682=DIRECTION('center_axis',(0.195090852696293,0.977052991146811,0.085481060389441));
#8683=DIRECTION('ref_axis',(-0.980785174844233,0.194348473102245,0.0170032881700194));
#8684=DIRECTION('',(-0.980785174844233,0.194348473102245,0.0170032881700194));
#8685=DIRECTION('',(0.,-0.0871557427476583,0.996194698091746));
#8686=DIRECTION('',(-0.980785174844233,0.194348473102245,0.0170032881700194));
#8687=DIRECTION('center_axis',(0.707106781186795,0.704416026402512,0.0616284167161978));
#8688=DIRECTION('ref_axis',(-0.7071067811863,0.704416026403006,0.0616284167162411));
#8689=DIRECTION('',(-0.7071067811863,0.704416026403006,0.0616284167162411));
#8690=DIRECTION('',(0.,-0.0871557427476583,0.996194698091746));
#8691=DIRECTION('',(-0.7071067811863,0.704416026403006,0.0616284167162411));
#8692=DIRECTION('center_axis',(0.980785174844543,0.194348473100693,0.0170032881698837));
#8693=DIRECTION('ref_axis',(-0.195090852694736,0.97705299114712,0.0854810603894681));
#8694=DIRECTION('',(-0.195090852694736,0.97705299114712,0.0854810603894681));
#8695=DIRECTION('',(0.,-0.0871557427476583,0.996194698091746));
#8696=DIRECTION('',(-0.195090852694735,0.97705299114712,0.0854810603894681));
#8697=DIRECTION('center_axis',(1.,0.,0.));
#8698=DIRECTION('ref_axis',(0.,0.996194698091746,0.0871557427476583));
#8699=DIRECTION('',(0.,0.996194698091746,0.0871557427476583));
#8700=DIRECTION('',(0.,-0.0871557427476583,0.996194698091746));
#8701=DIRECTION('',(0.,0.996194698091746,0.0871557427476583));
#8702=DIRECTION('center_axis',(0.980785174844509,-0.194348473100862,-0.0170032881698984));
#8703=DIRECTION('ref_axis',(0.195090852694905,0.977052991147086,0.0854810603894651));
#8704=DIRECTION('',(0.195090852694905,0.977052991147086,0.0854810603894651));
#8705=DIRECTION('',(0.,-0.0871557427476583,0.996194698091746));
#8706=DIRECTION('',(0.195090852694905,0.977052991147086,0.0854810603894651));
#8707=DIRECTION('center_axis',(0.70710678118725,-0.704416026402059,-0.0616284167161582));
#8708=DIRECTION('ref_axis',(0.707106781185845,0.704416026403458,0.0616284167162807));
#8709=DIRECTION('',(0.707106781185845,0.704416026403458,0.0616284167162807));
#8710=DIRECTION('',(0.,-0.0871557427476583,0.996194698091746));
#8711=DIRECTION('',(0.707106781185845,0.704416026403458,0.0616284167162806));
#8712=DIRECTION('center_axis',(0.195090852694543,-0.977052991147158,-0.0854810603894714));
#8713=DIRECTION('ref_axis',(0.980785174844581,0.194348473100501,0.0170032881698669));
#8714=DIRECTION('',(0.980785174844581,0.194348473100501,0.0170032881698669));
#8715=DIRECTION('',(0.,-0.0871557427476583,0.996194698091746));
#8716=DIRECTION('',(0.980785174844581,0.194348473100501,0.0170032881698669));
#8717=DIRECTION('center_axis',(0.,-0.996194698091746,-0.0871557427476583));
#8718=DIRECTION('ref_axis',(1.,0.,0.));
#8719=DIRECTION('',(1.,0.,0.));
#8720=DIRECTION('',(0.,-0.0871557427476583,0.996194698091746));
#8721=DIRECTION('',(1.,0.,0.));
#8722=DIRECTION('center_axis',(-0.19509085269417,-0.977052991147232,-0.0854810603894779));
#8723=DIRECTION('ref_axis',(0.980785174844656,-0.19434847310013,-0.0170032881698344));
#8724=DIRECTION('',(0.980785174844656,-0.19434847310013,-0.0170032881698344));
#8725=DIRECTION('',(0.,-0.0871557427476583,0.996194698091746));
#8726=DIRECTION('',(0.980785174844656,-0.19434847310013,-0.0170032881698344));
#8727=DIRECTION('center_axis',(-0.707106781187236,-0.704416026402073,-0.0616284167161594));
#8728=DIRECTION('ref_axis',(0.707106781185859,-0.704416026403445,-0.0616284167162795));
#8729=DIRECTION('',(0.707106781185859,-0.704416026403445,-0.0616284167162795));
#8730=DIRECTION('',(0.,-0.0871557427476583,0.996194698091746));
#8731=DIRECTION('',(0.707106781185859,-0.704416026403445,-0.0616284167162795));
#8732=DIRECTION('center_axis',(-0.980785174844345,-0.194348473101686,-0.0170032881699705));
#8733=DIRECTION('ref_axis',(0.195090852695732,-0.977052991146922,-0.0854810603894508));
#8734=DIRECTION('',(0.195090852695732,-0.977052991146922,-0.0854810603894508));
#8735=DIRECTION('',(0.,-0.0871557427476583,0.996194698091746));
#8736=DIRECTION('',(0.195090852695732,-0.977052991146922,-0.0854810603894508));
#8737=DIRECTION('center_axis',(-1.,0.,0.));
#8738=DIRECTION('ref_axis',(0.,-0.996194698091746,-0.0871557427476583));
#8739=DIRECTION('',(0.,-0.996194698091746,-0.0871557427476583));
#8740=DIRECTION('',(0.,-0.996194698091746,-0.0871557427476583));
#8741=DIRECTION('center_axis',(0.,-0.0871557427476583,0.996194698091746));
#8742=DIRECTION('ref_axis',(1.,0.,0.));
#8743=DIRECTION('',(1.,0.,0.));
#8744=DIRECTION('',(0.,0.996194698091746,0.0871557427476583));
#8745=DIRECTION('',(-1.,0.,0.));
#8746=DIRECTION('',(0.,-0.996194698091746,-0.0871557427476583));
#8747=DIRECTION('center_axis',(0.980785174844758,-0.194348473099619,-0.0170032881697897));
#8748=DIRECTION('ref_axis',(0.195090852693657,0.977052991147333,0.0854810603894868));
#8749=DIRECTION('',(0.195090852693657,0.977052991147333,0.0854810603894868));
#8750=DIRECTION('',(0.,-0.0871557427476583,0.996194698091746));
#8751=DIRECTION('',(0.195090852693657,0.977052991147333,0.0854810603894868));
#8752=DIRECTION('',(0.,-0.0871557427476583,0.996194698091746));
#8753=DIRECTION('center_axis',(0.707106781186782,-0.704416026402525,-0.061628416716199));
#8754=DIRECTION('ref_axis',(0.707106781186313,0.704416026402992,0.0616284167162399));
#8755=DIRECTION('',(0.707106781186313,0.704416026402992,0.0616284167162399));
#8756=DIRECTION('',(0.,-0.0871557427476583,0.996194698091746));
#8757=DIRECTION('',(0.707106781186314,0.704416026402992,0.0616284167162399));
#8758=DIRECTION('center_axis',(0.195090852695409,-0.977052991146986,-0.0854810603894564));
#8759=DIRECTION('ref_axis',(0.980785174844409,0.194348473101365,0.0170032881699424));
#8760=DIRECTION('',(0.980785174844409,0.194348473101365,0.0170032881699424));
#8761=DIRECTION('',(0.,-0.0871557427476583,0.996194698091746));
#8762=DIRECTION('',(0.980785174844409,0.194348473101365,0.0170032881699424));
#8763=DIRECTION('center_axis',(0.,-0.996194698091746,-0.0871557427476583));
#8764=DIRECTION('ref_axis',(1.,0.,0.));
#8765=DIRECTION('',(1.,0.,0.));
#8766=DIRECTION('',(0.,-0.0871557427476583,0.996194698091746));
#8767=DIRECTION('',(1.,0.,0.));
#8768=DIRECTION('center_axis',(-0.195090852695554,-0.977052991146957,-0.0854810603894539));
#8769=DIRECTION('ref_axis',(0.98078517484438,-0.194348473101509,-0.017003288169955));
#8770=DIRECTION('',(0.98078517484438,-0.194348473101509,-0.017003288169955));
#8771=DIRECTION('',(0.,-0.0871557427476583,0.996194698091746));
#8772=DIRECTION('',(0.98078517484438,-0.194348473101509,-0.017003288169955));
#8773=DIRECTION('center_axis',(-0.707106781186327,-0.704416026402978,-0.0616284167162387));
#8774=DIRECTION('ref_axis',(0.707106781186768,-0.704416026402539,-0.0616284167162002));
#8775=DIRECTION('',(0.707106781186768,-0.704416026402539,-0.0616284167162002));
#8776=DIRECTION('',(0.,-0.0871557427476583,0.996194698091746));
#8777=DIRECTION('',(0.707106781186768,-0.704416026402539,-0.0616284167162002));
#8778=DIRECTION('center_axis',(-0.980785174844409,-0.194348473101365,-0.0170032881699424));
#8779=DIRECTION('ref_axis',(0.195090852695409,-0.977052991146986,-0.0854810603894564));
#8780=DIRECTION('',(0.195090852695409,-0.977052991146986,-0.0854810603894564));
#8781=DIRECTION('',(0.,-0.0871557427476583,0.996194698091746));
#8782=DIRECTION('',(0.195090852695409,-0.977052991146986,-0.0854810603894564));
#8783=DIRECTION('center_axis',(-1.,0.,0.));
#8784=DIRECTION('ref_axis',(0.,-0.996194698091746,-0.0871557427476583));
#8785=DIRECTION('',(0.,-0.996194698091746,-0.0871557427476583));
#8786=DIRECTION('',(0.,-0.0871557427476583,0.996194698091746));
#8787=DIRECTION('',(0.,-0.996194698091746,-0.0871557427476583));
#8788=DIRECTION('center_axis',(-0.98078517484441,0.19434847310136,0.017003288169942));
#8789=DIRECTION('ref_axis',(-0.195090852695405,-0.977052991146987,-0.0854810603894564));
#8790=DIRECTION('',(-0.195090852695405,-0.977052991146987,-0.0854810603894564));
#8791=DIRECTION('',(0.,-0.0871557427476583,0.996194698091746));
#8792=DIRECTION('',(-0.195090852695405,-0.977052991146987,-0.0854810603894564));
#8793=DIRECTION('center_axis',(-0.707106781186431,0.704416026402875,0.0616284167162296));
#8794=DIRECTION('ref_axis',(-0.707106781186665,-0.704416026402642,-0.0616284167162092));
#8795=DIRECTION('',(-0.707106781186665,-0.704416026402642,-0.0616284167162092));
#8796=DIRECTION('',(0.,-0.0871557427476583,0.996194698091746));
#8797=DIRECTION('',(-0.707106781186665,-0.704416026402642,-0.0616284167162092));
#8798=DIRECTION('center_axis',(-0.195090852694691,0.977052991147128,0.0854810603894689));
#8799=DIRECTION('ref_axis',(-0.980785174844552,-0.194348473100649,-0.0170032881698798));
#8800=DIRECTION('',(-0.980785174844552,-0.194348473100649,-0.0170032881698798));
#8801=DIRECTION('',(0.,-0.0871557427476583,0.996194698091746));
#8802=DIRECTION('',(-0.980785174844552,-0.194348473100649,-0.0170032881698798));
#8803=DIRECTION('center_axis',(0.,0.996194698091746,0.0871557427476583));
#8804=DIRECTION('ref_axis',(-1.,0.,0.));
#8805=DIRECTION('',(-1.,0.,0.));
#8806=DIRECTION('',(0.,-0.0871557427476583,0.996194698091746));
#8807=DIRECTION('',(-1.,0.,0.));
#8808=DIRECTION('center_axis',(0.195090852694522,0.977052991147162,0.0854810603894718));
#8809=DIRECTION('ref_axis',(-0.980785174844586,0.19434847310048,0.017003288169865));
#8810=DIRECTION('',(-0.980785174844586,0.19434847310048,0.017003288169865));
#8811=DIRECTION('',(0.,-0.0871557427476583,0.996194698091746));
#8812=DIRECTION('',(-0.980785174844586,0.19434847310048,0.017003288169865));
#8813=DIRECTION('center_axis',(0.707106781186906,0.704416026402402,0.0616284167161882));
#8814=DIRECTION('ref_axis',(-0.70710678118619,0.704416026403115,0.0616284167162507));
#8815=DIRECTION('',(-0.70710678118619,0.704416026403115,0.0616284167162507));
#8816=DIRECTION('',(0.,-0.0871557427476583,0.996194698091746));
#8817=DIRECTION('',(-0.707106781186189,0.704416026403115,0.0616284167162507));
#8818=DIRECTION('center_axis',(0.980785174844756,0.194348473099627,0.0170032881697904));
#8819=DIRECTION('ref_axis',(-0.195090852693665,0.977052991147332,0.0854810603894866));
#8820=DIRECTION('',(-0.195090852693665,0.977052991147332,0.0854810603894866));
#8821=DIRECTION('',(0.,-0.0871557427476583,0.996194698091746));
#8822=DIRECTION('',(-0.195090852693665,0.977052991147332,0.0854810603894866));
#8823=DIRECTION('center_axis',(1.,0.,0.));
#8824=DIRECTION('ref_axis',(0.,0.996194698091746,0.0871557427476583));
#8825=DIRECTION('',(0.,0.996194698091746,0.0871557427476583));
#8826=DIRECTION('',(0.,0.996194698091746,0.0871557427476583));
#8827=DIRECTION('center_axis',(0.,-0.0871557427476583,0.996194698091746));
#8828=DIRECTION('ref_axis',(1.,0.,0.));
#8829=DIRECTION('',(1.,0.,0.));
#8830=DIRECTION('',(0.,0.996194698091746,0.0871557427476583));
#8831=DIRECTION('',(-1.,0.,0.));
#8832=DIRECTION('',(0.,-0.996194698091746,-0.0871557427476583));
#8833=DIRECTION('center_axis',(-0.98078517484441,0.194348473101359,0.0170032881699419));
#8834=DIRECTION('ref_axis',(-0.195090852695404,-0.977052991146987,-0.0854810603894565));
#8835=DIRECTION('',(-0.195090852695404,-0.977052991146987,-0.0854810603894565));
#8836=DIRECTION('',(0.,-0.0871557427476583,0.996194698091746));
#8837=DIRECTION('',(-0.195090852695404,-0.977052991146987,-0.0854810603894565));
#8838=DIRECTION('',(0.,-0.0871557427476583,0.996194698091746));
#8839=DIRECTION('center_axis',(-0.707106781187133,0.704416026402176,0.0616284167161684));
#8840=DIRECTION('ref_axis',(-0.707106781185962,-0.704416026403342,-0.0616284167162705));
#8841=DIRECTION('',(-0.707106781185962,-0.704416026403342,-0.0616284167162705));
#8842=DIRECTION('',(0.,-0.0871557427476583,0.996194698091746));
#8843=DIRECTION('',(-0.707106781185962,-0.704416026403342,-0.0616284167162705));
#8844=DIRECTION('center_axis',(-0.195090852694182,0.977052991147229,0.0854810603894777));
#8845=DIRECTION('ref_axis',(-0.980785174844653,-0.194348473100142,-0.0170032881698354));
#8846=DIRECTION('',(-0.980785174844653,-0.194348473100142,-0.0170032881698354));
#8847=DIRECTION('',(0.,-0.0871557427476583,0.996194698091746));
#8848=DIRECTION('',(-0.980785174844653,-0.194348473100141,-0.0170032881698354));
#8849=DIRECTION('center_axis',(0.,0.996194698091746,0.0871557427476583));
#8850=DIRECTION('ref_axis',(-1.,0.,0.));
#8851=DIRECTION('',(-1.,0.,0.));
#8852=DIRECTION('',(0.,-0.0871557427476583,0.996194698091746));
#8853=DIRECTION('',(-1.,0.,0.));
#8854=DIRECTION('center_axis',(0.195090852694522,0.977052991147162,0.0854810603894717));
#8855=DIRECTION('ref_axis',(-0.980785174844586,0.194348473100481,0.0170032881698651));
#8856=DIRECTION('',(-0.980785174844586,0.194348473100481,0.0170032881698651));
#8857=DIRECTION('',(0.,-0.0871557427476583,0.996194698091746));
#8858=DIRECTION('',(-0.980785174844586,0.194348473100481,0.0170032881698651));
#8859=DIRECTION('center_axis',(0.707106781187133,0.704416026402176,0.0616284167161684));
#8860=DIRECTION('ref_axis',(-0.707106781185962,0.704416026403342,0.0616284167162705));
#8861=DIRECTION('',(-0.707106781185962,0.704416026403342,0.0616284167162705));
#8862=DIRECTION('',(0.,-0.0871557427476583,0.996194698091746));
#8863=DIRECTION('',(-0.707106781185962,0.704416026403342,0.0616284167162705));
#8864=DIRECTION('center_axis',(0.980785174844584,0.194348473100487,0.0170032881698656));
#8865=DIRECTION('ref_axis',(-0.195090852694528,0.977052991147161,0.0854810603894716));
#8866=DIRECTION('',(-0.195090852694528,0.977052991147161,0.0854810603894716));
#8867=DIRECTION('',(0.,-0.0871557427476583,0.996194698091746));
#8868=DIRECTION('',(-0.195090852694528,0.977052991147161,0.0854810603894717));
#8869=DIRECTION('center_axis',(1.,0.,0.));
#8870=DIRECTION('ref_axis',(0.,0.996194698091746,0.0871557427476583));
#8871=DIRECTION('',(0.,0.996194698091746,0.0871557427476583));
#8872=DIRECTION('',(0.,-0.0871557427476583,0.996194698091746));
#8873=DIRECTION('',(0.,0.996194698091746,0.0871557427476583));
#8874=DIRECTION('center_axis',(0.980785174844592,-0.19434847310045,-0.0170032881698624));
#8875=DIRECTION('ref_axis',(0.195090852694492,0.977052991147168,0.0854810603894723));
#8876=DIRECTION('',(0.195090852694492,0.977052991147168,0.0854810603894723));
#8877=DIRECTION('',(0.,-0.0871557427476583,0.996194698091746));
#8878=DIRECTION('',(0.195090852694492,0.977052991147168,0.0854810603894723));
#8879=DIRECTION('center_axis',(0.707106781187002,-0.704416026402306,-0.0616284167161798));
#8880=DIRECTION('ref_axis',(0.707106781186093,0.704416026403212,0.0616284167162591));
#8881=DIRECTION('',(0.707106781186093,0.704416026403212,0.0616284167162591));
#8882=DIRECTION('',(0.,-0.0871557427476583,0.996194698091746));
#8883=DIRECTION('',(0.707106781186093,0.704416026403211,0.0616284167162591));
#8884=DIRECTION('center_axis',(0.195090852695402,-0.977052991146988,-0.0854810603894565));
#8885=DIRECTION('ref_axis',(0.980785174844411,0.194348473101357,0.0170032881699417));
#8886=DIRECTION('',(0.980785174844411,0.194348473101357,0.0170032881699417));
#8887=DIRECTION('',(0.,-0.0871557427476583,0.996194698091746));
#8888=DIRECTION('',(0.980785174844411,0.194348473101357,0.0170032881699417));
#8889=DIRECTION('center_axis',(0.,-0.996194698091746,-0.0871557427476583));
#8890=DIRECTION('ref_axis',(1.,0.,0.));
#8891=DIRECTION('',(1.,0.,0.));
#8892=DIRECTION('',(0.,-0.0871557427476583,0.996194698091746));
#8893=DIRECTION('',(1.,0.,0.));
#8894=DIRECTION('center_axis',(-0.195090852695053,-0.977052991147057,-0.0854810603894626));
#8895=DIRECTION('ref_axis',(0.98078517484448,-0.19434847310101,-0.0170032881699113));
#8896=DIRECTION('',(0.98078517484448,-0.19434847310101,-0.0170032881699113));
#8897=DIRECTION('',(0.,-0.0871557427476583,0.996194698091746));
#8898=DIRECTION('',(0.98078517484448,-0.19434847310101,-0.0170032881699113));
#8899=DIRECTION('center_axis',(-0.707106781187016,-0.704416026402292,-0.0616284167161786));
#8900=DIRECTION('ref_axis',(0.707106781186079,-0.704416026403225,-0.0616284167162602));
#8901=DIRECTION('',(0.707106781186079,-0.704416026403225,-0.0616284167162602));
#8902=DIRECTION('',(0.,-0.0871557427476583,0.996194698091746));
#8903=DIRECTION('',(0.707106781186079,-0.704416026403225,-0.0616284167162602));
#8904=DIRECTION('center_axis',(-0.980785174844409,-0.194348473101363,-0.0170032881699423));
#8905=DIRECTION('ref_axis',(0.195090852695408,-0.977052991146986,-0.0854810603894564));
#8906=DIRECTION('',(0.195090852695408,-0.977052991146986,-0.0854810603894564));
#8907=DIRECTION('',(0.,-0.0871557427476583,0.996194698091746));
#8908=DIRECTION('',(0.195090852695408,-0.977052991146986,-0.0854810603894564));
#8909=DIRECTION('center_axis',(-1.,0.,0.));
#8910=DIRECTION('ref_axis',(0.,-0.996194698091746,-0.0871557427476583));
#8911=DIRECTION('',(0.,-0.996194698091746,-0.0871557427476583));
#8912=DIRECTION('',(0.,-0.996194698091746,-0.0871557427476583));
#8913=DIRECTION('center_axis',(0.,-0.0871557427476583,0.996194698091746));
#8914=DIRECTION('ref_axis',(1.,0.,0.));
#8915=DIRECTION('',(1.,0.,0.));
#8916=DIRECTION('',(0.,0.996194698091746,0.0871557427476583));
#8917=DIRECTION('',(-1.,0.,0.));
#8918=DIRECTION('',(0.,-0.996194698091746,-0.0871557427476583));
#8919=DIRECTION('center_axis',(-0.980785174844445,0.194348473101186,0.0170032881699267));
#8920=DIRECTION('ref_axis',(-0.19509085269523,-0.977052991147021,-0.0854810603894595));
#8921=DIRECTION('',(-0.19509085269523,-0.977052991147021,-0.0854810603894595));
#8922=DIRECTION('',(0.,-0.0871557427476583,0.996194698091746));
#8923=DIRECTION('',(-0.19509085269523,-0.977052991147021,-0.0854810603894595));
#8924=DIRECTION('',(0.,-0.0871557427476583,0.996194698091746));
#8925=DIRECTION('center_axis',(-0.707106781187016,0.704416026402292,0.0616284167161786));
#8926=DIRECTION('ref_axis',(-0.707106781186079,-0.704416026403225,-0.0616284167162603));
#8927=DIRECTION('',(-0.707106781186079,-0.704416026403225,-0.0616284167162603));
#8928=DIRECTION('',(0.,-0.0871557427476583,0.996194698091746));
#8929=DIRECTION('',(-0.707106781186079,-0.704416026403225,-0.0616284167162603));
#8930=DIRECTION('center_axis',(-0.195090852694169,0.977052991147232,0.0854810603894779));
#8931=DIRECTION('ref_axis',(-0.980785174844656,-0.194348473100129,-0.0170032881698343));
#8932=DIRECTION('',(-0.980785174844656,-0.194348473100129,-0.0170032881698343));
#8933=DIRECTION('',(0.,-0.0871557427476583,0.996194698091746));
#8934=DIRECTION('',(-0.980785174844656,-0.194348473100129,-0.0170032881698343));
#8935=DIRECTION('center_axis',(0.,0.996194698091746,0.0871557427476583));
#8936=DIRECTION('ref_axis',(-1.,0.,0.));
#8937=DIRECTION('',(-1.,0.,0.));
#8938=DIRECTION('',(0.,-0.0871557427476583,0.996194698091746));
#8939=DIRECTION('',(-1.,0.,0.));
#8940=DIRECTION('center_axis',(0.195090852694518,0.977052991147163,0.0854810603894718));
#8941=DIRECTION('ref_axis',(-0.980785174844586,0.194348473100476,0.0170032881698647));
#8942=DIRECTION('',(-0.980785174844586,0.194348473100476,0.0170032881698647));
#8943=DIRECTION('',(0.,-0.0871557427476583,0.996194698091746));
#8944=DIRECTION('',(-0.980785174844586,0.194348473100476,0.0170032881698647));
#8945=DIRECTION('center_axis',(0.707106781187002,0.704416026402306,0.0616284167161798));
#8946=DIRECTION('ref_axis',(-0.707106781186093,0.704416026403212,0.0616284167162591));
#8947=DIRECTION('',(-0.707106781186093,0.704416026403212,0.0616284167162591));
#8948=DIRECTION('',(0.,-0.0871557427476583,0.996194698091746));
#8949=DIRECTION('',(-0.707106781186093,0.704416026403212,0.0616284167162591));
#8950=DIRECTION('center_axis',(0.980785174844627,0.194348473100273,0.0170032881698469));
#8951=DIRECTION('ref_axis',(-0.195090852694313,0.977052991147203,0.0854810603894754));
#8952=DIRECTION('',(-0.195090852694313,0.977052991147203,0.0854810603894754));
#8953=DIRECTION('',(0.,-0.0871557427476583,0.996194698091746));
#8954=DIRECTION('',(-0.195090852694313,0.977052991147203,0.0854810603894754));
#8955=DIRECTION('center_axis',(1.,0.,0.));
#8956=DIRECTION('ref_axis',(0.,0.996194698091746,0.0871557427476583));
#8957=DIRECTION('',(0.,0.996194698091746,0.0871557427476583));
#8958=DIRECTION('',(0.,-0.0871557427476583,0.996194698091746));
#8959=DIRECTION('',(0.,0.996194698091746,0.0871557427476583));
#8960=DIRECTION('center_axis',(0.980785174844579,-0.194348473100515,-0.017003288169868));
#8961=DIRECTION('ref_axis',(0.195090852694556,0.977052991147155,0.0854810603894712));
#8962=DIRECTION('',(0.195090852694556,0.977052991147155,0.0854810603894712));
#8963=DIRECTION('',(0.,-0.0871557427476583,0.996194698091746));
#8964=DIRECTION('',(0.195090852694556,0.977052991147155,0.0854810603894712));
#8965=DIRECTION('center_axis',(0.70710678118725,-0.704416026402059,-0.0616284167161582));
#8966=DIRECTION('ref_axis',(0.707106781185845,0.704416026403458,0.0616284167162807));
#8967=DIRECTION('',(0.707106781185845,0.704416026403458,0.0616284167162807));
#8968=DIRECTION('',(0.,-0.0871557427476583,0.996194698091746));
#8969=DIRECTION('',(0.707106781185845,0.704416026403458,0.0616284167162807));
#8970=DIRECTION('center_axis',(0.195090852693659,-0.977052991147333,-0.0854810603894867));
#8971=DIRECTION('ref_axis',(0.980785174844757,0.194348473099621,0.0170032881697898));
#8972=DIRECTION('',(0.980785174844757,0.194348473099621,0.0170032881697898));
#8973=DIRECTION('',(0.,-0.0871557427476583,0.996194698091746));
#8974=DIRECTION('',(0.980785174844757,0.194348473099621,0.0170032881697898));
#8975=DIRECTION('center_axis',(0.,-0.996194698091746,-0.0871557427476583));
#8976=DIRECTION('ref_axis',(1.,0.,0.));
#8977=DIRECTION('',(1.,0.,0.));
#8978=DIRECTION('',(0.,-0.0871557427476583,0.996194698091746));
#8979=DIRECTION('',(1.,0.,0.));
#8980=DIRECTION('center_axis',(-0.195090852693286,-0.977052991147407,-0.0854810603894932));
#8981=DIRECTION('ref_axis',(0.980785174844831,-0.194348473099249,-0.0170032881697573));
#8982=DIRECTION('',(0.980785174844831,-0.194348473099249,-0.0170032881697573));
#8983=DIRECTION('',(0.,-0.0871557427476583,0.996194698091746));
#8984=DIRECTION('',(0.980785174844831,-0.194348473099249,-0.0170032881697573));
#8985=DIRECTION('center_axis',(-0.70710678118725,-0.704416026402059,-0.0616284167161582));
#8986=DIRECTION('ref_axis',(0.707106781185845,-0.704416026403458,-0.0616284167162807));
#8987=DIRECTION('',(0.707106781185845,-0.704416026403458,-0.0616284167162807));
#8988=DIRECTION('',(0.,-0.0871557427476583,0.996194698091746));
#8989=DIRECTION('',(0.707106781185845,-0.704416026403458,-0.0616284167162806));
#8990=DIRECTION('center_axis',(-0.98078517484441,-0.194348473101363,-0.0170032881699422));
#8991=DIRECTION('ref_axis',(0.195090852695408,-0.977052991146986,-0.0854810603894564));
#8992=DIRECTION('',(0.195090852695408,-0.977052991146986,-0.0854810603894564));
#8993=DIRECTION('',(0.,-0.0871557427476583,0.996194698091746));
#8994=DIRECTION('',(0.195090852695408,-0.977052991146986,-0.0854810603894564));
#8995=DIRECTION('center_axis',(-1.,0.,0.));
#8996=DIRECTION('ref_axis',(0.,-0.996194698091746,-0.0871557427476583));
#8997=DIRECTION('',(0.,-0.996194698091746,-0.0871557427476583));
#8998=DIRECTION('',(0.,-0.996194698091746,-0.0871557427476583));
#8999=DIRECTION('center_axis',(0.,-0.0871557427476583,0.996194698091746));
#9000=DIRECTION('ref_axis',(1.,0.,0.));
#9001=DIRECTION('',(1.,0.,0.));
#9002=DIRECTION('',(0.,0.996194698091746,0.0871557427476583));
#9003=DIRECTION('',(-1.,0.,0.));
#9004=DIRECTION('',(0.,-0.996194698091746,-0.0871557427476583));
#9005=DIRECTION('center_axis',(-0.980785174844372,0.194348473101551,0.0170032881699587));
#9006=DIRECTION('ref_axis',(-0.195090852695596,-0.977052991146949,-0.0854810603894532));
#9007=DIRECTION('',(-0.195090852695596,-0.977052991146949,-0.0854810603894532));
#9008=DIRECTION('',(0.,-0.0871557427476583,0.996194698091746));
#9009=DIRECTION('',(-0.195090852695596,-0.977052991146949,-0.0854810603894532));
#9010=DIRECTION('',(0.,-0.0871557427476583,0.996194698091746));
#9011=DIRECTION('center_axis',(-0.707106781186093,0.704416026403212,0.0616284167162591));
#9012=DIRECTION('ref_axis',(-0.707106781187002,-0.704416026402306,-0.0616284167161799));
#9013=DIRECTION('',(-0.707106781187002,-0.704416026402306,-0.0616284167161799));
#9014=DIRECTION('',(0.,-0.0871557427476583,0.996194698091746));
#9015=DIRECTION('',(-0.707106781187002,-0.704416026402306,-0.0616284167161798));
#9016=DIRECTION('center_axis',(-0.195090852696446,0.977052991146781,0.0854810603894384));
#9017=DIRECTION('ref_axis',(-0.980785174844203,-0.194348473102397,-0.0170032881700327));
#9018=DIRECTION('',(-0.980785174844203,-0.194348473102397,-0.0170032881700327));
#9019=DIRECTION('',(0.,-0.0871557427476583,0.996194698091746));
#9020=DIRECTION('',(-0.980785174844203,-0.194348473102397,-0.0170032881700327));
#9021=DIRECTION('center_axis',(0.,0.996194698091746,0.0871557427476583));
#9022=DIRECTION('ref_axis',(-1.,0.,0.));
#9023=DIRECTION('',(-1.,0.,0.));
#9024=DIRECTION('',(0.,-0.0871557427476583,0.996194698091746));
#9025=DIRECTION('',(-1.,0.,0.));
#9026=DIRECTION('center_axis',(0.195090852696268,0.977052991146816,0.0854810603894415));
#9027=DIRECTION('ref_axis',(-0.980785174844238,0.19434847310222,0.0170032881700173));
#9028=DIRECTION('',(-0.980785174844238,0.19434847310222,0.0170032881700173));
#9029=DIRECTION('',(0.,-0.0871557427476583,0.996194698091746));
#9030=DIRECTION('',(-0.980785174844238,0.19434847310222,0.0170032881700172));
#9031=DIRECTION('center_axis',(0.707106781186548,0.704416026402759,0.0616284167162195));
#9032=DIRECTION('ref_axis',(-0.707106781186548,0.704416026402759,0.0616284167162195));
#9033=DIRECTION('',(-0.707106781186548,0.704416026402759,0.0616284167162195));
#9034=DIRECTION('',(0.,-0.0871557427476583,0.996194698091746));
#9035=DIRECTION('',(-0.707106781186548,0.704416026402758,0.0616284167162195));
#9036=DIRECTION('center_axis',(0.980785174844727,0.194348473099773,0.0170032881698031));
#9037=DIRECTION('ref_axis',(-0.195090852693811,0.977052991147303,0.0854810603894841));
#9038=DIRECTION('',(-0.195090852693811,0.977052991147303,0.0854810603894841));
#9039=DIRECTION('',(0.,-0.0871557427476583,0.996194698091746));
#9040=DIRECTION('',(-0.195090852693811,0.977052991147303,0.0854810603894841));
#9041=DIRECTION('center_axis',(1.,0.,0.));
#9042=DIRECTION('ref_axis',(0.,0.996194698091746,0.0871557427476583));
#9043=DIRECTION('',(0.,0.996194698091746,0.0871557427476583));
#9044=DIRECTION('',(0.,-0.0871557427476583,0.996194698091746));
#9045=DIRECTION('',(0.,0.996194698091746,0.0871557427476583));
#9046=DIRECTION('center_axis',(0.980785174844693,-0.194348473099941,-0.0170032881698179));
#9047=DIRECTION('ref_axis',(0.195090852693981,0.977052991147269,0.0854810603894811));
#9048=DIRECTION('',(0.195090852693981,0.977052991147269,0.0854810603894811));
#9049=DIRECTION('',(0.,-0.0871557427476583,0.996194698091746));
#9050=DIRECTION('',(0.195090852693981,0.977052991147269,0.0854810603894811));
#9051=DIRECTION('center_axis',(0.707106781187002,-0.704416026402306,-0.0616284167161798));
#9052=DIRECTION('ref_axis',(0.707106781186093,0.704416026403212,0.0616284167162591));
#9053=DIRECTION('',(0.707106781186093,0.704416026403212,0.0616284167162591));
#9054=DIRECTION('',(0.,-0.0871557427476583,0.996194698091746));
#9055=DIRECTION('',(0.707106781186093,0.704416026403212,0.0616284167162591));
#9056=DIRECTION('center_axis',(0.195090852694526,-0.977052991147161,-0.0854810603894717));
#9057=DIRECTION('ref_axis',(0.980785174844585,0.194348473100484,0.0170032881698654));
#9058=DIRECTION('',(0.980785174844585,0.194348473100484,0.0170032881698654));
#9059=DIRECTION('',(0.,-0.0871557427476583,0.996194698091746));
#9060=DIRECTION('',(0.980785174844585,0.194348473100484,0.0170032881698654));
#9061=DIRECTION('center_axis',(0.,-0.996194698091746,-0.0871557427476583));
#9062=DIRECTION('ref_axis',(1.,0.,0.));
#9063=DIRECTION('',(1.,0.,0.));
#9064=DIRECTION('',(0.,-0.0871557427476583,0.996194698091746));
#9065=DIRECTION('',(1.,0.,0.));
#9066=DIRECTION('center_axis',(-0.195090852694695,-0.977052991147128,-0.0854810603894688));
#9067=DIRECTION('ref_axis',(0.980785174844551,-0.194348473100653,-0.0170032881698802));
#9068=DIRECTION('',(0.980785174844551,-0.194348473100653,-0.0170032881698802));
#9069=DIRECTION('',(0.,-0.0871557427476583,0.996194698091746));
#9070=DIRECTION('',(0.980785174844551,-0.194348473100653,-0.0170032881698802));
#9071=DIRECTION('center_axis',(-0.707106781186548,-0.704416026402759,-0.0616284167162195));
#9072=DIRECTION('ref_axis',(0.707106781186548,-0.704416026402759,-0.0616284167162195));
#9073=DIRECTION('',(0.707106781186548,-0.704416026402759,-0.0616284167162195));
#9074=DIRECTION('',(0.,-0.0871557427476583,0.996194698091746));
#9075=DIRECTION('',(0.707106781186548,-0.704416026402758,-0.0616284167162195));
#9076=DIRECTION('center_axis',(-0.980785174844343,-0.194348473101695,-0.0170032881699713));
#9077=DIRECTION('ref_axis',(0.195090852695741,-0.97705299114692,-0.0854810603894507));
#9078=DIRECTION('',(0.195090852695741,-0.97705299114692,-0.0854810603894507));
#9079=DIRECTION('',(0.,-0.0871557427476583,0.996194698091746));
#9080=DIRECTION('',(0.195090852695741,-0.97705299114692,-0.0854810603894507));
#9081=DIRECTION('center_axis',(-1.,0.,0.));
#9082=DIRECTION('ref_axis',(0.,-0.996194698091746,-0.0871557427476583));
#9083=DIRECTION('',(0.,-0.996194698091746,-0.0871557427476583));
#9084=DIRECTION('',(0.,-0.996194698091746,-0.0871557427476583));
#9085=DIRECTION('center_axis',(0.,-0.0871557427476583,0.996194698091746));
#9086=DIRECTION('ref_axis',(1.,0.,0.));
#9087=DIRECTION('',(1.,0.,0.));
#9088=DIRECTION('',(0.,0.996194698091746,0.0871557427476583));
#9089=DIRECTION('',(-1.,0.,0.));
#9090=DIRECTION('',(0.,-0.996194698091746,-0.0871557427476583));
#9091=DIRECTION('center_axis',(0.980785174844722,-0.194348473099796,-0.0170032881698052));
#9092=DIRECTION('ref_axis',(0.195090852693835,0.977052991147298,0.0854810603894837));
#9093=DIRECTION('',(0.195090852693835,0.977052991147298,0.0854810603894837));
#9094=DIRECTION('',(0.,-0.0871557427476583,0.996194698091746));
#9095=DIRECTION('',(0.195090852693835,0.977052991147298,0.0854810603894837));
#9096=DIRECTION('',(0.,-0.0871557427476583,0.996194698091746));
#9097=DIRECTION('center_axis',(0.707106781187002,-0.704416026402306,-0.0616284167161799));
#9098=DIRECTION('ref_axis',(0.707106781186093,0.704416026403212,0.0616284167162591));
#9099=DIRECTION('',(0.707106781186093,0.704416026403212,0.0616284167162591));
#9100=DIRECTION('',(0.,-0.0871557427476583,0.996194698091746));
#9101=DIRECTION('',(0.707106781186093,0.704416026403212,0.0616284167162591));
#9102=DIRECTION('center_axis',(0.195090852693147,-0.977052991147434,-0.0854810603894956));
#9103=DIRECTION('ref_axis',(0.980785174844859,0.194348473099111,0.0170032881697453));
#9104=DIRECTION('',(0.980785174844859,0.194348473099111,0.0170032881697453));
#9105=DIRECTION('',(0.,-0.0871557427476583,0.996194698091746));
#9106=DIRECTION('',(0.980785174844859,0.194348473099111,0.0170032881697453));
#9107=DIRECTION('center_axis',(0.,-0.996194698091746,-0.0871557427476583));
#9108=DIRECTION('ref_axis',(1.,0.,0.));
#9109=DIRECTION('',(1.,0.,0.));
#9110=DIRECTION('',(0.,-0.0871557427476583,0.996194698091746));
#9111=DIRECTION('',(1.,0.,0.));
#9112=DIRECTION('center_axis',(-0.195090852693455,-0.977052991147373,-0.0854810603894903));
#9113=DIRECTION('ref_axis',(0.980785174844798,-0.194348473099418,-0.0170032881697721));
#9114=DIRECTION('',(0.980785174844798,-0.194348473099418,-0.0170032881697721));
#9115=DIRECTION('',(0.,-0.0871557427476583,0.996194698091746));
#9116=DIRECTION('',(0.980785174844798,-0.194348473099418,-0.0170032881697721));
#9117=DIRECTION('center_axis',(-0.707106781186782,-0.704416026402525,-0.061628416716199));
#9118=DIRECTION('ref_axis',(0.707106781186314,-0.704416026402992,-0.0616284167162399));
#9119=DIRECTION('',(0.707106781186314,-0.704416026402992,-0.0616284167162399));
#9120=DIRECTION('',(0.,-0.0871557427476583,0.996194698091746));
#9121=DIRECTION('',(0.707106781186314,-0.704416026402992,-0.0616284167162399));
#9122=DIRECTION('center_axis',(-0.980785174844379,-0.194348473101517,-0.0170032881699557));
#9123=DIRECTION('ref_axis',(0.195090852695562,-0.977052991146956,-0.0854810603894537));
#9124=DIRECTION('',(0.195090852695562,-0.977052991146956,-0.0854810603894537));
#9125=DIRECTION('',(0.,-0.0871557427476583,0.996194698091746));
#9126=DIRECTION('',(0.195090852695562,-0.977052991146956,-0.0854810603894537));
#9127=DIRECTION('center_axis',(-1.,0.,0.));
#9128=DIRECTION('ref_axis',(0.,-0.996194698091746,-0.0871557427476583));
#9129=DIRECTION('',(0.,-0.996194698091746,-0.0871557427476583));
#9130=DIRECTION('',(0.,-0.0871557427476583,0.996194698091746));
#9131=DIRECTION('',(0.,-0.996194698091746,-0.0871557427476583));
#9132=DIRECTION('center_axis',(-0.980785174844374,0.194348473101542,0.0170032881699579));
#9133=DIRECTION('ref_axis',(-0.195090852695588,-0.977052991146951,-0.0854810603894533));
#9134=DIRECTION('',(-0.195090852695588,-0.977052991146951,-0.0854810603894533));
#9135=DIRECTION('',(0.,-0.0871557427476583,0.996194698091746));
#9136=DIRECTION('',(-0.195090852695588,-0.977052991146951,-0.0854810603894533));
#9137=DIRECTION('center_axis',(-0.707106781186314,0.704416026402992,0.0616284167162399));
#9138=DIRECTION('ref_axis',(-0.707106781186782,-0.704416026402525,-0.061628416716199));
#9139=DIRECTION('',(-0.707106781186782,-0.704416026402525,-0.061628416716199));
#9140=DIRECTION('',(0.,-0.0871557427476583,0.996194698091746));
#9141=DIRECTION('',(-0.707106781186782,-0.704416026402525,-0.061628416716199));
#9142=DIRECTION('center_axis',(-0.195090852696089,0.977052991146851,0.0854810603894446));
#9143=DIRECTION('ref_axis',(-0.980785174844274,-0.194348473102042,-0.0170032881700017));
#9144=DIRECTION('',(-0.980785174844274,-0.194348473102042,-0.0170032881700017));
#9145=DIRECTION('',(0.,-0.0871557427476583,0.996194698091746));
#9146=DIRECTION('',(-0.980785174844274,-0.194348473102042,-0.0170032881700017));
#9147=DIRECTION('center_axis',(0.,0.996194698091746,0.0871557427476583));
#9148=DIRECTION('ref_axis',(-1.,0.,0.));
#9149=DIRECTION('',(-1.,0.,0.));
#9150=DIRECTION('',(0.,-0.0871557427476583,0.996194698091746));
#9151=DIRECTION('',(-1.,0.,0.));
#9152=DIRECTION('center_axis',(0.195090852695766,0.977052991146915,0.0854810603894502));
#9153=DIRECTION('ref_axis',(-0.980785174844338,0.19434847310172,0.0170032881699735));
#9154=DIRECTION('',(-0.980785174844338,0.19434847310172,0.0170032881699735));
#9155=DIRECTION('',(0.,-0.0871557427476583,0.996194698091746));
#9156=DIRECTION('',(-0.980785174844338,0.19434847310172,0.0170032881699735));
#9157=DIRECTION('center_axis',(0.707106781186548,0.704416026402759,0.0616284167162195));
#9158=DIRECTION('ref_axis',(-0.707106781186548,0.704416026402759,0.0616284167162195));
#9159=DIRECTION('',(-0.707106781186548,0.704416026402759,0.0616284167162195));
#9160=DIRECTION('',(0.,-0.0871557427476583,0.996194698091746));
#9161=DIRECTION('',(-0.707106781186548,0.704416026402758,0.0616284167162195));
#9162=DIRECTION('center_axis',(0.980785174844727,0.194348473099773,0.0170032881698031));
#9163=DIRECTION('ref_axis',(-0.195090852693811,0.977052991147303,0.0854810603894841));
#9164=DIRECTION('',(-0.195090852693811,0.977052991147303,0.0854810603894841));
#9165=DIRECTION('',(0.,-0.0871557427476583,0.996194698091746));
#9166=DIRECTION('',(-0.195090852693811,0.977052991147303,0.0854810603894841));
#9167=DIRECTION('center_axis',(1.,0.,0.));
#9168=DIRECTION('ref_axis',(0.,0.996194698091746,0.0871557427476583));
#9169=DIRECTION('',(0.,0.996194698091746,0.0871557427476583));
#9170=DIRECTION('',(0.,0.996194698091746,0.0871557427476583));
#9171=DIRECTION('center_axis',(0.,-0.0871557427476583,0.996194698091746));
#9172=DIRECTION('ref_axis',(1.,0.,0.));
#9173=DIRECTION('',(1.,0.,0.));
#9174=DIRECTION('',(0.,0.996194698091746,0.0871557427476583));
#9175=DIRECTION('',(-1.,0.,0.));
#9176=DIRECTION('',(0.,-0.996194698091746,-0.0871557427476583));
#9177=DIRECTION('center_axis',(-1.,0.,0.));
#9178=DIRECTION('ref_axis',(0.,-0.996194698091746,-0.0871557427476583));
#9179=DIRECTION('',(0.,-0.0871557427476583,0.996194698091746));
#9180=DIRECTION('',(0.,-0.0871557427476583,0.996194698091746));
#9181=DIRECTION('center_axis',(0.,0.996194698091746,0.0871557427476583));
#9182=DIRECTION('ref_axis',(-1.,0.,0.));
#9183=DIRECTION('',(0.,-0.0871557427476583,0.996194698091746));
#9184=DIRECTION('center_axis',(-1.,0.,0.));
#9185=DIRECTION('ref_axis',(0.,-0.996194698091746,-0.0871557427476583));
#9186=DIRECTION('',(0.,-0.0871557427476583,0.996194698091746));
#9187=DIRECTION('',(0.,-0.0871557427476583,0.996194698091746));
#9188=DIRECTION('center_axis',(0.,0.996194698091746,0.0871557427476583));
#9189=DIRECTION('ref_axis',(-1.,0.,0.));
#9190=DIRECTION('',(0.,-0.0871557427476583,0.996194698091746));
#9191=DIRECTION('center_axis',(-1.,0.,0.));
#9192=DIRECTION('ref_axis',(0.,-0.996194698091746,-0.0871557427476583));
#9193=DIRECTION('',(0.,-0.0871557427476583,0.996194698091746));
#9194=DIRECTION('',(0.,-0.0871557427476583,0.996194698091746));
#9195=DIRECTION('center_axis',(0.,0.996194698091746,0.0871557427476583));
#9196=DIRECTION('ref_axis',(-1.,0.,0.));
#9197=DIRECTION('',(0.,-0.0871557427476583,0.996194698091746));
#9198=DIRECTION('center_axis',(-1.,0.,0.));
#9199=DIRECTION('ref_axis',(0.,-0.996194698091746,-0.0871557427476583));
#9200=DIRECTION('',(0.,-0.0871557427476583,0.996194698091746));
#9201=DIRECTION('',(0.,-0.0871557427476583,0.996194698091746));
#9202=DIRECTION('center_axis',(0.,0.996194698091746,0.0871557427476583));
#9203=DIRECTION('ref_axis',(-1.,0.,0.));
#9204=DIRECTION('',(0.,-0.0871557427476583,0.996194698091746));
#9205=DIRECTION('center_axis',(-1.,0.,0.));
#9206=DIRECTION('ref_axis',(0.,-0.996194698091746,-0.0871557427476583));
#9207=DIRECTION('',(0.,-0.0871557427476583,0.996194698091746));
#9208=DIRECTION('',(0.,-0.0871557427476583,0.996194698091746));
#9209=DIRECTION('center_axis',(0.,0.996194698091746,0.0871557427476583));
#9210=DIRECTION('ref_axis',(-1.,0.,0.));
#9211=DIRECTION('',(0.,-0.0871557427476583,0.996194698091746));
#9212=DIRECTION('center_axis',(-1.,0.,0.));
#9213=DIRECTION('ref_axis',(0.,-0.996194698091746,-0.0871557427476583));
#9214=DIRECTION('',(0.,-0.0871557427476583,0.996194698091746));
#9215=DIRECTION('',(0.,-0.0871557427476583,0.996194698091746));
#9216=DIRECTION('center_axis',(0.,0.996194698091746,0.0871557427476583));
#9217=DIRECTION('ref_axis',(-1.,0.,0.));
#9218=DIRECTION('',(0.,-0.0871557427476583,0.996194698091746));
#9219=DIRECTION('center_axis',(-1.,0.,0.));
#9220=DIRECTION('ref_axis',(0.,-0.996194698091746,-0.0871557427476583));
#9221=DIRECTION('',(0.,-0.0871557427476583,0.996194698091746));
#9222=DIRECTION('',(0.,-0.0871557427476583,0.996194698091746));
#9223=DIRECTION('center_axis',(0.,0.996194698091746,0.0871557427476583));
#9224=DIRECTION('ref_axis',(-1.,0.,0.));
#9225=DIRECTION('',(0.,-0.0871557427476583,0.996194698091746));
#9226=DIRECTION('center_axis',(-1.,0.,0.));
#9227=DIRECTION('ref_axis',(0.,-0.996194698091746,-0.0871557427476583));
#9228=DIRECTION('',(0.,-0.0871557427476583,0.996194698091746));
#9229=DIRECTION('',(0.,-0.0871557427476583,0.996194698091746));
#9230=DIRECTION('center_axis',(0.,0.996194698091746,0.0871557427476583));
#9231=DIRECTION('ref_axis',(-1.,0.,0.));
#9232=DIRECTION('',(0.,-0.0871557427476583,0.996194698091746));
#9233=DIRECTION('center_axis',(-1.,0.,0.));
#9234=DIRECTION('ref_axis',(0.,-0.996194698091746,-0.0871557427476583));
#9235=DIRECTION('',(0.,-0.0871557427476583,0.996194698091746));
#9236=DIRECTION('',(0.,-0.0871557427476583,0.996194698091746));
#9237=DIRECTION('center_axis',(0.,0.996194698091746,0.0871557427476583));
#9238=DIRECTION('ref_axis',(-1.,0.,0.));
#9239=DIRECTION('',(0.,-0.0871557427476583,0.996194698091746));
#9240=DIRECTION('center_axis',(-1.,0.,0.));
#9241=DIRECTION('ref_axis',(0.,-0.996194698091746,-0.0871557427476583));
#9242=DIRECTION('',(0.,-0.0871557427476583,0.996194698091746));
#9243=DIRECTION('',(0.,-0.0871557427476583,0.996194698091746));
#9244=DIRECTION('center_axis',(0.,0.996194698091746,0.0871557427476583));
#9245=DIRECTION('ref_axis',(-1.,0.,0.));
#9246=DIRECTION('',(0.,-0.0871557427476583,0.996194698091746));
#9247=DIRECTION('center_axis',(-1.,0.,0.));
#9248=DIRECTION('ref_axis',(0.,-0.996194698091746,-0.0871557427476583));
#9249=DIRECTION('',(0.,-0.0871557427476583,0.996194698091746));
#9250=DIRECTION('',(0.,-0.0871557427476583,0.996194698091746));
#9251=DIRECTION('center_axis',(0.,0.996194698091746,0.0871557427476583));
#9252=DIRECTION('ref_axis',(-1.,0.,0.));
#9253=DIRECTION('',(0.,-0.0871557427476583,0.996194698091746));
#9254=DIRECTION('center_axis',(-1.,0.,0.));
#9255=DIRECTION('ref_axis',(0.,-0.996194698091746,-0.0871557427476583));
#9256=DIRECTION('',(0.,-0.0871557427476583,0.996194698091746));
#9257=DIRECTION('',(0.,-0.0871557427476583,0.996194698091746));
#9258=DIRECTION('center_axis',(0.,0.996194698091746,0.0871557427476583));
#9259=DIRECTION('ref_axis',(-1.,0.,0.));
#9260=DIRECTION('',(0.,-0.0871557427476583,0.996194698091746));
#9261=DIRECTION('center_axis',(-1.,0.,0.));
#9262=DIRECTION('ref_axis',(0.,-0.996194698091746,-0.0871557427476583));
#9263=DIRECTION('',(0.,-0.0871557427476583,0.996194698091746));
#9264=DIRECTION('',(0.,-0.0871557427476583,0.996194698091746));
#9265=DIRECTION('center_axis',(0.,0.996194698091746,0.0871557427476583));
#9266=DIRECTION('ref_axis',(-1.,0.,0.));
#9267=DIRECTION('',(0.,-0.0871557427476583,0.996194698091746));
#9268=DIRECTION('center_axis',(1.,0.,0.));
#9269=DIRECTION('ref_axis',(0.,0.996194698091746,0.0871557427476583));
#9270=DIRECTION('',(0.,-0.0871557427476583,0.996194698091746));
#9271=DIRECTION('center_axis',(0.,-0.996194698091746,-0.0871557427476583));
#9272=DIRECTION('ref_axis',(1.,0.,0.));
#9273=DIRECTION('center_axis',(1.,0.,0.));
#9274=DIRECTION('ref_axis',(0.,0.996194698091746,0.0871557427476583));
#9275=DIRECTION('',(0.,-0.0871557427476583,0.996194698091746));
#9276=DIRECTION('center_axis',(0.,-0.996194698091746,-0.0871557427476583));
#9277=DIRECTION('ref_axis',(1.,0.,0.));
#9278=DIRECTION('center_axis',(1.,0.,0.));
#9279=DIRECTION('ref_axis',(0.,0.996194698091746,0.0871557427476583));
#9280=DIRECTION('',(0.,-0.0871557427476583,0.996194698091746));
#9281=DIRECTION('center_axis',(0.,-0.996194698091746,-0.0871557427476583));
#9282=DIRECTION('ref_axis',(1.,0.,0.));
#9283=DIRECTION('center_axis',(1.,0.,0.));
#9284=DIRECTION('ref_axis',(0.,0.996194698091746,0.0871557427476583));
#9285=DIRECTION('',(0.,-0.0871557427476583,0.996194698091746));
#9286=DIRECTION('center_axis',(0.,-0.996194698091746,-0.0871557427476583));
#9287=DIRECTION('ref_axis',(1.,0.,0.));
#9288=DIRECTION('center_axis',(1.,0.,0.));
#9289=DIRECTION('ref_axis',(0.,0.996194698091746,0.0871557427476583));
#9290=DIRECTION('',(0.,-0.0871557427476583,0.996194698091746));
#9291=DIRECTION('center_axis',(0.,-0.996194698091746,-0.0871557427476583));
#9292=DIRECTION('ref_axis',(1.,0.,0.));
#9293=DIRECTION('center_axis',(1.,0.,0.));
#9294=DIRECTION('ref_axis',(0.,0.996194698091746,0.0871557427476583));
#9295=DIRECTION('',(0.,-0.0871557427476583,0.996194698091746));
#9296=DIRECTION('center_axis',(0.,-0.996194698091746,-0.0871557427476583));
#9297=DIRECTION('ref_axis',(1.,0.,0.));
#9298=DIRECTION('center_axis',(1.,0.,0.));
#9299=DIRECTION('ref_axis',(0.,0.996194698091746,0.0871557427476583));
#9300=DIRECTION('',(0.,-0.0871557427476583,0.996194698091746));
#9301=DIRECTION('center_axis',(0.,-0.996194698091746,-0.0871557427476583));
#9302=DIRECTION('ref_axis',(1.,0.,0.));
#9303=DIRECTION('center_axis',(1.,0.,0.));
#9304=DIRECTION('ref_axis',(0.,0.996194698091746,0.0871557427476583));
#9305=DIRECTION('',(0.,-0.0871557427476583,0.996194698091746));
#9306=DIRECTION('center_axis',(0.,-0.996194698091746,-0.0871557427476583));
#9307=DIRECTION('ref_axis',(1.,0.,0.));
#9308=DIRECTION('center_axis',(1.,0.,0.));
#9309=DIRECTION('ref_axis',(0.,0.996194698091746,0.0871557427476583));
#9310=DIRECTION('',(0.,-0.0871557427476583,0.996194698091746));
#9311=DIRECTION('center_axis',(0.,-0.996194698091746,-0.0871557427476583));
#9312=DIRECTION('ref_axis',(1.,0.,0.));
#9313=DIRECTION('center_axis',(1.,0.,0.));
#9314=DIRECTION('ref_axis',(0.,0.996194698091746,0.0871557427476583));
#9315=DIRECTION('',(0.,-0.0871557427476583,0.996194698091746));
#9316=DIRECTION('center_axis',(0.,-0.996194698091746,-0.0871557427476583));
#9317=DIRECTION('ref_axis',(1.,0.,0.));
#9318=DIRECTION('center_axis',(1.,0.,0.));
#9319=DIRECTION('ref_axis',(0.,0.996194698091746,0.0871557427476583));
#9320=DIRECTION('',(0.,-0.0871557427476583,0.996194698091746));
#9321=DIRECTION('center_axis',(0.,-0.996194698091746,-0.0871557427476583));
#9322=DIRECTION('ref_axis',(1.,0.,0.));
#9323=DIRECTION('center_axis',(1.,0.,0.));
#9324=DIRECTION('ref_axis',(0.,0.996194698091746,0.0871557427476583));
#9325=DIRECTION('',(0.,-0.0871557427476583,0.996194698091746));
#9326=DIRECTION('center_axis',(0.,-0.996194698091746,-0.0871557427476583));
#9327=DIRECTION('ref_axis',(1.,0.,0.));
#9328=DIRECTION('center_axis',(1.,0.,0.));
#9329=DIRECTION('ref_axis',(0.,0.996194698091746,0.0871557427476583));
#9330=DIRECTION('',(0.,-0.0871557427476583,0.996194698091746));
#9331=DIRECTION('center_axis',(0.,-0.996194698091746,-0.0871557427476583));
#9332=DIRECTION('ref_axis',(1.,0.,0.));
#9333=DIRECTION('center_axis',(1.,0.,0.));
#9334=DIRECTION('ref_axis',(0.,0.996194698091746,0.0871557427476583));
#9335=DIRECTION('',(0.,0.996194698091746,0.0871557427476583));
#9336=DIRECTION('',(0.,-0.0871557427476583,0.996194698091746));
#9337=DIRECTION('',(0.,-0.0871557427476583,0.996194698091746));
#9338=DIRECTION('center_axis',(0.,-0.996194698091746,-0.0871557427476583));
#9339=DIRECTION('ref_axis',(1.,0.,0.));
#9340=DIRECTION('',(1.,0.,0.));
#9341=DIRECTION('',(0.,-0.0871557427476583,0.996194698091746));
#9342=DIRECTION('center_axis',(-1.,0.,0.));
#9343=DIRECTION('ref_axis',(0.,-0.996194698091746,-0.0871557427476583));
#9344=DIRECTION('',(0.,-0.996194698091746,-0.0871557427476583));
#9345=DIRECTION('',(0.,-0.0871557427476583,0.996194698091746));
#9346=DIRECTION('center_axis',(-0.739940041904597,0.67011310543835,0.058627300006008));
#9347=DIRECTION('ref_axis',(-0.672672828636793,-0.737124346651143,-0.0644900239409285));
#9348=DIRECTION('',(-0.672672828636793,-0.737124346651143,-0.0644900239409285));
#9349=DIRECTION('',(0.,-0.0871557427476583,0.996194698091746));
#9350=DIRECTION('center_axis',(0.,0.996194698091746,0.0871557427476583));
#9351=DIRECTION('ref_axis',(-1.,0.,0.));
#9352=DIRECTION('',(-1.,0.,0.));
#9353=DIRECTION('center_axis',(1.,0.,0.));
#9354=DIRECTION('ref_axis',(0.,0.996194698091746,0.0871557427476583));
#9355=DIRECTION('',(0.,0.996194698091746,0.0871557427476583));
#9356=DIRECTION('center_axis',(0.,-0.0871557427476583,0.996194698091746));
#9357=DIRECTION('ref_axis',(1.,0.,0.));
#9358=DIRECTION('center_axis',(0.,-0.0871557427476582,0.996194698091746));
#9359=DIRECTION('ref_axis',(-0.707106781186551,-0.704416026402755,-0.0616284167162193));
#9360=DIRECTION('center_axis',(0.,-0.0871557427476582,0.996194698091746));
#9361=DIRECTION('ref_axis',(-0.707106781186551,-0.704416026402755,-0.0616284167162193));
#9362=DIRECTION('',(0.,-0.0871557427476582,0.996194698091746));
#9363=DIRECTION('center_axis',(0.,-0.0871557427476582,0.996194698091746));
#9364=DIRECTION('ref_axis',(-0.707106781186551,-0.704416026402755,-0.0616284167162193));
#9365=DIRECTION('',(0.,0.0871557427476582,-0.996194698091746));
#9366=DIRECTION('center_axis',(1.,0.,0.));
#9367=DIRECTION('ref_axis',(0.,0.996194698091746,0.0871557427476582));
#9368=DIRECTION('',(0.,-0.996194698091746,-0.0871557427476582));
#9369=DIRECTION('',(0.,0.0871557427476582,-0.996194698091746));
#9370=DIRECTION('',(0.,0.996194698091746,0.0871557427476582));
#9371=DIRECTION('center_axis',(0.,-0.0871557427476582,0.996194698091746));
#9372=DIRECTION('ref_axis',(0.707106781186551,-0.704416026402755,-0.0616284167162195));
#9373=DIRECTION('center_axis',(0.,-0.0871557427476582,0.996194698091746));
#9374=DIRECTION('ref_axis',(0.707106781186551,-0.704416026402755,-0.0616284167162195));
#9375=DIRECTION('',(0.,-0.0871557427476582,0.996194698091746));
#9376=DIRECTION('center_axis',(0.,-0.0871557427476582,0.996194698091746));
#9377=DIRECTION('ref_axis',(0.707106781186551,-0.704416026402755,-0.0616284167162195));
#9378=DIRECTION('',(0.,0.0871557427476582,-0.996194698091746));
#9379=DIRECTION('center_axis',(0.,-0.0871557427476582,0.996194698091746));
#9380=DIRECTION('ref_axis',(1.,0.,0.));
#9381=DIRECTION('',(1.,0.,0.));
#9382=DIRECTION('',(0.,0.996194698091746,0.0871557427476582));
#9383=DIRECTION('center_axis',(0.,-0.0871557427476582,0.996194698091746));
#9384=DIRECTION('ref_axis',(0.707106781186549,0.704416026402757,0.0616284167162196));
#9385=DIRECTION('',(-1.,0.,0.));
#9386=DIRECTION('center_axis',(0.,-0.0871557427476582,0.996194698091746));
#9387=DIRECTION('ref_axis',(-0.707106781186549,0.704416026402757,0.0616284167162196));
#9388=DIRECTION('center_axis',(-1.,0.,0.));
#9389=DIRECTION('ref_axis',(0.,-0.996194698091746,-0.0871557427476582));
#9390=DIRECTION('',(0.,-0.996194698091746,-0.0871557427476582));
#9391=DIRECTION('',(0.,-0.0871557427476582,0.996194698091746));
#9392=DIRECTION('center_axis',(0.,-0.0871557427476582,0.996194698091746));
#9393=DIRECTION('ref_axis',(0.707106781186549,0.704416026402757,0.0616284167162196));
#9394=DIRECTION('center_axis',(0.,-0.0871557427476582,0.996194698091746));
#9395=DIRECTION('ref_axis',(0.707106781186549,0.704416026402757,0.0616284167162196));
#9396=DIRECTION('',(0.,0.0871557427476582,-0.996194698091746));
#9397=DIRECTION('center_axis',(0.,-0.0871557427476582,0.996194698091746));
#9398=DIRECTION('ref_axis',(-0.707106781186549,0.704416026402757,0.0616284167162196));
#9399=DIRECTION('',(0.,-0.0871557427476582,0.996194698091746));
#9400=DIRECTION('center_axis',(0.,-0.0871557427476582,0.996194698091746));
#9401=DIRECTION('ref_axis',(-0.707106781186549,0.704416026402757,0.0616284167162196));
#9402=DIRECTION('center_axis',(0.,-0.0871557427476582,0.996194698091746));
#9403=DIRECTION('ref_axis',(0.707106781186546,-0.70441602640276,-0.0616284167162192));
#9404=DIRECTION('center_axis',(0.,0.0871557427476582,-0.996194698091746));
#9405=DIRECTION('ref_axis',(0.707106781186546,-0.70441602640276,-0.0616284167162192));
#9406=DIRECTION('',(0.,0.0871557427476582,-0.996194698091746));
#9407=DIRECTION('center_axis',(0.,0.,1.));
#9408=DIRECTION('ref_axis',(-1.65899743624644E-15,-1.,0.));
#9409=DIRECTION('',(0.,-0.0871557427476582,0.996194698091746));
#9410=DIRECTION('center_axis',(0.,0.,-1.));
#9411=DIRECTION('ref_axis',(0.,1.,0.));
#9412=DIRECTION('',(-1.,-2.21337986266612E-16,-1.93645646059852E-17));
#9413=DIRECTION('center_axis',(0.,0.,1.));
#9414=DIRECTION('ref_axis',(-1.82489717987109E-15,-1.,0.));
#9415=DIRECTION('',(0.,1.,0.));
#9416=DIRECTION('center_axis',(0.,0.,1.));
#9417=DIRECTION('ref_axis',(1.54536640068395E-16,1.,0.));
#9418=DIRECTION('',(1.,0.,0.));
#9419=DIRECTION('center_axis',(0.,0.,1.));
#9420=DIRECTION('ref_axis',(-7.72683200341974E-17,1.,0.));
#9421=DIRECTION('',(0.,1.,0.));
#9422=DIRECTION('center_axis',(2.22183461416322E-16,-0.996194698091746,
-0.0871557427476582));
#9423=DIRECTION('ref_axis',(-1.,-2.21337986266612E-16,-1.93645646059852E-17));
#9424=DIRECTION('',(1.,2.21337986266612E-16,1.93645646059852E-17));
#9425=DIRECTION('',(0.,-0.0871557427476582,0.996194698091746));
#9426=DIRECTION('center_axis',(0.,-0.0871557427476582,0.996194698091746));
#9427=DIRECTION('ref_axis',(-0.707106781186549,-0.704416026402757,-0.0616284167162195));
#9428=DIRECTION('center_axis',(0.,0.0871557427476582,-0.996194698091746));
#9429=DIRECTION('ref_axis',(-0.707106781186549,-0.704416026402757,-0.0616284167162195));
#9430=DIRECTION('',(0.,0.0871557427476582,-0.996194698091746));
#9431=DIRECTION('center_axis',(0.,-0.0871557427476582,0.996194698091746));
#9432=DIRECTION('ref_axis',(-0.707106781186547,0.704416026402759,0.0616284167162193));
#9433=DIRECTION('',(0.,-0.0871557427476582,0.996194698091746));
#9434=DIRECTION('center_axis',(0.,0.0871557427476582,-0.996194698091746));
#9435=DIRECTION('ref_axis',(-0.707106781186547,0.704416026402759,0.0616284167162193));
#9436=DIRECTION('',(0.,0.0871557427476582,-0.996194698091746));
#9437=DIRECTION('center_axis',(1.55861034098401E-15,0.34935177413008,0.936991642391844));
#9438=DIRECTION('ref_axis',(3.27538962967552E-15,0.936991642391844,-0.34935177413008));
#9439=DIRECTION('center_axis',(0.,0.718069740294775,0.695971154627112));
#9440=DIRECTION('ref_axis',(-0.707106781186548,0.492125922947061,-0.507751982727299));
#9441=DIRECTION('',(0.,-0.718069740294775,-0.695971154627112));
#9442=DIRECTION('',(0.,0.718069740294775,0.695971154627112));
#9443=DIRECTION('center_axis',(0.,0.695971154627112,-0.718069740294775));
#9444=DIRECTION('ref_axis',(0.,0.718069740294775,0.695971154627112));
#9445=DIRECTION('',(1.,1.10668993133306E-16,9.68228230299262E-18));
#9446=DIRECTION('',(0.,0.718069740294775,0.695971154627112));
#9447=DIRECTION('center_axis',(-1.11091730708161E-16,0.996194698091746,
0.0871557427476582));
#9448=DIRECTION('ref_axis',(1.,1.10668993133306E-16,9.68228230299262E-18));
#9449=DIRECTION('',(-1.,-1.10668993133306E-16,-9.68228230299262E-18));
#9450=DIRECTION('',(0.,-0.0871557427476582,0.996194698091746));
#9451=DIRECTION('',(-1.,-6.88258310460598E-17,-4.87951813473138E-16));
#9452=DIRECTION('',(0.,0.0871557427476582,-0.996194698091746));
#9453=DIRECTION('',(1.,6.88258310460598E-17,4.87951813473138E-16));
#9454=DIRECTION('',(0.,-0.0871557427476582,0.996194698091746));
#9455=DIRECTION('center_axis',(0.,-0.0871557427476582,0.996194698091746));
#9456=DIRECTION('ref_axis',(1.,0.,0.));
#9457=DIRECTION('',(0.,0.996194698091746,0.0871557427476582));
#9458=DIRECTION('center_axis',(0.,0.0871557427476582,-0.996194698091746));
#9459=DIRECTION('ref_axis',(0.707106781186548,0.704416026402759,0.0616284167162193));
#9460=DIRECTION('',(0.,-0.996194698091746,-0.0871557427476582));
#9461=DIRECTION('center_axis',(0.,0.0871557427476582,-0.996194698091746));
#9462=DIRECTION('ref_axis',(1.,0.,0.));
#9463=DIRECTION('',(1.,0.,0.));
#9464=DIRECTION('',(-1.,0.,0.));
#9465=DIRECTION('center_axis',(0.,0.0871557427476582,-0.996194698091746));
#9466=DIRECTION('ref_axis',(1.,0.,0.));
#9467=DIRECTION('center_axis',(0.,0.0871557427476582,-0.996194698091746));
#9468=DIRECTION('ref_axis',(1.,0.,0.));
#9469=DIRECTION('center_axis',(0.,0.0871557427476582,-0.996194698091746));
#9470=DIRECTION('ref_axis',(1.,0.,0.));
#9471=DIRECTION('center_axis',(0.,0.0871557427476582,-0.996194698091746));
#9472=DIRECTION('ref_axis',(0.707106781186548,0.704416026402759,0.0616284167162193));
#9473=DIRECTION('',(0.,0.0871557427476582,-0.996194698091746));
#9474=DIRECTION('center_axis',(0.,0.349351774130083,0.936991642391843));
#9475=DIRECTION('ref_axis',(0.,-0.936991642391843,0.349351774130083));
#9476=DIRECTION('center_axis',(0.,0.718069740294775,0.695971154627112));
#9477=DIRECTION('ref_axis',(0.707106781186547,0.492125922947063,-0.507751982727298));
#9478=DIRECTION('',(0.,-0.718069740294775,-0.695971154627112));
#9479=DIRECTION('center_axis',(1.,0.,0.));
#9480=DIRECTION('ref_axis',(0.,-0.996194698091746,-0.0871557427476582));
#9481=DIRECTION('center_axis',(4.80096443081148E-16,0.0871557427476582,
-0.996194698091746));
#9482=DIRECTION('ref_axis',(1.,-4.18431620872463E-17,4.78269531170146E-16));
#9483=DIRECTION('',(-1.,4.18431620872463E-17,-4.78269531170146E-16));
#9484=DIRECTION('',(0.,-0.996194698091746,-0.0871557427476582));
#9485=DIRECTION('',(0.,-0.996194698091746,-0.0871557427476582));
#9486=DIRECTION('center_axis',(-1.,0.,0.));
#9487=DIRECTION('ref_axis',(0.,0.0871557427476582,-0.996194698091746));
#9488=DIRECTION('',(0.,-0.0871557427476582,0.996194698091746));
#9489=DIRECTION('',(0.,-0.996194698091746,-0.0871557427476582));
#9490=DIRECTION('center_axis',(-4.80096443081148E-16,-0.0871557427476582,
0.996194698091746));
#9491=DIRECTION('ref_axis',(-1.,4.18431620872463E-17,-4.78269531170146E-16));
#9492=DIRECTION('',(1.,-4.18431620872463E-17,4.78269531170146E-16));
#9493=DIRECTION('',(0.,-0.996194698091746,-0.0871557427476582));
#9494=DIRECTION('center_axis',(1.,0.,0.));
#9495=DIRECTION('ref_axis',(0.,-0.0871557427476582,0.996194698091746));
#9496=DIRECTION('',(0.,0.0871557427476582,-0.996194698091746));
#9497=DIRECTION('center_axis',(0.,-0.0871557427476582,0.996194698091746));
#9498=DIRECTION('ref_axis',(1.,0.,0.));
#9499=DIRECTION('',(0.,0.0871557427476582,-0.996194698091746));
#9500=DIRECTION('center_axis',(0.,-0.0871557427476582,0.996194698091746));
#9501=DIRECTION('ref_axis',(1.,0.,0.));
#9502=DIRECTION('center_axis',(0.,-0.0871557427476582,0.996194698091746));
#9503=DIRECTION('ref_axis',(1.,0.,0.));
#9504=DIRECTION('',(0.,0.0871557427476582,-0.996194698091746));
#9505=DIRECTION('center_axis',(0.,-0.0871557427476582,0.996194698091746));
#9506=DIRECTION('ref_axis',(1.,0.,0.));
#9507=DIRECTION('center_axis',(0.,-0.0871557427476582,0.996194698091746));
#9508=DIRECTION('ref_axis',(1.,0.,0.));
#9509=DIRECTION('',(0.,0.0871557427476582,-0.996194698091746));
#9510=DIRECTION('center_axis',(0.,-0.0871557427476582,0.996194698091746));
#9511=DIRECTION('ref_axis',(1.,0.,0.));
#9512=DIRECTION('center_axis',(0.,0.996194698091746,0.0871557427476582));
#9513=DIRECTION('ref_axis',(-1.,0.,0.));
#9514=DIRECTION('center_axis',(0.,-0.996194698091746,-0.0871557427476582));
#9515=DIRECTION('ref_axis',(1.,0.,0.));
#9516=DIRECTION('center_axis',(0.,-0.0871557427476582,0.996194698091746));
#9517=DIRECTION('ref_axis',(1.,0.,0.));
#9518=DIRECTION('',(0.,0.0871557427476582,-0.996194698091746));
#9519=DIRECTION('center_axis',(0.,-0.0871557427476582,0.996194698091746));
#9520=DIRECTION('ref_axis',(1.,0.,0.));
#9521=DIRECTION('center_axis',(0.,-0.0871557427476582,0.996194698091746));
#9522=DIRECTION('ref_axis',(1.,0.,0.));
#9523=DIRECTION('center_axis',(0.,-0.0871557427476582,0.996194698091746));
#9524=DIRECTION('ref_axis',(1.,0.,0.));
#9525=DIRECTION('center_axis',(0.,-0.0871557427476582,0.996194698091746));
#9526=DIRECTION('ref_axis',(1.,0.,0.));
#9527=DIRECTION('center_axis',(0.,-0.0871557427476582,0.996194698091746));
#9528=DIRECTION('ref_axis',(1.,0.,0.));
#9529=DIRECTION('center_axis',(-1.,0.,0.));
#9530=DIRECTION('ref_axis',(0.,0.996194698091746,0.0871557427476582));
#9531=DIRECTION('center_axis',(0.,0.0871557427476582,-0.996194698091746));
#9532=DIRECTION('ref_axis',(-1.,0.,0.));
#9533=DIRECTION('',(1.,0.,0.));
#9534=DIRECTION('',(0.,-0.996194698091746,-0.0871557427476582));
#9535=DIRECTION('',(-1.,0.,0.));
#9536=DIRECTION('',(0.,0.996194698091746,0.0871557427476582));
#9537=DIRECTION('center_axis',(0.,0.996194698091746,0.0871557427476582));
#9538=DIRECTION('ref_axis',(1.,0.,0.));
#9539=DIRECTION('',(0.,0.0871557427476582,-0.996194698091746));
#9540=DIRECTION('',(-1.,0.,0.));
#9541=DIRECTION('',(0.,0.0871557427476582,-0.996194698091746));
#9542=DIRECTION('center_axis',(-1.,0.,0.));
#9543=DIRECTION('ref_axis',(0.,0.996194698091746,0.0871557427476582));
#9544=DIRECTION('',(0.,0.0871557427476582,-0.996194698091746));
#9545=DIRECTION('',(0.,-0.996194698091746,-0.0871557427476584));
#9546=DIRECTION('center_axis',(0.,-0.996194698091746,-0.0871557427476582));
#9547=DIRECTION('ref_axis',(-1.,0.,0.));
#9548=DIRECTION('',(0.,0.0871557427476582,-0.996194698091746));
#9549=DIRECTION('',(1.,0.,0.));
#9550=DIRECTION('center_axis',(1.,0.,0.));
#9551=DIRECTION('ref_axis',(0.,-0.996194698091746,-0.0871557427476582));
#9552=DIRECTION('',(0.,0.996194698091746,0.0871557427476584));
#9553=DIRECTION('center_axis',(-1.,0.,0.));
#9554=DIRECTION('ref_axis',(0.,0.642787609686538,0.766044443118979));
#9555=DIRECTION('center_axis',(-1.,0.,0.));
#9556=DIRECTION('ref_axis',(0.,-0.0871557427476584,0.996194698091745));
#9557=DIRECTION('',(-1.,0.,0.));
#9558=DIRECTION('center_axis',(1.,0.,0.));
#9559=DIRECTION('ref_axis',(0.,0.996194698091745,0.0871557427476587));
#9560=DIRECTION('',(1.,0.,0.));
#9561=DIRECTION('center_axis',(1.,0.,0.));
#9562=DIRECTION('ref_axis',(0.,0.642787609686538,0.766044443118979));
#9563=DIRECTION('center_axis',(-1.,0.,0.));
#9564=DIRECTION('ref_axis',(0.,-0.0871557427476585,0.996194698091745));
#9565=DIRECTION('',(-1.,0.,0.));
#9566=DIRECTION('center_axis',(0.,0.996194698091746,0.0871557427476584));
#9567=DIRECTION('ref_axis',(0.707106781186544,-0.0616284167162189,0.704416026402762));
#9568=DIRECTION('center_axis',(0.,0.996194698091746,0.0871557427476571));
#9569=DIRECTION('ref_axis',(0.,-0.087155742747657,0.996194698091746));
#9570=DIRECTION('',(0.,0.996194698091746,0.0871557427476584));
#9571=DIRECTION('center_axis',(0.,-0.996194698091746,-0.087155742747654));
#9572=DIRECTION('ref_axis',(1.,0.,0.));
#9573=DIRECTION('',(0.,-0.996194698091746,-0.0871557427476584));
#9574=DIRECTION('center_axis',(0.,-0.996194698091746,-0.0871557427476584));
#9575=DIRECTION('ref_axis',(0.707106781186544,-0.0616284167162189,0.704416026402762));
#9576=DIRECTION('',(0.,0.996194698091746,0.0871557427476584));
#9577=DIRECTION('center_axis',(-6.02767396753413E-15,-0.996194698091746,
-0.0871557427476571));
#9578=DIRECTION('ref_axis',(1.,-5.92118946466749E-15,-1.48029736616687E-15));
#9579=DIRECTION('center_axis',(0.,-0.0871557427476584,0.996194698091746));
#9580=DIRECTION('ref_axis',(0.707106781186548,0.704416026402758,0.0616284167162195));
#9581=DIRECTION('center_axis',(0.,-0.996194698091746,-0.0871557427476584));
#9582=DIRECTION('ref_axis',(0.707106781186544,-0.0616284167162189,0.704416026402762));
#9583=DIRECTION('center_axis',(0.,0.996194698091746,0.0871557427476571));
#9584=DIRECTION('ref_axis',(0.,-0.087155742747657,0.996194698091746));
#9585=DIRECTION('',(0.,0.996194698091746,0.0871557427476584));
#9586=DIRECTION('center_axis',(1.,0.,0.));
#9587=DIRECTION('ref_axis',(0.,-0.766044443118977,0.64278760968654));
#9588=DIRECTION('center_axis',(1.,0.,0.));
#9589=DIRECTION('ref_axis',(0.,-0.087155742747657,0.996194698091746));
#9590=DIRECTION('',(1.,0.,0.));
#9591=DIRECTION('center_axis',(-1.,0.,0.));
#9592=DIRECTION('ref_axis',(0.,-0.996194698091745,-0.0871557427476585));
#9593=DIRECTION('',(-1.,0.,0.));
#9594=DIRECTION('center_axis',(-1.,0.,0.));
#9595=DIRECTION('ref_axis',(0.,-0.766044443118977,0.64278760968654));
#9596=DIRECTION('',(1.,0.,0.));
#9597=DIRECTION('center_axis',(-1.,0.,0.));
#9598=DIRECTION('ref_axis',(0.,-0.996194698091745,-0.0871557427476585));
#9599=DIRECTION('center_axis',(0.,-0.0871557427476584,0.996194698091746));
#9600=DIRECTION('ref_axis',(0.707106781186549,-0.704416026402757,-0.0616284167162196));
#9601=DIRECTION('center_axis',(-1.,0.,0.));
#9602=DIRECTION('ref_axis',(0.,-0.766044443118977,0.64278760968654));
#9603=DIRECTION('center_axis',(1.,0.,0.));
#9604=DIRECTION('ref_axis',(0.,-0.087155742747657,0.996194698091746));
#9605=DIRECTION('',(1.,0.,0.));
#9606=DIRECTION('center_axis',(0.,-0.996194698091746,-0.0871557427476584));
#9607=DIRECTION('ref_axis',(-0.707106781186548,-0.0616284167162185,0.704416026402758));
#9608=DIRECTION('center_axis',(0.,-0.996194698091746,-0.0871557427476569));
#9609=DIRECTION('ref_axis',(0.,-0.0871557427476569,0.996194698091746));
#9610=DIRECTION('',(0.,-0.996194698091746,-0.0871557427476584));
#9611=DIRECTION('center_axis',(0.,0.996194698091746,0.0871557427476571));
#9612=DIRECTION('ref_axis',(-1.,0.,0.));
#9613=DIRECTION('',(0.,0.996194698091746,0.0871557427476584));
#9614=DIRECTION('center_axis',(0.,0.996194698091746,0.0871557427476584));
#9615=DIRECTION('ref_axis',(-0.707106781186544,-0.0616284167162189,0.704416026402762));
#9616=DIRECTION('',(0.,-0.996194698091746,-0.0871557427476584));
#9617=DIRECTION('center_axis',(6.02767396753416E-15,0.996194698091746,0.0871557427476571));
#9618=DIRECTION('ref_axis',(-1.,5.92118946466752E-15,1.48029736616688E-15));
#9619=DIRECTION('center_axis',(0.,-0.0871557427476584,0.996194698091746));
#9620=DIRECTION('ref_axis',(-0.707106781186546,-0.70441602640276,-0.0616284167162194));
#9621=DIRECTION('center_axis',(0.,0.996194698091746,0.0871557427476584));
#9622=DIRECTION('ref_axis',(-0.707106781186544,-0.0616284167162189,0.704416026402762));
#9623=DIRECTION('center_axis',(-2.94932877554924E-15,-0.996194698091746,
-0.0871557427476571));
#9624=DIRECTION('ref_axis',(0.,-0.087155742747657,0.996194698091746));
#9625=DIRECTION('',(0.,-0.996194698091746,-0.0871557427476584));
#9626=DIRECTION('center_axis',(1.,0.,0.));
#9627=DIRECTION('ref_axis',(0.,0.642787609686538,0.766044443118979));
#9628=DIRECTION('',(-1.,0.,0.));
#9629=DIRECTION('center_axis',(1.,0.,0.));
#9630=DIRECTION('ref_axis',(0.,0.996194698091745,0.0871557427476587));
#9631=DIRECTION('center_axis',(0.,-0.0871557427476584,0.996194698091746));
#9632=DIRECTION('ref_axis',(-0.707106781186548,0.704416026402758,0.0616284167162195));
#9633=DIRECTION('center_axis',(0.,-0.0871557427476584,0.996194698091746));
#9634=DIRECTION('ref_axis',(-1.,0.,0.));
#9635=DIRECTION('',(0.,0.0871557427476584,-0.996194698091745));
#9636=DIRECTION('center_axis',(0.,0.0871557427476584,-0.996194698091746));
#9637=DIRECTION('ref_axis',(-1.,0.,0.));
#9638=DIRECTION('center_axis',(0.,0.0871557427476584,-0.996194698091746));
#9639=DIRECTION('ref_axis',(-1.,0.,0.));
#9640=DIRECTION('center_axis',(0.,-0.0871557427476584,0.996194698091746));
#9641=DIRECTION('ref_axis',(-1.,0.,0.));
#9642=DIRECTION('center_axis',(0.,0.0871557427476584,-0.996194698091746));
#9643=DIRECTION('ref_axis',(-1.,0.,0.));
#9644=DIRECTION('',(0.,0.0871557427476584,-0.996194698091745));
#9645=DIRECTION('center_axis',(0.,0.0871557427476584,-0.996194698091746));
#9646=DIRECTION('ref_axis',(-1.,0.,0.));
#9647=DIRECTION('center_axis',(0.,0.0871557427476584,-0.996194698091746));
#9648=DIRECTION('ref_axis',(-1.,0.,0.));
#9649=DIRECTION('center_axis',(0.,-0.0871557427476584,0.996194698091746));
#9650=DIRECTION('ref_axis',(-1.,0.,0.));
#9651=DIRECTION('center_axis',(0.,-0.0871557427476584,0.996194698091746));
#9652=DIRECTION('ref_axis',(1.,0.,0.));
#9653=DIRECTION('center_axis',(0.,0.0871557427476584,-0.996194698091746));
#9654=DIRECTION('ref_axis',(-1.,0.,0.));
#9655=DIRECTION('',(0.,-0.996194698091746,-0.0871557427476584));
#9656=DIRECTION('',(1.,0.,0.));
#9657=DIRECTION('',(0.,0.996194698091746,0.0871557427476584));
#9658=DIRECTION('',(-1.,0.,0.));
#9659=DIRECTION('',(0.,0.996194698091746,0.0871557427476584));
#9660=DIRECTION('',(-1.,0.,0.));
#9661=DIRECTION('',(0.,-0.996194698091746,-0.0871557427476584));
#9662=DIRECTION('',(1.,0.,0.));
#9663=DIRECTION('center_axis',(0.,0.0871557427476584,-0.996194698091746));
#9664=DIRECTION('ref_axis',(-1.,0.,0.));
#9665=DIRECTION('center_axis',(0.,-0.0871557427476584,0.996194698091746));
#9666=DIRECTION('ref_axis',(1.,0.,0.));
#9667=DIRECTION('',(0.,-0.0871557427476584,0.996194698091745));
#9668=DIRECTION('center_axis',(0.,0.0871557427476584,-0.996194698091746));
#9669=DIRECTION('ref_axis',(1.,0.,0.));
#9670=DIRECTION('center_axis',(0.,-0.0871557427476584,0.996194698091746));
#9671=DIRECTION('ref_axis',(-1.,0.,0.));
#9672=DIRECTION('center_axis',(0.,0.0871557427476584,-0.996194698091746));
#9673=DIRECTION('ref_axis',(-1.,0.,0.));
#9674=DIRECTION('',(0.,0.0871557427476584,-0.996194698091745));
#9675=DIRECTION('center_axis',(0.,0.996194698091746,0.0871557427476584));
#9676=DIRECTION('ref_axis',(-1.,0.,0.));
#9677=DIRECTION('',(0.,-0.0871557427476584,0.996194698091746));
#9678=DIRECTION('',(-1.,0.,0.));
#9679=DIRECTION('',(0.,-0.0871557427476584,0.996194698091746));
#9680=DIRECTION('center_axis',(-1.,0.,0.));
#9681=DIRECTION('ref_axis',(0.,-0.996194698091746,-0.0871557427476584));
#9682=DIRECTION('',(0.,-0.996194698091746,-0.0871557427476584));
#9683=DIRECTION('',(0.,-0.0871557427476584,0.996194698091746));
#9684=DIRECTION('center_axis',(0.,-0.996194698091746,-0.0871557427476584));
#9685=DIRECTION('ref_axis',(1.,0.,0.));
#9686=DIRECTION('',(1.,0.,0.));
#9687=DIRECTION('',(0.,-0.0871557427476584,0.996194698091746));
#9688=DIRECTION('center_axis',(1.,0.,0.));
#9689=DIRECTION('ref_axis',(0.,0.996194698091746,0.0871557427476584));
#9690=DIRECTION('',(0.,0.996194698091746,0.0871557427476584));
#9691=DIRECTION('center_axis',(0.,-0.996194698091746,-0.0871557427476584));
#9692=DIRECTION('ref_axis',(1.,0.,0.));
#9693=DIRECTION('',(0.,-0.0871557427476584,0.996194698091746));
#9694=DIRECTION('',(1.,0.,0.));
#9695=DIRECTION('',(0.,-0.0871557427476584,0.996194698091746));
#9696=DIRECTION('center_axis',(1.,0.,0.));
#9697=DIRECTION('ref_axis',(0.,0.996194698091746,0.0871557427476584));
#9698=DIRECTION('',(0.,0.996194698091746,0.0871557427476584));
#9699=DIRECTION('',(0.,-0.0871557427476584,0.996194698091746));
#9700=DIRECTION('center_axis',(0.,0.996194698091746,0.0871557427476584));
#9701=DIRECTION('ref_axis',(-1.,0.,0.));
#9702=DIRECTION('',(-1.,0.,0.));
#9703=DIRECTION('',(0.,-0.0871557427476584,0.996194698091746));
#9704=DIRECTION('center_axis',(-1.,0.,0.));
#9705=DIRECTION('ref_axis',(0.,-0.996194698091746,-0.0871557427476584));
#9706=DIRECTION('',(0.,-0.996194698091746,-0.0871557427476584));
#9707=DIRECTION('center_axis',(0.,-0.0871557427476584,0.996194698091746));
#9708=DIRECTION('ref_axis',(-1.,0.,0.));
#9709=DIRECTION('center_axis',(0.,0.0871557427476584,-0.996194698091746));
#9710=DIRECTION('ref_axis',(-1.,0.,0.));
#9711=DIRECTION('',(0.,0.0871557427476584,-0.996194698091745));
#9712=DIRECTION('center_axis',(0.,0.0871557427476584,-0.996194698091746));
#9713=DIRECTION('ref_axis',(-1.,0.,0.));
#9714=DIRECTION('center_axis',(0.,-0.0871557427476584,0.996194698091746));
#9715=DIRECTION('ref_axis',(-1.,0.,0.));
#9716=DIRECTION('center_axis',(0.,-0.0871557427476584,0.996194698091746));
#9717=DIRECTION('ref_axis',(-1.,0.,0.));
#9718=DIRECTION('center_axis',(0.,-0.0871557427476586,0.996194698091746));
#9719=DIRECTION('ref_axis',(-1.,0.,0.));
#9720=DIRECTION('',(-0.707106781186546,0.0616284167162196,-0.70441602640276));
#9721=DIRECTION('center_axis',(0.,0.0871557427476584,-0.996194698091746));
#9722=DIRECTION('ref_axis',(-1.,0.,0.));
#9723=DIRECTION('center_axis',(0.,0.0871557427476586,-0.996194698091746));
#9724=DIRECTION('ref_axis',(1.,0.,0.));
#9725=DIRECTION('center_axis',(0.,-0.0871557427476586,0.996194698091746));
#9726=DIRECTION('ref_axis',(1.,0.,0.));
#9727=DIRECTION('center_axis',(0.,-0.0871557427476584,0.996194698091746));
#9728=DIRECTION('ref_axis',(-1.,0.,0.));
#9729=DIRECTION('center_axis',(0.,0.0871557427476586,-0.996194698091746));
#9730=DIRECTION('ref_axis',(1.,0.,0.));
#9731=DIRECTION('center_axis',(0.,-0.0871557427476586,0.996194698091746));
#9732=DIRECTION('ref_axis',(1.,0.,0.));
#9733=DIRECTION('',(-1.,-3.06503238770996E-14,-2.68155587264417E-15));
#9734=DIRECTION('center_axis',(0.,0.0871557427476586,-0.996194698091746));
#9735=DIRECTION('ref_axis',(1.,0.,0.));
#9736=DIRECTION('center_axis',(-3.07674031349611E-14,0.996194698091746,
0.0871557427476586));
#9737=DIRECTION('ref_axis',(1.,3.06503238770996E-14,2.68155587264417E-15));
#9738=DIRECTION('',(0.,0.0871557427476586,-0.996194698091746));
#9739=DIRECTION('',(1.,3.06503238770996E-14,2.68155587264417E-15));
#9740=DIRECTION('',(0.,0.0871557427476586,-0.996194698091746));
#9741=DIRECTION('center_axis',(0.,0.0871557427476586,-0.996194698091746));
#9742=DIRECTION('ref_axis',(1.,0.,0.));
#9743=DIRECTION('center_axis',(0.,-0.0871557427476586,0.996194698091746));
#9744=DIRECTION('ref_axis',(1.,0.,0.));
#9745=DIRECTION('center_axis',(0.,0.0871557427476586,-0.996194698091746));
#9746=DIRECTION('ref_axis',(-1.52827301547742E-14,0.996194698091745,0.0871557427476586));
#9747=DIRECTION('center_axis',(0.,0.0871557427476586,-0.996194698091746));
#9748=DIRECTION('ref_axis',(1.,0.,0.));
#9749=DIRECTION('',(0.,-0.0871557427476586,0.996194698091745));
#9750=CARTESIAN_POINT('',(0.,0.,0.));
#9751=CARTESIAN_POINT('Origin',(136.000000834465,-43.2507102153473,33.8747158300365));
#9752=CARTESIAN_POINT('',(136.000000834465,-42.9950583230348,30.9526013296045));
#9753=CARTESIAN_POINT('',(154.000000834465,-42.9950583230348,30.9526013296045));
#9754=CARTESIAN_POINT('',(140.500003860798,-42.9950583230347,30.9526013296045));
#9755=CARTESIAN_POINT('',(136.000000834465,-42.7335910947918,27.9640172353293));
#9756=CARTESIAN_POINT('',(136.000000834465,-43.2507102153473,33.8747158300365));
#9757=CARTESIAN_POINT('',(154.000000834465,-42.7335910947918,27.9640172353293));
#9758=CARTESIAN_POINT('',(140.500003860798,-42.7335910947918,27.9640172353293));
#9759=CARTESIAN_POINT('',(154.000000834465,-43.2507102153473,33.8747158300365));
#9760=CARTESIAN_POINT('Origin',(154.000000834465,-43.2507102153473,33.8747158300365));
#9761=CARTESIAN_POINT('',(154.000000834465,-66.9037310772367,28.8608635036607));
#9762=CARTESIAN_POINT('',(154.000000834465,-69.0191120464296,28.6757916498178));
#9763=CARTESIAN_POINT('',(154.000000834465,-66.6422638489937,25.8722794093855));
#9764=CARTESIAN_POINT('',(154.000000834465,-68.7576448181867,25.6872075555426));
#9765=CARTESIAN_POINT('',(154.000000834465,-67.1593829695492,31.7829780040927));
#9766=CARTESIAN_POINT('Origin',(154.000000834465,-67.1593829695492,31.7829780040927));
#9767=CARTESIAN_POINT('',(136.000000834465,-66.9037310772367,28.8608635036607));
#9768=CARTESIAN_POINT('',(149.500003860798,-66.9037310772367,28.8608635036607));
#9769=CARTESIAN_POINT('',(136.000000834465,-66.6422638489937,25.8722794093855));
#9770=CARTESIAN_POINT('',(149.500003860798,-66.6422638489937,25.8722794093855));
#9771=CARTESIAN_POINT('',(136.000000834465,-67.1593829695492,31.7829780040927));
#9772=CARTESIAN_POINT('Origin',(136.000000834465,-67.1593829695492,31.7829780040927));
#9773=CARTESIAN_POINT('',(136.000000834465,-80.9734484235306,27.6299227368459));
#9774=CARTESIAN_POINT('',(136.000000834465,-80.7119811952876,24.6413386425707));
#9775=CARTESIAN_POINT('Origin',(179.975008358364,-148.551309735736,18.7061664540708));
#9776=CARTESIAN_POINT('',(184.975008358364,-148.812776963979,21.694750548346));
#9777=CARTESIAN_POINT('',(179.975008358364,-153.793750454438,21.2589718346077));
#9778=CARTESIAN_POINT('Origin',(179.975008358364,-148.812776963979,21.694750548346));
#9779=CARTESIAN_POINT('',(179.975008358364,-153.532283226195,18.2703877403325));
#9780=CARTESIAN_POINT('',(179.975008358364,-153.532283226195,18.2703877403325));
#9781=CARTESIAN_POINT('',(184.975008358364,-148.551309735736,18.7061664540708));
#9782=CARTESIAN_POINT('Origin',(179.975008358364,-148.551309735736,18.7061664540708));
#9783=CARTESIAN_POINT('',(184.975008358364,-148.551309735736,18.7061664540708));
#9784=CARTESIAN_POINT('Origin',(105.025005415897,-153.532283226195,18.2703877403325));
#9785=CARTESIAN_POINT('',(110.025005415897,-153.793750454438,21.2589718346077));
#9786=CARTESIAN_POINT('',(105.025005415897,-153.793750454438,21.2589718346077));
#9787=CARTESIAN_POINT('',(110.025005415897,-153.532283226195,18.2703877403325));
#9788=CARTESIAN_POINT('',(110.025005415897,-153.532283226195,18.2703877403325));
#9789=CARTESIAN_POINT('',(105.025005415897,-153.532283226195,18.2703877403325));
#9790=CARTESIAN_POINT('Origin',(145.00000688713,-95.0431657698245,26.3989819700312));
#9791=CARTESIAN_POINT('',(184.975008358364,-41.27355457567,31.1032133917163));
#9792=CARTESIAN_POINT('',(184.975008358364,-153.793750454438,21.2589718346077));
#9793=CARTESIAN_POINT('',(179.975008358364,-36.2925810852113,31.5389921054546));
#9794=CARTESIAN_POINT('Origin',(179.975008358364,-41.27355457567,31.1032133917163));
#9795=CARTESIAN_POINT('',(110.025005415897,-36.2925810852113,31.5389921054546));
#9796=CARTESIAN_POINT('',(184.975008358364,-36.2925810852113,31.5389921054546));
#9797=CARTESIAN_POINT('',(105.025005415897,-41.27355457567,31.1032133917163));
#9798=CARTESIAN_POINT('Origin',(110.025005415897,-41.27355457567,31.1032133917163));
#9799=CARTESIAN_POINT('',(105.025005415897,-148.812776963979,21.694750548346));
#9800=CARTESIAN_POINT('',(105.025005415897,-36.2925810852113,31.5389921054546));
#9801=CARTESIAN_POINT('Origin',(110.025005415897,-148.812776963979,21.694750548346));
#9802=CARTESIAN_POINT('',(179.375008358364,-40.2773598775782,31.190369134464));
#9803=CARTESIAN_POINT('Origin',(180.975008358364,-40.2773598775782,31.190369134464));
#9804=CARTESIAN_POINT('',(179.375008358364,-149.808971662071,21.6075948055984));
#9805=CARTESIAN_POINT('Origin',(180.975008358364,-149.808971662071,21.6075948055984));
#9806=CARTESIAN_POINT('',(107.425005415897,-40.2773598775782,31.190369134464));
#9807=CARTESIAN_POINT('Origin',(109.025005415897,-40.2773598775782,31.190369134464));
#9808=CARTESIAN_POINT('',(107.425005415897,-149.808971662071,21.6075948055984));
#9809=CARTESIAN_POINT('Origin',(109.025005415897,-149.808971662071,21.6075948055984));
#9810=CARTESIAN_POINT('',(131.89,-51.6190343967471,30.1981011886359));
#9811=CARTESIAN_POINT('',(131.89,-63.0553495308404,29.1975532618928));
#9812=CARTESIAN_POINT('',(131.89,-79.0492576503324,27.798267615962));
#9813=CARTESIAN_POINT('',(120.01,-63.0553495308404,29.1975532618928));
#9814=CARTESIAN_POINT('',(132.505003443565,-63.0553495308404,29.1975532618928));
#9815=CARTESIAN_POINT('',(120.01,-52.6781836187848,30.1054376387253));
#9816=CARTESIAN_POINT('',(120.01,-73.8606746943046,28.2522098043782));
#9817=CARTESIAN_POINT('',(120.976541,-51.6190343967471,30.1981011886359));
#9818=CARTESIAN_POINT('',(115.56352357521,-57.5506950240176,29.6791481278666));
#9819=CARTESIAN_POINT('',(138.445003443565,-51.6190343967471,30.1981011886359));
#9820=CARTESIAN_POINT('',(171.,-107.346165807999,25.3226089393319));
#9821=CARTESIAN_POINT('',(171.,-121.193272111475,24.1111441151394));
#9822=CARTESIAN_POINT('',(171.,-108.11821894065,25.2550630425853));
#9823=CARTESIAN_POINT('',(157.1,-121.193272111475,24.1111441151394));
#9824=CARTESIAN_POINT('',(151.050003443565,-121.193272111475,24.1111441151394));
#9825=CARTESIAN_POINT('',(157.1,-107.346165807999,25.3226089393319));
#9826=CARTESIAN_POINT('',(157.1,-101.194665788912,25.8607954546815));
#9827=CARTESIAN_POINT('',(158.000003443565,-107.346165807999,25.3226089393319));
#9828=CARTESIAN_POINT('',(151.95,-88.3686568093516,26.9829258386748));
#9829=CARTESIAN_POINT('',(151.95,-102.215763112827,25.7714610144823));
#9830=CARTESIAN_POINT('',(151.95,-98.6294644413257,26.0852214922567));
#9831=CARTESIAN_POINT('',(138.05,-102.215763112827,25.7714610144823));
#9832=CARTESIAN_POINT('',(141.525003443565,-102.215763112827,25.7714610144823));
#9833=CARTESIAN_POINT('',(138.05,-88.3686568093516,26.9829258386748));
#9834=CARTESIAN_POINT('',(138.05,-91.7059112895881,26.690953904353));
#9835=CARTESIAN_POINT('',(148.475003443565,-88.3686568093516,26.9829258386748));
#9836=CARTESIAN_POINT('',(151.95,-69.3911478107039,28.6432427380176));
#9837=CARTESIAN_POINT('',(151.95,-83.2382541141792,27.4317779138252));
#9838=CARTESIAN_POINT('',(151.95,-89.1407099420019,26.9153799419282));
#9839=CARTESIAN_POINT('',(138.05,-83.2382541141792,27.4317779138252));
#9840=CARTESIAN_POINT('',(141.525003443565,-83.2382541141791,27.4317779138252));
#9841=CARTESIAN_POINT('',(138.05,-69.3911478107039,28.6432427380176));
#9842=CARTESIAN_POINT('',(138.05,-82.2171567902642,27.5211123540244));
#9843=CARTESIAN_POINT('',(148.475003443565,-69.3911478107039,28.6432427380176));
#9844=CARTESIAN_POINT('',(132.9,-69.3911478107039,28.6432427380176));
#9845=CARTESIAN_POINT('',(132.9,-83.2382541141792,27.4317779138252));
#9846=CARTESIAN_POINT('',(132.9,-89.1407099420019,26.9153799419282));
#9847=CARTESIAN_POINT('',(119.,-83.2382541141792,27.4317779138252));
#9848=CARTESIAN_POINT('',(132.000003443565,-83.2382541141791,27.4317779138252));
#9849=CARTESIAN_POINT('',(119.,-69.3911478107039,28.6432427380176));
#9850=CARTESIAN_POINT('',(119.,-82.2171567902642,27.5211123540244));
#9851=CARTESIAN_POINT('',(138.950003443565,-69.3911478107039,28.6432427380176));
#9852=CARTESIAN_POINT('',(132.9,-88.3686568093516,26.9829258386748));
#9853=CARTESIAN_POINT('',(132.9,-102.215763112827,25.7714610144823));
#9854=CARTESIAN_POINT('',(132.9,-98.6294644413257,26.0852214922567));
#9855=CARTESIAN_POINT('',(119.,-102.215763112827,25.7714610144823));
#9856=CARTESIAN_POINT('',(132.000003443565,-102.215763112827,25.7714610144823));
#9857=CARTESIAN_POINT('',(119.,-88.3686568093516,26.9829258386748));
#9858=CARTESIAN_POINT('',(119.,-91.7059112895881,26.690953904353));
#9859=CARTESIAN_POINT('',(138.950003443565,-88.3686568093516,26.9829258386748));
#9860=CARTESIAN_POINT('',(171.,-126.323674806647,23.662292039989));
#9861=CARTESIAN_POINT('',(171.,-140.170781110122,22.4508272157965));
#9862=CARTESIAN_POINT('',(171.,-117.606973439974,24.4249045929138));
#9863=CARTESIAN_POINT('',(157.1,-140.170781110122,22.4508272157965));
#9864=CARTESIAN_POINT('',(151.050003443565,-140.170781110122,22.4508272157965));
#9865=CARTESIAN_POINT('',(157.1,-126.323674806647,23.662292039989));
#9866=CARTESIAN_POINT('',(157.1,-110.683420288236,25.0306370050101));
#9867=CARTESIAN_POINT('',(158.000003443565,-126.323674806647,23.662292039989));
#9868=CARTESIAN_POINT('',(132.9,-126.323674806647,23.662292039989));
#9869=CARTESIAN_POINT('',(132.9,-140.170781110122,22.4508272157965));
#9870=CARTESIAN_POINT('',(132.9,-117.606973439974,24.4249045929138));
#9871=CARTESIAN_POINT('',(119.,-140.170781110122,22.4508272157965));
#9872=CARTESIAN_POINT('',(132.000003443565,-140.170781110122,22.4508272157965));
#9873=CARTESIAN_POINT('',(119.,-126.323674806647,23.662292039989));
#9874=CARTESIAN_POINT('',(119.,-110.683420288236,25.0306370050101));
#9875=CARTESIAN_POINT('',(138.950003443565,-126.323674806647,23.662292039989));
#9876=CARTESIAN_POINT('',(151.95,-107.346165807999,25.3226089393319));
#9877=CARTESIAN_POINT('',(151.95,-121.193272111475,24.1111441151394));
#9878=CARTESIAN_POINT('',(151.95,-108.11821894065,25.2550630425853));
#9879=CARTESIAN_POINT('',(138.05,-121.193272111475,24.1111441151394));
#9880=CARTESIAN_POINT('',(141.525003443565,-121.193272111475,24.1111441151394));
#9881=CARTESIAN_POINT('',(138.05,-107.346165807999,25.3226089393319));
#9882=CARTESIAN_POINT('',(138.05,-101.194665788912,25.8607954546815));
#9883=CARTESIAN_POINT('',(148.475003443565,-107.346165807999,25.3226089393319));
#9884=CARTESIAN_POINT('',(171.,-88.3686568093516,26.9829258386748));
#9885=CARTESIAN_POINT('',(171.,-102.215763112827,25.7714610144823));
#9886=CARTESIAN_POINT('',(171.,-98.6294644413257,26.0852214922567));
#9887=CARTESIAN_POINT('',(157.1,-102.215763112827,25.7714610144823));
#9888=CARTESIAN_POINT('',(151.050003443565,-102.215763112827,25.7714610144823));
#9889=CARTESIAN_POINT('',(157.1,-88.3686568093516,26.9829258386748));
#9890=CARTESIAN_POINT('',(157.1,-91.7059112895881,26.690953904353));
#9891=CARTESIAN_POINT('',(158.000003443565,-88.3686568093516,26.9829258386748));
#9892=CARTESIAN_POINT('',(171.,-50.4136388120561,30.3035596373605));
#9893=CARTESIAN_POINT('',(171.,-64.2607451155314,29.0920948131681));
#9894=CARTESIAN_POINT('',(171.,-79.6519554426779,27.7455383915996));
#9895=CARTESIAN_POINT('',(157.1,-64.2607451155314,29.0920948131681));
#9896=CARTESIAN_POINT('',(151.050003443565,-64.2607451155314,29.0920948131681));
#9897=CARTESIAN_POINT('',(157.1,-50.4136388120561,30.3035596373605));
#9898=CARTESIAN_POINT('',(157.1,-72.7284022909403,28.3512708036958));
#9899=CARTESIAN_POINT('',(158.000003443565,-50.4136388120561,30.3035596373605));
#9900=CARTESIAN_POINT('',(171.,-69.3911478107039,28.6432427380176));
#9901=CARTESIAN_POINT('',(171.,-83.2382541141792,27.4317779138252));
#9902=CARTESIAN_POINT('',(171.,-89.1407099420019,26.9153799419282));
#9903=CARTESIAN_POINT('',(157.1,-83.2382541141792,27.4317779138252));
#9904=CARTESIAN_POINT('',(151.050003443565,-83.2382541141791,27.4317779138252));
#9905=CARTESIAN_POINT('',(157.1,-69.3911478107039,28.6432427380176));
#9906=CARTESIAN_POINT('',(157.1,-82.2171567902642,27.5211123540244));
#9907=CARTESIAN_POINT('',(158.000003443565,-69.3911478107039,28.6432427380176));
#9908=CARTESIAN_POINT('',(132.9,-107.346165807999,25.3226089393319));
#9909=CARTESIAN_POINT('',(132.9,-121.193272111475,24.1111441151394));
#9910=CARTESIAN_POINT('',(132.9,-108.11821894065,25.2550630425853));
#9911=CARTESIAN_POINT('',(119.,-121.193272111475,24.1111441151394));
#9912=CARTESIAN_POINT('',(132.000003443565,-121.193272111475,24.1111441151394));
#9913=CARTESIAN_POINT('',(119.,-107.346165807999,25.3226089393319));
#9914=CARTESIAN_POINT('',(119.,-101.194665788912,25.8607954546815));
#9915=CARTESIAN_POINT('',(138.950003443565,-107.346165807999,25.3226089393319));
#9916=CARTESIAN_POINT('',(151.95,-126.323674806647,23.662292039989));
#9917=CARTESIAN_POINT('',(151.95,-140.170781110122,22.4508272157965));
#9918=CARTESIAN_POINT('',(151.95,-117.606973439974,24.4249045929138));
#9919=CARTESIAN_POINT('',(138.05,-140.170781110122,22.4508272157965));
#9920=CARTESIAN_POINT('',(141.525003443565,-140.170781110122,22.4508272157965));
#9921=CARTESIAN_POINT('',(138.05,-126.323674806647,23.662292039989));
#9922=CARTESIAN_POINT('',(138.05,-110.683420288236,25.0306370050101));
#9923=CARTESIAN_POINT('',(148.475003443565,-126.323674806647,23.662292039989));
#9924=CARTESIAN_POINT('Origin',(110.025005415897,-148.551309735736,18.7061664540708));
#9925=CARTESIAN_POINT('',(105.025005415897,-148.551309735736,18.7061664540708));
#9926=CARTESIAN_POINT('',(105.025005415897,-148.551309735736,18.7061664540708));
#9927=CARTESIAN_POINT('Origin',(110.025005415897,-148.551309735736,18.7061664540708));
#9928=CARTESIAN_POINT('Origin',(105.025005415897,-36.0311138569683,28.5504080111794));
#9929=CARTESIAN_POINT('',(105.025005415897,-41.012087347427,28.1146292974411));
#9930=CARTESIAN_POINT('',(105.025005415897,-41.012087347427,28.1146292974411));
#9931=CARTESIAN_POINT('',(105.025005415897,-36.0311138569683,28.5504080111794));
#9932=CARTESIAN_POINT('Origin',(110.025005415897,-41.012087347427,28.1146292974411));
#9933=CARTESIAN_POINT('',(110.025005415897,-36.0311138569683,28.5504080111794));
#9934=CARTESIAN_POINT('',(110.025005415897,-36.0311138569683,28.5504080111794));
#9935=CARTESIAN_POINT('Origin',(110.025005415897,-41.012087347427,28.1146292974411));
#9936=CARTESIAN_POINT('Origin',(184.975008358364,-36.0311138569683,28.5504080111794));
#9937=CARTESIAN_POINT('',(179.975008358364,-36.0311138569683,28.5504080111794));
#9938=CARTESIAN_POINT('',(179.975008358364,-36.0311138569683,28.5504080111794));
#9939=CARTESIAN_POINT('',(184.975008358364,-36.0311138569683,28.5504080111794));
#9940=CARTESIAN_POINT('Origin',(179.975008358364,-41.012087347427,28.1146292974411));
#9941=CARTESIAN_POINT('',(184.975008358364,-41.012087347427,28.1146292974411));
#9942=CARTESIAN_POINT('',(184.975008358364,-41.012087347427,28.1146292974411));
#9943=CARTESIAN_POINT('Origin',(179.975008358364,-41.012087347427,28.1146292974411));
#9944=CARTESIAN_POINT('Origin',(180.975008358364,-40.0158926493353,28.2017850401887));
#9945=CARTESIAN_POINT('',(179.375008358364,-40.0158926493353,28.2017850401887));
#9946=CARTESIAN_POINT('Origin',(180.975008358364,-40.0158926493353,28.2017850401887));
#9947=CARTESIAN_POINT('',(179.375008358364,-40.0158926493353,28.2017850401887));
#9948=CARTESIAN_POINT('Origin',(180.975008358364,-149.547504433828,18.6190107113231));
#9949=CARTESIAN_POINT('',(179.375008358364,-149.547504433828,18.6190107113231));
#9950=CARTESIAN_POINT('Origin',(180.975008358364,-149.547504433828,18.6190107113231));
#9951=CARTESIAN_POINT('',(179.375008358364,-149.547504433828,18.6190107113231));
#9952=CARTESIAN_POINT('Origin',(109.025005415897,-40.0158926493353,28.2017850401887));
#9953=CARTESIAN_POINT('',(107.425005415897,-40.0158926493353,28.2017850401887));
#9954=CARTESIAN_POINT('Origin',(109.025005415897,-40.0158926493353,28.2017850401887));
#9955=CARTESIAN_POINT('',(107.425005415897,-40.0158926493353,28.2017850401887));
#9956=CARTESIAN_POINT('Origin',(109.025005415897,-149.547504433828,18.6190107113231));
#9957=CARTESIAN_POINT('',(107.425005415897,-149.547504433828,18.6190107113231));
#9958=CARTESIAN_POINT('Origin',(109.025005415897,-149.547504433828,18.6190107113231));
#9959=CARTESIAN_POINT('',(107.425005415897,-149.547504433828,18.6190107113231));
#9960=CARTESIAN_POINT('Origin',(152.967799069314,-140.468918775157,19.4132840373058));
#9961=CARTESIAN_POINT('',(152.967799069314,-140.468918775157,19.4132840373058));
#9962=CARTESIAN_POINT('',(153.05,-140.057240502738,19.4493012191624));
#9963=CARTESIAN_POINT('',(157.203813518135,-119.254133301546,21.2693372653813));
#9964=CARTESIAN_POINT('',(152.967799069314,-140.599652389279,20.9075760844434));
#9965=CARTESIAN_POINT('',(152.967799069314,-140.468918775157,19.4132840373058));
#9966=CARTESIAN_POINT('',(153.05,-140.18797411686,20.9435932663001));
#9967=CARTESIAN_POINT('',(153.05,-140.18797411686,20.9435932663001));
#9968=CARTESIAN_POINT('',(153.05,-140.057240502738,19.4493012191624));
#9969=CARTESIAN_POINT('Origin',(152.511742493059,-140.923239918453,19.3735360876673));
#9970=CARTESIAN_POINT('',(152.511742493059,-140.923239918453,19.3735360876673));
#9971=CARTESIAN_POINT('',(162.213257233812,-131.258642370243,20.2190788106761));
#9972=CARTESIAN_POINT('',(152.511742493059,-141.053973532574,20.867828134805));
#9973=CARTESIAN_POINT('',(152.511742493059,-140.923239918453,19.3735360876673));
#9974=CARTESIAN_POINT('',(152.967799069314,-140.599652389279,20.9075760844434));
#9975=CARTESIAN_POINT('Origin',(152.098491676519,-141.00512804978,19.3663718044989));
#9976=CARTESIAN_POINT('',(152.098491676519,-141.00512804978,19.3663718044989));
#9977=CARTESIAN_POINT('',(153.123473994151,-140.802021647384,19.384141312198));
#9978=CARTESIAN_POINT('',(152.098491676519,-141.135861663902,20.8606638516365));
#9979=CARTESIAN_POINT('',(152.098491676519,-141.00512804978,19.3663718044989));
#9980=CARTESIAN_POINT('',(152.511742493059,-141.053973532574,20.867828134805));
#9981=CARTESIAN_POINT('Origin',(137.901508323481,-141.00512804978,19.3663718044989));
#9982=CARTESIAN_POINT('',(137.901508323481,-141.00512804978,19.3663718044989));
#9983=CARTESIAN_POINT('',(141.450757605306,-141.00512804978,19.3663718044989));
#9984=CARTESIAN_POINT('',(137.901508323481,-141.135861663902,20.8606638516365));
#9985=CARTESIAN_POINT('',(137.901508323481,-141.00512804978,19.3663718044989));
#9986=CARTESIAN_POINT('',(152.098491676519,-141.135861663902,20.8606638516365));
#9987=CARTESIAN_POINT('Origin',(137.488257506941,-140.923239918453,19.3735360876673));
#9988=CARTESIAN_POINT('',(137.488257506941,-140.923239918453,19.3735360876673));
#9989=CARTESIAN_POINT('',(136.669907222578,-140.761078894504,19.3877233389286));
#9990=CARTESIAN_POINT('',(137.488257506941,-141.053973532574,20.867828134805));
#9991=CARTESIAN_POINT('',(137.488257506941,-140.923239918453,19.3735360876673));
#9992=CARTESIAN_POINT('',(137.901508323481,-141.135861663902,20.8606638516365));
#9993=CARTESIAN_POINT('Origin',(137.032200930687,-140.468918775158,19.4132840373057));
#9994=CARTESIAN_POINT('',(137.032200930687,-140.468918775158,19.4132840373057));
#9995=CARTESIAN_POINT('',(127.558717921629,-131.031485229072,20.2389524853675));
#9996=CARTESIAN_POINT('',(137.032200930687,-140.59965238928,20.9075760844434));
#9997=CARTESIAN_POINT('',(137.032200930687,-140.468918775158,19.4132840373057));
#9998=CARTESIAN_POINT('',(137.488257506941,-141.053973532574,20.867828134805));
#9999=CARTESIAN_POINT('Origin',(136.95,-140.057240502739,19.4493012191624));
#10000=CARTESIAN_POINT('',(136.95,-140.057240502739,19.4493012191624));
#10001=CARTESIAN_POINT('',(132.755086278615,-119.048295478143,21.2873457414539));
#10002=CARTESIAN_POINT('',(136.95,-140.187974116861,20.9435932663));
#10003=CARTESIAN_POINT('',(136.95,-140.057240502739,19.4493012191624));
#10004=CARTESIAN_POINT('',(137.032200930687,-140.59965238928,20.9075760844434));
#10005=CARTESIAN_POINT('Origin',(136.95,-125.914280957545,20.6866498480726));
#10006=CARTESIAN_POINT('',(136.95,-125.914280957545,20.6866498480726));
#10007=CARTESIAN_POINT('',(136.95,-110.347989749563,22.0485238619143));
#10008=CARTESIAN_POINT('',(136.95,-126.045014571666,22.1809418952103));
#10009=CARTESIAN_POINT('',(136.95,-125.914280957545,20.6866498480726));
#10010=CARTESIAN_POINT('',(136.95,-140.187974116861,20.9435932663));
#10011=CARTESIAN_POINT('Origin',(137.032200930687,-125.502602685125,20.7226670299293));
#10012=CARTESIAN_POINT('',(137.032200930687,-125.502602685125,20.7226670299293));
#10013=CARTESIAN_POINT('',(140.13415986919,-109.967388104828,22.081822191148));
#10014=CARTESIAN_POINT('',(137.032200930687,-125.633336299246,22.2169590770669));
#10015=CARTESIAN_POINT('',(137.032200930687,-125.502602685125,20.7226670299293));
#10016=CARTESIAN_POINT('',(136.95,-126.045014571666,22.1809418952103));
#10017=CARTESIAN_POINT('Origin',(137.48825750694,-125.048281541832,20.7624149795676));
#10018=CARTESIAN_POINT('',(137.48825750694,-125.048281541832,20.7624149795676));
#10019=CARTESIAN_POINT('',(146.961743959566,-115.610844565294,21.588083727755));
#10020=CARTESIAN_POINT('',(137.48825750694,-125.179015155953,22.2567070267052));
#10021=CARTESIAN_POINT('',(137.48825750694,-125.048281541832,20.7624149795676));
#10022=CARTESIAN_POINT('',(137.032200930687,-125.633336299246,22.2169590770669));
#10023=CARTESIAN_POINT('Origin',(137.90150832348,-124.966393410503,20.7695792627361));
#10024=CARTESIAN_POINT('',(137.90150832348,-124.966393410503,20.7695792627361));
#10025=CARTESIAN_POINT('',(144.214505756049,-123.715435052661,20.8790239375904));
#10026=CARTESIAN_POINT('',(137.90150832348,-125.097127024625,22.2638713098738));
#10027=CARTESIAN_POINT('',(137.90150832348,-124.966393410503,20.7695792627361));
#10028=CARTESIAN_POINT('',(137.48825750694,-125.179015155953,22.2567070267052));
#10029=CARTESIAN_POINT('Origin',(152.09849167652,-124.966393410503,20.7695792627361));
#10030=CARTESIAN_POINT('',(152.09849167652,-124.966393410503,20.7695792627361));
#10031=CARTESIAN_POINT('',(148.549249281825,-124.966393410503,20.7695792627361));
#10032=CARTESIAN_POINT('',(152.09849167652,-125.097127024625,22.2638713098738));
#10033=CARTESIAN_POINT('',(152.09849167652,-124.966393410503,20.7695792627361));
#10034=CARTESIAN_POINT('',(137.90150832348,-125.097127024625,22.2638713098738));
#10035=CARTESIAN_POINT('Origin',(152.51174249306,-125.048281541832,20.7624149795676));
#10036=CARTESIAN_POINT('',(152.51174249306,-125.048281541832,20.7624149795676));
#10037=CARTESIAN_POINT('',(145.992126277226,-123.756380431111,20.8754416811522));
#10038=CARTESIAN_POINT('',(152.51174249306,-125.179015155953,22.2567070267052));
#10039=CARTESIAN_POINT('',(152.51174249306,-125.048281541832,20.7624149795676));
#10040=CARTESIAN_POINT('',(152.09849167652,-125.097127024625,22.2638713098738));
#10041=CARTESIAN_POINT('Origin',(152.967799069314,-125.502602685126,20.7226670299292));
#10042=CARTESIAN_POINT('',(152.967799069314,-125.502602685126,20.7226670299292));
#10043=CARTESIAN_POINT('',(143.266287772129,-115.838008567393,21.5682094528102));
#10044=CARTESIAN_POINT('',(152.967799069314,-125.633336299247,22.2169590770668));
#10045=CARTESIAN_POINT('',(152.967799069314,-125.502602685126,20.7226670299292));
#10046=CARTESIAN_POINT('',(152.51174249306,-125.179015155953,22.2567070267052));
#10047=CARTESIAN_POINT('Origin',(153.05,-125.914280957545,20.6866498480726));
#10048=CARTESIAN_POINT('',(153.05,-125.914280957545,20.6866498480726));
#10049=CARTESIAN_POINT('',(149.90694085831,-110.173228553818,22.0638134853662));
#10050=CARTESIAN_POINT('',(153.05,-126.045014571667,22.1809418952102));
#10051=CARTESIAN_POINT('',(153.05,-125.914280957545,20.6866498480726));
#10052=CARTESIAN_POINT('',(152.967799069314,-125.633336299247,22.2169590770668));
#10053=CARTESIAN_POINT('Origin',(153.05,-140.057240502738,19.4493012191624));
#10054=CARTESIAN_POINT('',(153.05,-117.41946952216,21.4298495474592));
#10055=CARTESIAN_POINT('',(153.05,-126.045014571667,22.1809418952102));
#10056=CARTESIAN_POINT('Origin',(145.,-133.116494344263,21.5622675807551));
#10057=CARTESIAN_POINT('',(138.05,-126.192941192526,22.1679999928513));
#10058=CARTESIAN_POINT('',(151.95,-126.192941192526,22.1679999928513));
#10059=CARTESIAN_POINT('',(148.475,-126.192941192526,22.1679999928513));
#10060=CARTESIAN_POINT('',(138.05,-140.040047496001,20.9565351686589));
#10061=CARTESIAN_POINT('',(138.05,-129.654717768394,21.8651337868032));
#10062=CARTESIAN_POINT('',(151.95,-140.040047496001,20.9565351686589));
#10063=CARTESIAN_POINT('',(141.525,-140.040047496001,20.9565351686589));
#10064=CARTESIAN_POINT('',(151.95,-136.578270920132,21.259401374707));
#10065=CARTESIAN_POINT('Origin',(133.917799069314,-102.513900777862,22.7339178359916));
#10066=CARTESIAN_POINT('',(133.917799069314,-102.513900777862,22.7339178359916));
#10067=CARTESIAN_POINT('',(134.,-102.102222505442,22.7699350178482));
#10068=CARTESIAN_POINT('',(134.871270000668,-97.7387326313887,23.1516909152381));
#10069=CARTESIAN_POINT('',(133.917799069314,-102.644634391983,24.2282098831292));
#10070=CARTESIAN_POINT('',(133.917799069314,-102.513900777862,22.7339178359916));
#10071=CARTESIAN_POINT('',(134.,-102.232956119564,24.2642270649859));
#10072=CARTESIAN_POINT('',(134.,-102.232956119564,24.2642270649859));
#10073=CARTESIAN_POINT('',(134.,-102.102222505442,22.7699350178482));
#10074=CARTESIAN_POINT('Origin',(133.461742493059,-102.968221921157,22.6941698863531));
#10075=CARTESIAN_POINT('',(133.461742493059,-102.968221921157,22.6941698863531));
#10076=CARTESIAN_POINT('',(138.400757233806,-98.0480016226222,23.1246333845251));
#10077=CARTESIAN_POINT('',(133.461742493059,-103.098955535279,24.1884619334907));
#10078=CARTESIAN_POINT('',(133.461742493059,-102.968221921157,22.6941698863531));
#10079=CARTESIAN_POINT('',(133.917799069314,-102.644634391983,24.2282098831292));
#10080=CARTESIAN_POINT('Origin',(133.048491676518,-103.050110052485,22.6870056031846));
#10081=CARTESIAN_POINT('',(133.048491676518,-103.050110052485,22.6870056031846));
#10082=CARTESIAN_POINT('',(139.590879079356,-101.753696694314,22.8004270752681));
#10083=CARTESIAN_POINT('',(133.048491676518,-103.180843666606,24.1812976503223));
#10084=CARTESIAN_POINT('',(133.048491676518,-103.050110052485,22.6870056031846));
#10085=CARTESIAN_POINT('',(133.461742493059,-103.098955535279,24.1884619334907));
#10086=CARTESIAN_POINT('Origin',(118.851508323481,-103.050110052485,22.6870056031846));
#10087=CARTESIAN_POINT('',(118.851508323481,-103.050110052485,22.6870056031846));
#10088=CARTESIAN_POINT('',(131.925757605306,-103.050110052485,22.6870056031846));
#10089=CARTESIAN_POINT('',(118.851508323481,-103.180843666606,24.1812976503223));
#10090=CARTESIAN_POINT('',(118.851508323481,-103.050110052485,22.6870056031846));
#10091=CARTESIAN_POINT('',(133.048491676518,-103.180843666606,24.1812976503223));
#10092=CARTESIAN_POINT('Origin',(118.438257506941,-102.968221921157,22.6941698863531));
#10093=CARTESIAN_POINT('',(118.438257506941,-102.968221921157,22.6941698863531));
#10094=CARTESIAN_POINT('',(130.427450740047,-105.343952568714,22.4863203871008));
#10095=CARTESIAN_POINT('',(118.438257506941,-103.098955535279,24.1884619334907));
#10096=CARTESIAN_POINT('',(118.438257506941,-102.968221921157,22.6941698863531));
#10097=CARTESIAN_POINT('',(118.851508323481,-103.180843666606,24.1812976503223));
#10098=CARTESIAN_POINT('Origin',(117.982200930687,-102.513900777863,22.7339178359915));
#10099=CARTESIAN_POINT('',(117.982200930687,-102.513900777863,22.7339178359915));
#10100=CARTESIAN_POINT('',(122.796217921624,-107.309598980761,22.3143486095463));
#10101=CARTESIAN_POINT('',(117.982200930687,-102.644634391984,24.2282098831291));
#10102=CARTESIAN_POINT('',(117.982200930687,-102.513900777863,22.7339178359915));
#10103=CARTESIAN_POINT('',(118.438257506941,-103.098955535279,24.1884619334907));
#10104=CARTESIAN_POINT('Origin',(117.9,-102.102222505443,22.7699350178482));
#10105=CARTESIAN_POINT('',(117.9,-102.102222505443,22.7699350178482));
#10106=CARTESIAN_POINT('',(117.71268119345,-101.164093435274,22.8520106764121));
#10107=CARTESIAN_POINT('',(117.9,-102.232956119565,24.2642270649858));
#10108=CARTESIAN_POINT('',(117.9,-102.102222505443,22.7699350178482));
#10109=CARTESIAN_POINT('',(117.982200930687,-102.644634391984,24.2282098831291));
#10110=CARTESIAN_POINT('Origin',(117.9,-87.9592629602493,24.0072836467584));
#10111=CARTESIAN_POINT('',(117.9,-87.9592629602493,24.0072836467584));
#10112=CARTESIAN_POINT('',(117.9,-91.3704807509154,23.7088407612572));
#10113=CARTESIAN_POINT('',(117.9,-88.0899965743708,25.501575693896));
#10114=CARTESIAN_POINT('',(117.9,-87.9592629602493,24.0072836467584));
#10115=CARTESIAN_POINT('',(117.9,-102.232956119565,24.2642270649858));
#10116=CARTESIAN_POINT('Origin',(117.982200930687,-87.5475846878298,24.0433008286151));
#10117=CARTESIAN_POINT('',(117.982200930687,-87.5475846878298,24.0433008286151));
#10118=CARTESIAN_POINT('',(117.801616351697,-88.4519874346466,23.9641758410069));
#10119=CARTESIAN_POINT('',(117.982200930687,-87.6783183019512,25.5375928757527));
#10120=CARTESIAN_POINT('',(117.982200930687,-87.5475846878298,24.0433008286151));
#10121=CARTESIAN_POINT('',(117.9,-88.0899965743708,25.501575693896));
#10122=CARTESIAN_POINT('Origin',(118.438257506941,-87.0932635445355,24.0830487782534));
#10123=CARTESIAN_POINT('',(118.438257506941,-87.0932635445355,24.0830487782534));
#10124=CARTESIAN_POINT('',(123.149243959564,-82.4002038176504,24.4936383016059));
#10125=CARTESIAN_POINT('',(118.438257506941,-87.223997158657,25.577340825391));
#10126=CARTESIAN_POINT('',(118.438257506941,-87.0932635445355,24.0830487782534));
#10127=CARTESIAN_POINT('',(117.982200930687,-87.6783183019512,25.5375928757527));
#10128=CARTESIAN_POINT('Origin',(118.851508323481,-87.0113754132077,24.0902130614219));
#10129=CARTESIAN_POINT('',(118.851508323481,-87.0113754132077,24.0902130614219));
#10130=CARTESIAN_POINT('',(130.681910841214,-84.6671100996057,24.2953097006592));
#10131=CARTESIAN_POINT('',(118.851508323481,-87.1421090273292,25.5845051085595));
#10132=CARTESIAN_POINT('',(118.851508323481,-87.0113754132077,24.0902130614219));
#10133=CARTESIAN_POINT('',(118.438257506941,-87.223997158657,25.577340825391));
#10134=CARTESIAN_POINT('Origin',(133.048491676519,-87.0113754132077,24.0902130614219));
#10135=CARTESIAN_POINT('',(133.048491676519,-87.0113754132077,24.0902130614219));
#10136=CARTESIAN_POINT('',(139.024249281825,-87.0113754132077,24.0902130614219));
#10137=CARTESIAN_POINT('',(133.048491676519,-87.1421090273292,25.5845051085595));
#10138=CARTESIAN_POINT('',(133.048491676519,-87.0113754132077,24.0902130614219));
#10139=CARTESIAN_POINT('',(118.851508323481,-87.1421090273292,25.5845051085595));
#10140=CARTESIAN_POINT('Origin',(133.461742493059,-87.0932635445354,24.0830487782534));
#10141=CARTESIAN_POINT('',(133.461742493059,-87.0932635445354,24.0830487782534));
#10142=CARTESIAN_POINT('',(139.749669794724,-88.3392541053487,23.974038729322));
#10143=CARTESIAN_POINT('',(133.461742493059,-87.2239971586569,25.5773408253911));
#10144=CARTESIAN_POINT('',(133.461742493059,-87.0932635445354,24.0830487782534));
#10145=CARTESIAN_POINT('',(133.048491676519,-87.1421090273292,25.5845051085595));
#10146=CARTESIAN_POINT('Origin',(133.917799069314,-87.5475846878306,24.043300828615));
#10147=CARTESIAN_POINT('',(133.917799069314,-87.5475846878306,24.043300828615));
#10148=CARTESIAN_POINT('',(138.503787772127,-92.1161223190844,23.6436055769887));
#10149=CARTESIAN_POINT('',(133.917799069314,-87.6783183019521,25.5375928757526));
#10150=CARTESIAN_POINT('',(133.917799069314,-87.5475846878306,24.043300828615));
#10151=CARTESIAN_POINT('',(133.461742493059,-87.2239971586569,25.5773408253911));
#10152=CARTESIAN_POINT('Origin',(134.,-87.9592629602502,24.0072836467583));
#10153=CARTESIAN_POINT('',(134.,-87.9592629602502,24.0072836467583));
#10154=CARTESIAN_POINT('',(134.864535773106,-92.2890265109476,23.6284784203245));
#10155=CARTESIAN_POINT('',(134.,-88.0899965743716,25.5015756938959));
#10156=CARTESIAN_POINT('',(134.,-87.9592629602502,24.0072836467583));
#10157=CARTESIAN_POINT('',(133.917799069314,-87.6783183019521,25.5375928757526));
#10158=CARTESIAN_POINT('Origin',(134.,-102.102222505442,22.7699350178482));
#10159=CARTESIAN_POINT('',(134.,-98.4419605235121,23.0901664468021));
#10160=CARTESIAN_POINT('',(134.,-88.0899965743716,25.5015756938959));
#10161=CARTESIAN_POINT('Origin',(125.95,-95.1614763469678,24.8829013794409));
#10162=CARTESIAN_POINT('',(119.,-88.2379231952301,25.4886337915371));
#10163=CARTESIAN_POINT('',(132.9,-88.2379231952301,25.4886337915371));
#10164=CARTESIAN_POINT('',(129.425,-88.2379231952301,25.4886337915371));
#10165=CARTESIAN_POINT('',(119.,-102.085029498705,24.2771689673447));
#10166=CARTESIAN_POINT('',(119.,-91.699699771099,25.185767585489));
#10167=CARTESIAN_POINT('',(132.9,-102.085029498705,24.2771689673447));
#10168=CARTESIAN_POINT('',(122.475,-102.085029498705,24.2771689673447));
#10169=CARTESIAN_POINT('',(132.9,-98.6232529228366,24.5800351733928));
#10170=CARTESIAN_POINT('Origin',(133.917799069314,-83.5363917792143,24.3942347353345));
#10171=CARTESIAN_POINT('',(133.917799069314,-83.5363917792143,24.3942347353345));
#10172=CARTESIAN_POINT('',(134.,-83.1247135067947,24.4302519171911));
#10173=CARTESIAN_POINT('',(133.048735392603,-87.8888319531327,24.0134455614418));
#10174=CARTESIAN_POINT('',(133.917799069314,-83.6671253933357,25.8885267824721));
#10175=CARTESIAN_POINT('',(133.917799069314,-83.5363917792143,24.3942347353345));
#10176=CARTESIAN_POINT('',(134.,-83.2554471209162,25.9245439643287));
#10177=CARTESIAN_POINT('',(134.,-83.2554471209162,25.9245439643287));
#10178=CARTESIAN_POINT('',(134.,-83.1247135067947,24.4302519171911));
#10179=CARTESIAN_POINT('Origin',(133.46174249306,-83.990712922509,24.3544867856961));
#10180=CARTESIAN_POINT('',(133.46174249306,-83.990712922509,24.3544867856961));
#10181=CARTESIAN_POINT('',(133.638257233808,-83.8148698736404,24.3698710590319));
#10182=CARTESIAN_POINT('',(133.46174249306,-84.1214465366305,25.8487788328337));
#10183=CARTESIAN_POINT('',(133.46174249306,-83.990712922509,24.3544867856961));
#10184=CARTESIAN_POINT('',(133.917799069314,-83.6671253933357,25.8885267824721));
#10185=CARTESIAN_POINT('Origin',(133.048491676519,-84.0726010538371,24.3473225025275));
#10186=CARTESIAN_POINT('',(133.048491676519,-84.0726010538371,24.3473225025275));
#10187=CARTESIAN_POINT('',(137.768344471284,-83.1373338745909,24.4291477780794));
#10188=CARTESIAN_POINT('',(133.048491676519,-84.2033346679585,25.8416145496651));
#10189=CARTESIAN_POINT('',(133.048491676519,-84.0726010538371,24.3473225025275));
#10190=CARTESIAN_POINT('',(133.46174249306,-84.1214465366305,25.8487788328337));
#10191=CARTESIAN_POINT('Origin',(118.851508323481,-84.0726010538371,24.3473225025275));
#10192=CARTESIAN_POINT('',(118.851508323481,-84.0726010538371,24.3473225025275));
#10193=CARTESIAN_POINT('',(131.925757605306,-84.072601053837,24.3473225025275));
#10194=CARTESIAN_POINT('',(118.851508323481,-84.2033346679585,25.8416145496651));
#10195=CARTESIAN_POINT('',(118.851508323481,-84.0726010538371,24.3473225025275));
#10196=CARTESIAN_POINT('',(133.048491676519,-84.2033346679585,25.8416145496651));
#10197=CARTESIAN_POINT('Origin',(118.43825750694,-83.9907129225089,24.3544867856961));
#10198=CARTESIAN_POINT('',(118.43825750694,-83.9907129225089,24.3544867856961));
#10199=CARTESIAN_POINT('',(132.24998534811,-86.7275897490231,24.1150410899093));
#10200=CARTESIAN_POINT('',(118.43825750694,-84.1214465366303,25.8487788328337));
#10201=CARTESIAN_POINT('',(118.43825750694,-83.9907129225089,24.3544867856961));
#10202=CARTESIAN_POINT('',(118.851508323481,-84.2033346679585,25.8416145496651));
#10203=CARTESIAN_POINT('Origin',(117.982200930687,-83.5363917792151,24.3942347353344));
#10204=CARTESIAN_POINT('',(117.982200930687,-83.5363917792151,24.3942347353344));
#10205=CARTESIAN_POINT('',(127.558717921629,-93.076467231777,23.5595862840533));
#10206=CARTESIAN_POINT('',(117.982200930687,-83.6671253933366,25.888526782472));
#10207=CARTESIAN_POINT('',(117.982200930687,-83.5363917792151,24.3942347353344));
#10208=CARTESIAN_POINT('',(118.43825750694,-84.1214465366303,25.8487788328337));
#10209=CARTESIAN_POINT('Origin',(117.9,-83.1247135067956,24.430251917191));
#10210=CARTESIAN_POINT('',(117.9,-83.1247135067956,24.430251917191));
#10211=CARTESIAN_POINT('',(119.53521580153,-91.314192757011,23.7137653226164));
#10212=CARTESIAN_POINT('',(117.9,-83.2554471209171,25.9245439643287));
#10213=CARTESIAN_POINT('',(117.9,-83.1247135067956,24.430251917191));
#10214=CARTESIAN_POINT('',(117.982200930687,-83.6671253933366,25.888526782472));
#10215=CARTESIAN_POINT('Origin',(117.9,-68.9817539616015,25.6676005461013));
#10216=CARTESIAN_POINT('',(117.9,-68.9817539616015,25.6676005461013));
#10217=CARTESIAN_POINT('',(117.9,-81.8817262515915,24.5389992109286));
#10218=CARTESIAN_POINT('',(117.9,-69.112487575723,27.1618925932389));
#10219=CARTESIAN_POINT('',(117.9,-68.9817539616015,25.6676005461013));
#10220=CARTESIAN_POINT('',(117.9,-83.2554471209171,25.9245439643287));
#10221=CARTESIAN_POINT('Origin',(117.982200930687,-68.570075689182,25.7036177279579));
#10222=CARTESIAN_POINT('',(117.982200930687,-68.570075689182,25.7036177279579));
#10223=CARTESIAN_POINT('',(115.979081743618,-78.6020867563817,24.8259304872114));
#10224=CARTESIAN_POINT('',(117.982200930687,-68.7008093033035,27.1979097750956));
#10225=CARTESIAN_POINT('',(117.982200930687,-68.570075689182,25.7036177279579));
#10226=CARTESIAN_POINT('',(117.9,-69.112487575723,27.1618925932389));
#10227=CARTESIAN_POINT('Origin',(118.438257506941,-68.1157545458879,25.7433656775963));
#10228=CARTESIAN_POINT('',(118.438257506941,-68.1157545458879,25.7433656775963));
#10229=CARTESIAN_POINT('',(118.386743959562,-68.1670720686668,25.7388759761129));
#10230=CARTESIAN_POINT('',(118.438257506941,-68.2464881600093,27.2376577247339));
#10231=CARTESIAN_POINT('',(118.438257506941,-68.1157545458879,25.7433656775963));
#10232=CARTESIAN_POINT('',(117.982200930687,-68.7008093033035,27.1979097750956));
#10233=CARTESIAN_POINT('Origin',(118.851508323481,-68.03386641456,25.7505299607648));
#10234=CARTESIAN_POINT('',(118.851508323481,-68.03386641456,25.7505299607648));
#10235=CARTESIAN_POINT('',(128.859376233143,-66.0507472798926,25.9240304034696));
#10236=CARTESIAN_POINT('',(118.851508323481,-68.1646000286815,27.2448220079024));
#10237=CARTESIAN_POINT('',(118.851508323481,-68.03386641456,25.7505299607648));
#10238=CARTESIAN_POINT('',(118.438257506941,-68.2464881600093,27.2376577247339));
#10239=CARTESIAN_POINT('Origin',(133.048491676519,-68.03386641456,25.7505299607648));
#10240=CARTESIAN_POINT('',(133.048491676519,-68.03386641456,25.7505299607648));
#10241=CARTESIAN_POINT('',(139.024249281825,-68.03386641456,25.7505299607648));
#10242=CARTESIAN_POINT('',(133.048491676519,-68.1646000286815,27.2448220079024));
#10243=CARTESIAN_POINT('',(133.048491676519,-68.03386641456,25.7505299607648));
#10244=CARTESIAN_POINT('',(118.851508323481,-68.1646000286815,27.2448220079024));
#10245=CARTESIAN_POINT('Origin',(133.46174249306,-68.1157545458878,25.7433656775963));
#10246=CARTESIAN_POINT('',(133.46174249306,-68.1157545458878,25.7433656775963));
#10247=CARTESIAN_POINT('',(141.572204402792,-69.7228912856345,25.6027594321325));
#10248=CARTESIAN_POINT('',(133.46174249306,-68.2464881600092,27.2376577247339));
#10249=CARTESIAN_POINT('',(133.46174249306,-68.1157545458878,25.7433656775963));
#10250=CARTESIAN_POINT('',(133.048491676519,-68.1646000286815,27.2448220079024));
#10251=CARTESIAN_POINT('Origin',(133.917799069314,-68.5700756891829,25.7036177279579));
#10252=CARTESIAN_POINT('',(133.917799069314,-68.5700756891829,25.7036177279579));
#10253=CARTESIAN_POINT('',(143.266287772126,-77.8829905701041,24.8888432514954));
#10254=CARTESIAN_POINT('',(133.917799069314,-68.7008093033044,27.1979097750955));
#10255=CARTESIAN_POINT('',(133.917799069314,-68.5700756891829,25.7036177279579));
#10256=CARTESIAN_POINT('',(133.46174249306,-68.2464881600092,27.2376577247339));
#10257=CARTESIAN_POINT('Origin',(134.,-68.9817539616023,25.6676005461012));
#10258=CARTESIAN_POINT('',(134.,-68.9817539616023,25.6676005461012));
#10259=CARTESIAN_POINT('',(136.687070381171,-82.4391258326921,24.4902330665282));
#10260=CARTESIAN_POINT('',(134.,-69.1124875757238,27.1618925932388));
#10261=CARTESIAN_POINT('',(134.,-68.9817539616023,25.6676005461012));
#10262=CARTESIAN_POINT('',(133.917799069314,-68.7008093033044,27.1979097750955));
#10263=CARTESIAN_POINT('Origin',(134.,-83.1247135067947,24.4302519171911));
#10264=CARTESIAN_POINT('',(134.,-88.9532060241881,23.9203248964735));
#10265=CARTESIAN_POINT('',(134.,-69.1124875757238,27.1618925932388));
#10266=CARTESIAN_POINT('Origin',(125.95,-76.18396734832,26.5432182787838));
#10267=CARTESIAN_POINT('',(119.,-69.2604141965824,27.14895069088));
#10268=CARTESIAN_POINT('',(132.9,-69.2604141965824,27.14895069088));
#10269=CARTESIAN_POINT('',(129.425,-69.2604141965824,27.14895069088));
#10270=CARTESIAN_POINT('',(119.,-83.1075205000577,25.9374858666876));
#10271=CARTESIAN_POINT('',(119.,-72.7221907724512,26.8460844848319));
#10272=CARTESIAN_POINT('',(132.9,-83.1075205000577,25.9374858666876));
#10273=CARTESIAN_POINT('',(122.475,-83.1075205000577,25.9374858666876));
#10274=CARTESIAN_POINT('',(132.9,-79.6457439241888,26.2403520727357));
#10275=CARTESIAN_POINT('Origin',(156.53825750694,-65.0132039238615,26.0148036850389));
#10276=CARTESIAN_POINT('',(156.53825750694,-65.0132039238615,26.0148036850389));
#10277=CARTESIAN_POINT('',(156.951508323481,-65.0950920551893,26.0076394018704));
#10278=CARTESIAN_POINT('',(153.847571353513,-64.4800283020001,26.0614505076202));
#10279=CARTESIAN_POINT('',(156.53825750694,-65.143937537983,27.5090957321765));
#10280=CARTESIAN_POINT('',(156.53825750694,-65.0132039238615,26.0148036850389));
#10281=CARTESIAN_POINT('',(156.951508323481,-65.2258256693108,27.501931449008));
#10282=CARTESIAN_POINT('',(156.951508323481,-65.2258256693108,27.501931449008));
#10283=CARTESIAN_POINT('',(156.951508323481,-65.0950920551893,26.0076394018704));
#10284=CARTESIAN_POINT('Origin',(156.082200930687,-64.5588827805671,26.0545516346773));
#10285=CARTESIAN_POINT('',(156.082200930687,-64.5588827805671,26.0545516346773));
#10286=CARTESIAN_POINT('',(160.896217921631,-69.3545809834746,25.6349824082313));
#10287=CARTESIAN_POINT('',(156.082200930687,-64.6896163946886,27.5488436818149));
#10288=CARTESIAN_POINT('',(156.082200930687,-64.5588827805671,26.0545516346773));
#10289=CARTESIAN_POINT('',(156.53825750694,-65.143937537983,27.5090957321765));
#10290=CARTESIAN_POINT('Origin',(156.,-64.1472045081478,26.090568816534));
#10291=CARTESIAN_POINT('',(156.,-64.1472045081478,26.090568816534));
#10292=CARTESIAN_POINT('',(158.732699012265,-77.833093451434,24.8932086837216));
#10293=CARTESIAN_POINT('',(156.,-64.2779381222693,27.5848608636716));
#10294=CARTESIAN_POINT('',(156.,-64.1472045081478,26.090568816534));
#10295=CARTESIAN_POINT('',(156.082200930687,-64.6896163946886,27.5488436818149));
#10296=CARTESIAN_POINT('Origin',(156.,-50.0042449629537,27.3279174454442));
#10297=CARTESIAN_POINT('',(156.,-50.0042449629537,27.3279174454442));
#10298=CARTESIAN_POINT('',(156.,-72.3929717522677,25.3691576606001));
#10299=CARTESIAN_POINT('',(156.,-50.1349785770752,28.8222094925818));
#10300=CARTESIAN_POINT('',(156.,-50.0042449629537,27.3279174454442));
#10301=CARTESIAN_POINT('',(156.,-64.2779381222693,27.5848608636716));
#10302=CARTESIAN_POINT('Origin',(156.082200930687,-49.5925666905346,27.3639346273008));
#10303=CARTESIAN_POINT('',(156.082200930687,-49.5925666905346,27.3639346273008));
#10304=CARTESIAN_POINT('',(151.531495738196,-72.3833847054359,25.3699964185145));
#10305=CARTESIAN_POINT('',(156.082200930687,-49.723300304656,28.8582266744384));
#10306=CARTESIAN_POINT('',(156.082200930687,-49.5925666905346,27.3639346273008));
#10307=CARTESIAN_POINT('',(156.,-50.1349785770752,28.8222094925818));
#10308=CARTESIAN_POINT('Origin',(156.53825750694,-49.1382455472401,27.4036825769392));
#10309=CARTESIAN_POINT('',(156.53825750694,-49.1382455472401,27.4036825769392));
#10310=CARTESIAN_POINT('',(142.199243959567,-63.4226948190177,26.1539552009475));
#10311=CARTESIAN_POINT('',(156.53825750694,-49.2689791613616,28.8979746240768));
#10312=CARTESIAN_POINT('',(156.53825750694,-49.1382455472401,27.4036825769392));
#10313=CARTESIAN_POINT('',(156.082200930687,-49.723300304656,28.8582266744384));
#10314=CARTESIAN_POINT('Origin',(156.951508323481,-49.0563574159123,27.4108468601077));
#10315=CARTESIAN_POINT('',(156.951508323481,-49.0563574159123,27.4108468601077));
#10316=CARTESIAN_POINT('',(146.811893022411,-51.0655830874746,27.2350623913807));
#10317=CARTESIAN_POINT('',(156.951508323481,-49.1870910300337,28.9051389072453));
#10318=CARTESIAN_POINT('',(156.951508323481,-49.0563574159123,27.4108468601077));
#10319=CARTESIAN_POINT('',(156.53825750694,-49.2689791613616,28.8979746240768));
#10320=CARTESIAN_POINT('Origin',(171.148491676519,-49.0563574159123,27.4108468601077));
#10321=CARTESIAN_POINT('',(171.148491676519,-49.0563574159123,27.4108468601077));
#10322=CARTESIAN_POINT('',(158.074249281825,-49.0563574159123,27.4108468601077));
#10323=CARTESIAN_POINT('',(171.148491676519,-49.1870910300337,28.9051389072453));
#10324=CARTESIAN_POINT('',(171.148491676519,-49.0563574159123,27.4108468601077));
#10325=CARTESIAN_POINT('',(156.951508323481,-49.1870910300337,28.9051389072453));
#10326=CARTESIAN_POINT('Origin',(171.56174249306,-49.1382455472402,27.4036825769392));
#10327=CARTESIAN_POINT('',(171.56174249306,-49.1382455472402,27.4036825769392));
#10328=CARTESIAN_POINT('',(163.169790408206,-47.4753298386273,27.549168849842));
#10329=CARTESIAN_POINT('',(171.56174249306,-49.2689791613617,28.8979746240768));
#10330=CARTESIAN_POINT('',(171.56174249306,-49.1382455472402,27.4036825769392));
#10331=CARTESIAN_POINT('',(171.148491676519,-49.1870910300337,28.9051389072453));
#10332=CARTESIAN_POINT('Origin',(172.017799069314,-49.5925666905349,27.3639346273008));
#10333=CARTESIAN_POINT('',(172.017799069314,-49.5925666905349,27.3639346273008));
#10334=CARTESIAN_POINT('',(176.603787772137,-54.1611043218024,26.9642393756733));
#10335=CARTESIAN_POINT('',(172.017799069314,-49.7233003046564,28.8582266744384));
#10336=CARTESIAN_POINT('',(172.017799069314,-49.5925666905349,27.3639346273008));
#10337=CARTESIAN_POINT('',(171.56174249306,-49.2689791613617,28.8979746240768));
#10338=CARTESIAN_POINT('Origin',(172.1,-50.0042449629543,27.3279174454441));
#10339=CARTESIAN_POINT('',(172.1,-50.0042449629543,27.3279174454441));
#10340=CARTESIAN_POINT('',(175.884553591917,-68.9580265271344,25.6696764276317));
#10341=CARTESIAN_POINT('',(172.1,-50.1349785770758,28.8222094925818));
#10342=CARTESIAN_POINT('',(172.1,-50.0042449629543,27.3279174454441));
#10343=CARTESIAN_POINT('',(172.017799069314,-49.7233003046564,28.8582266744384));
#10344=CARTESIAN_POINT('Origin',(172.1,-64.1472045081474,26.090568816534));
#10345=CARTESIAN_POINT('',(172.1,-64.1472045081474,26.090568816534));
#10346=CARTESIAN_POINT('',(172.1,-79.4644515248644,24.750483346145));
#10347=CARTESIAN_POINT('',(172.1,-64.2779381222688,27.5848608636716));
#10348=CARTESIAN_POINT('',(172.1,-64.1472045081474,26.090568816534));
#10349=CARTESIAN_POINT('',(172.1,-50.1349785770758,28.8222094925818));
#10350=CARTESIAN_POINT('Origin',(172.017799069314,-64.5588827805667,26.0545516346773));
#10351=CARTESIAN_POINT('',(172.017799069314,-64.5588827805667,26.0545516346773));
#10352=CARTESIAN_POINT('',(168.601149387195,-81.6701299021665,24.5575114927468));
#10353=CARTESIAN_POINT('',(172.017799069314,-64.6896163946882,27.548843681815));
#10354=CARTESIAN_POINT('',(172.017799069314,-64.5588827805667,26.0545516346773));
#10355=CARTESIAN_POINT('',(172.1,-64.2779381222688,27.5848608636716));
#10356=CARTESIAN_POINT('Origin',(171.56174249306,-65.0132039238614,26.0148036850389));
#10357=CARTESIAN_POINT('',(171.56174249306,-65.0132039238614,26.0148036850389));
#10358=CARTESIAN_POINT('',(157.450757233817,-79.0704926239843,24.7849502838671));
#10359=CARTESIAN_POINT('',(171.56174249306,-65.1439375379829,27.5090957321766));
#10360=CARTESIAN_POINT('',(171.56174249306,-65.0132039238614,26.0148036850389));
#10361=CARTESIAN_POINT('',(172.017799069314,-64.6896163946882,27.548843681815));
#10362=CARTESIAN_POINT('Origin',(171.148491676519,-65.0950920551893,26.0076394018704));
#10363=CARTESIAN_POINT('',(171.148491676519,-65.0950920551893,26.0076394018704));
#10364=CARTESIAN_POINT('',(155.720861260551,-68.1521696821805,25.74017976599));
#10365=CARTESIAN_POINT('',(171.148491676519,-65.2258256693108,27.501931449008));
#10366=CARTESIAN_POINT('',(171.148491676519,-65.0950920551893,26.0076394018704));
#10367=CARTESIAN_POINT('',(171.56174249306,-65.1439375379829,27.5090957321766));
#10368=CARTESIAN_POINT('Origin',(156.951508323481,-65.0950920551893,26.0076394018704));
#10369=CARTESIAN_POINT('',(150.975757605306,-65.0950920551893,26.0076394018704));
#10370=CARTESIAN_POINT('',(171.148491676519,-65.2258256693108,27.501931449008));
#10371=CARTESIAN_POINT('Origin',(164.05,-57.2064583496723,28.2035351781267));
#10372=CARTESIAN_POINT('',(157.1,-50.2829051979347,28.8092675902229));
#10373=CARTESIAN_POINT('',(171.,-50.2829051979347,28.8092675902229));
#10374=CARTESIAN_POINT('',(167.525,-50.2829051979347,28.8092675902229));
#10375=CARTESIAN_POINT('',(157.1,-64.1300115014099,27.5978027660305));
#10376=CARTESIAN_POINT('',(157.1,-53.7446817738035,28.5064013841748));
#10377=CARTESIAN_POINT('',(171.,-64.1300115014099,27.5978027660305));
#10378=CARTESIAN_POINT('',(160.575,-64.1300115014099,27.5978027660305));
#10379=CARTESIAN_POINT('',(171.,-60.6682349255411,27.9006689720786));
#10380=CARTESIAN_POINT('Origin',(137.032200930687,-87.5475846878296,24.0433008286151));
#10381=CARTESIAN_POINT('',(137.032200930687,-87.5475846878296,24.0433008286151));
#10382=CARTESIAN_POINT('',(136.95,-87.9592629602493,24.0072836467584));
#10383=CARTESIAN_POINT('',(136.489090653026,-90.2675867483032,23.8053314835565));
#10384=CARTESIAN_POINT('',(137.032200930687,-87.6783183019511,25.5375928757527));
#10385=CARTESIAN_POINT('',(137.032200930687,-87.5475846878296,24.0433008286151));
#10386=CARTESIAN_POINT('',(136.95,-88.0899965743708,25.501575693896));
#10387=CARTESIAN_POINT('',(136.95,-88.0899965743708,25.501575693896));
#10388=CARTESIAN_POINT('',(136.95,-87.9592629602493,24.0072836467584));
#10389=CARTESIAN_POINT('Origin',(137.488257506941,-87.0932635445357,24.0830487782534));
#10390=CARTESIAN_POINT('',(137.488257506941,-87.0932635445357,24.0830487782534));
#10391=CARTESIAN_POINT('',(137.436743959565,-87.1445810673111,24.0785590767703));
#10392=CARTESIAN_POINT('',(137.488257506941,-87.2239971586571,25.577340825391));
#10393=CARTESIAN_POINT('',(137.488257506941,-87.0932635445357,24.0830487782534));
#10394=CARTESIAN_POINT('',(137.032200930687,-87.6783183019511,25.5375928757527));
#10395=CARTESIAN_POINT('Origin',(137.901508323481,-87.0113754132077,24.0902130614219));
#10396=CARTESIAN_POINT('',(137.901508323481,-87.0113754132077,24.0902130614219));
#10397=CARTESIAN_POINT('',(140.56943653988,-86.4827094132538,24.1364653432095));
#10398=CARTESIAN_POINT('',(137.901508323481,-87.1421090273292,25.5845051085595));
#10399=CARTESIAN_POINT('',(137.901508323481,-87.0113754132077,24.0902130614219));
#10400=CARTESIAN_POINT('',(137.488257506941,-87.2239971586571,25.577340825391));
#10401=CARTESIAN_POINT('Origin',(152.098491676519,-87.0113754132077,24.0902130614219));
#10402=CARTESIAN_POINT('',(152.098491676519,-87.0113754132077,24.0902130614219));
#10403=CARTESIAN_POINT('',(148.549249281825,-87.0113754132077,24.0902130614219));
#10404=CARTESIAN_POINT('',(152.098491676519,-87.1421090273292,25.5845051085595));
#10405=CARTESIAN_POINT('',(152.098491676519,-87.0113754132077,24.0902130614219));
#10406=CARTESIAN_POINT('',(137.901508323481,-87.1421090273292,25.5845051085595));
#10407=CARTESIAN_POINT('Origin',(152.51174249306,-87.0932635445357,24.0830487782534));
#10408=CARTESIAN_POINT('',(152.51174249306,-87.0932635445357,24.0830487782534));
#10409=CARTESIAN_POINT('',(149.637195493393,-86.5236547917022,24.1328830867715));
#10410=CARTESIAN_POINT('',(152.51174249306,-87.2239971586571,25.577340825391));
#10411=CARTESIAN_POINT('',(152.51174249306,-87.0932635445357,24.0830487782534));
#10412=CARTESIAN_POINT('',(152.098491676519,-87.1421090273292,25.5845051085595));
#10413=CARTESIAN_POINT('Origin',(152.967799069314,-87.5475846878306,24.043300828615));
#10414=CARTESIAN_POINT('',(152.967799069314,-87.5475846878306,24.043300828615));
#10415=CARTESIAN_POINT('',(152.79128777213,-87.3717450694225,24.0586848018244));
#10416=CARTESIAN_POINT('',(152.967799069314,-87.6783183019521,25.5375928757526));
#10417=CARTESIAN_POINT('',(152.967799069314,-87.5475846878306,24.043300828615));
#10418=CARTESIAN_POINT('',(152.51174249306,-87.2239971586571,25.577340825391));
#10419=CARTESIAN_POINT('Origin',(153.05,-87.9592629602502,24.0072836467583));
#10420=CARTESIAN_POINT('',(153.05,-87.9592629602502,24.0072836467583));
#10421=CARTESIAN_POINT('',(153.552010074441,-90.4734271973065,23.7873227777736));
#10422=CARTESIAN_POINT('',(153.05,-88.0899965743716,25.5015756938959));
#10423=CARTESIAN_POINT('',(153.05,-87.9592629602502,24.0072836467583));
#10424=CARTESIAN_POINT('',(152.967799069314,-87.6783183019521,25.5375928757526));
#10425=CARTESIAN_POINT('Origin',(153.05,-102.102222505442,22.7699350178482));
#10426=CARTESIAN_POINT('',(153.05,-102.102222505442,22.7699350178482));
#10427=CARTESIAN_POINT('',(153.05,-98.4419605235121,23.0901664468021));
#10428=CARTESIAN_POINT('',(153.05,-102.232956119564,24.2642270649859));
#10429=CARTESIAN_POINT('',(153.05,-102.102222505442,22.7699350178482));
#10430=CARTESIAN_POINT('',(153.05,-88.0899965743716,25.5015756938959));
#10431=CARTESIAN_POINT('Origin',(152.967799069314,-102.513900777862,22.7339178359916));
#10432=CARTESIAN_POINT('',(152.967799069314,-102.513900777862,22.7339178359916));
#10433=CARTESIAN_POINT('',(153.558744302003,-99.5543319450312,22.9928465577889));
#10434=CARTESIAN_POINT('',(152.967799069314,-102.644634391983,24.2282098831292));
#10435=CARTESIAN_POINT('',(152.967799069314,-102.513900777862,22.7339178359916));
#10436=CARTESIAN_POINT('',(153.05,-102.232956119564,24.2642270649859));
#10437=CARTESIAN_POINT('Origin',(152.511742493059,-102.968221921157,22.6941698863531));
#10438=CARTESIAN_POINT('',(152.511742493059,-102.968221921157,22.6941698863531));
#10439=CARTESIAN_POINT('',(152.688257233812,-102.792378872284,22.7095541596894));
#10440=CARTESIAN_POINT('',(152.511742493059,-103.098955535279,24.1884619334907));
#10441=CARTESIAN_POINT('',(152.511742493059,-102.968221921157,22.6941698863531));
#10442=CARTESIAN_POINT('',(152.967799069314,-102.644634391983,24.2282098831292));
#10443=CARTESIAN_POINT('Origin',(152.098491676519,-103.050110052485,22.6870056031846));
#10444=CARTESIAN_POINT('',(152.098491676519,-103.050110052485,22.6870056031846));
#10445=CARTESIAN_POINT('',(149.478404778022,-103.569296007953,22.6415827178193));
#10446=CARTESIAN_POINT('',(152.098491676519,-103.180843666606,24.1812976503223));
#10447=CARTESIAN_POINT('',(152.098491676519,-103.050110052485,22.6870056031846));
#10448=CARTESIAN_POINT('',(152.511742493059,-103.098955535279,24.1884619334907));
#10449=CARTESIAN_POINT('Origin',(137.901508323481,-103.050110052485,22.6870056031846));
#10450=CARTESIAN_POINT('',(137.901508323481,-103.050110052485,22.6870056031846));
#10451=CARTESIAN_POINT('',(141.450757605306,-103.050110052485,22.6870056031846));
#10452=CARTESIAN_POINT('',(137.901508323481,-103.180843666606,24.1812976503223));
#10453=CARTESIAN_POINT('',(137.901508323481,-103.050110052485,22.6870056031846));
#10454=CARTESIAN_POINT('',(152.098491676519,-103.180843666606,24.1812976503223));
#10455=CARTESIAN_POINT('Origin',(137.488257506941,-102.968221921157,22.6941698863531));
#10456=CARTESIAN_POINT('',(137.488257506941,-102.968221921157,22.6941698863531));
#10457=CARTESIAN_POINT('',(140.31497643871,-103.528353255074,22.6451647445498));
#10458=CARTESIAN_POINT('',(137.488257506941,-103.098955535279,24.1884619334907));
#10459=CARTESIAN_POINT('',(137.488257506941,-102.968221921157,22.6941698863531));
#10460=CARTESIAN_POINT('',(137.901508323481,-103.180843666606,24.1812976503223));
#10461=CARTESIAN_POINT('Origin',(137.032200930687,-102.513900777863,22.7339178359915));
#10462=CARTESIAN_POINT('',(137.032200930687,-102.513900777863,22.7339178359915));
#10463=CARTESIAN_POINT('',(137.083717921629,-102.565221731101,22.7294278343819));
#10464=CARTESIAN_POINT('',(137.032200930687,-102.644634391984,24.2282098831291));
#10465=CARTESIAN_POINT('',(137.032200930687,-102.513900777863,22.7339178359915));
#10466=CARTESIAN_POINT('',(137.488257506941,-103.098955535279,24.1884619334907));
#10467=CARTESIAN_POINT('Origin',(136.95,-102.102222505443,22.7699350178482));
#10468=CARTESIAN_POINT('',(136.95,-102.102222505443,22.7699350178482));
#10469=CARTESIAN_POINT('',(136.400155494778,-99.3484941216153,23.0108550338627));
#10470=CARTESIAN_POINT('',(136.95,-102.232956119565,24.2642270649858));
#10471=CARTESIAN_POINT('',(136.95,-102.102222505443,22.7699350178482));
#10472=CARTESIAN_POINT('',(137.032200930687,-102.644634391984,24.2282098831291));
#10473=CARTESIAN_POINT('Origin',(136.95,-87.9592629602493,24.0072836467584));
#10474=CARTESIAN_POINT('',(136.95,-91.3704807509154,23.7088407612572));
#10475=CARTESIAN_POINT('',(136.95,-102.232956119565,24.2642270649858));
#10476=CARTESIAN_POINT('Origin',(145.,-95.1614763469678,24.8829013794409));
#10477=CARTESIAN_POINT('',(138.05,-88.2379231952301,25.4886337915371));
#10478=CARTESIAN_POINT('',(151.95,-88.2379231952301,25.4886337915371));
#10479=CARTESIAN_POINT('',(148.475,-88.2379231952301,25.4886337915371));
#10480=CARTESIAN_POINT('',(138.05,-102.085029498705,24.2771689673447));
#10481=CARTESIAN_POINT('',(138.05,-91.699699771099,25.185767585489));
#10482=CARTESIAN_POINT('',(151.95,-102.085029498705,24.2771689673447));
#10483=CARTESIAN_POINT('',(141.525,-102.085029498705,24.2771689673447));
#10484=CARTESIAN_POINT('',(151.95,-98.6232529228366,24.5800351733928));
#10485=CARTESIAN_POINT('Origin',(156.082200930687,-125.502602685125,20.7226670299293));
#10486=CARTESIAN_POINT('',(156.082200930687,-125.502602685125,20.7226670299293));
#10487=CARTESIAN_POINT('',(156.,-125.914280957545,20.6866498480726));
#10488=CARTESIAN_POINT('',(158.821634170517,-111.782987418487,21.9229778336973));
#10489=CARTESIAN_POINT('',(156.082200930687,-125.633336299247,22.2169590770669));
#10490=CARTESIAN_POINT('',(156.082200930687,-125.502602685125,20.7226670299293));
#10491=CARTESIAN_POINT('',(156.,-126.045014571666,22.1809418952103));
#10492=CARTESIAN_POINT('',(156.,-126.045014571666,22.1809418952103));
#10493=CARTESIAN_POINT('',(156.,-125.914280957545,20.6866498480726));
#10494=CARTESIAN_POINT('Origin',(156.53825750694,-125.048281541832,20.7624149795676));
#10495=CARTESIAN_POINT('',(156.53825750694,-125.048281541832,20.7624149795676));
#10496=CARTESIAN_POINT('',(161.249243959565,-120.355221814941,21.1730045029206));
#10497=CARTESIAN_POINT('',(156.53825750694,-125.179015155953,22.2567070267052));
#10498=CARTESIAN_POINT('',(156.53825750694,-125.048281541832,20.7624149795676));
#10499=CARTESIAN_POINT('',(156.082200930687,-125.633336299247,22.2169590770669));
#10500=CARTESIAN_POINT('Origin',(156.95150832348,-124.966393410503,20.7695792627361));
#10501=CARTESIAN_POINT('',(156.95150832348,-124.966393410503,20.7695792627361));
#10502=CARTESIAN_POINT('',(154.102031454716,-125.531034366329,20.720179580139));
#10503=CARTESIAN_POINT('',(156.95150832348,-125.097127024625,22.2638713098738));
#10504=CARTESIAN_POINT('',(156.95150832348,-124.966393410503,20.7695792627361));
#10505=CARTESIAN_POINT('',(156.53825750694,-125.179015155953,22.2567070267052));
#10506=CARTESIAN_POINT('Origin',(171.14849167652,-124.966393410503,20.7695792627361));
#10507=CARTESIAN_POINT('',(171.14849167652,-124.966393410503,20.7695792627361));
#10508=CARTESIAN_POINT('',(158.074249281825,-124.966393410503,20.7695792627361));
#10509=CARTESIAN_POINT('',(171.14849167652,-125.097127024625,22.2638713098738));
#10510=CARTESIAN_POINT('',(171.14849167652,-124.966393410503,20.7695792627361));
#10511=CARTESIAN_POINT('',(156.95150832348,-125.097127024625,22.2638713098738));
#10512=CARTESIAN_POINT('Origin',(171.56174249306,-125.048281541832,20.7624149795676));
#10513=CARTESIAN_POINT('',(171.56174249306,-125.048281541832,20.7624149795676));
#10514=CARTESIAN_POINT('',(155.879651975901,-121.940781117445,21.0342860386034));
#10515=CARTESIAN_POINT('',(171.56174249306,-125.179015155953,22.2567070267052));
#10516=CARTESIAN_POINT('',(171.56174249306,-125.048281541832,20.7624149795676));
#10517=CARTESIAN_POINT('',(171.14849167652,-125.097127024625,22.2638713098738));
#10518=CARTESIAN_POINT('Origin',(172.017799069314,-125.502602685126,20.7226670299292));
#10519=CARTESIAN_POINT('',(172.017799069314,-125.502602685126,20.7226670299292));
#10520=CARTESIAN_POINT('',(157.553787772133,-111.093631317725,21.9832886776464));
#10521=CARTESIAN_POINT('',(172.017799069314,-125.633336299247,22.2169590770669));
#10522=CARTESIAN_POINT('',(172.017799069314,-125.502602685126,20.7226670299292));
#10523=CARTESIAN_POINT('',(171.56174249306,-125.179015155953,22.2567070267052));
#10524=CARTESIAN_POINT('Origin',(172.1,-125.914280957545,20.6866498480726));
#10525=CARTESIAN_POINT('',(172.1,-125.914280957545,20.6866498480726));
#10526=CARTESIAN_POINT('',(168.594415159626,-108.357629240168,22.2226578428161));
#10527=CARTESIAN_POINT('',(172.1,-126.045014571666,22.1809418952102));
#10528=CARTESIAN_POINT('',(172.1,-125.914280957545,20.6866498480726));
#10529=CARTESIAN_POINT('',(172.017799069314,-125.633336299247,22.2169590770669));
#10530=CARTESIAN_POINT('Origin',(172.1,-140.057240502739,19.4493012191624));
#10531=CARTESIAN_POINT('',(172.1,-140.057240502739,19.4493012191624));
#10532=CARTESIAN_POINT('',(172.1,-117.41946952216,21.4298495474592));
#10533=CARTESIAN_POINT('',(172.1,-140.18797411686,20.9435932663));
#10534=CARTESIAN_POINT('',(172.1,-140.057240502739,19.4493012191624));
#10535=CARTESIAN_POINT('',(172.1,-126.045014571666,22.1809418952102));
#10536=CARTESIAN_POINT('Origin',(172.017799069314,-140.468918775158,19.4132840373058));
#10537=CARTESIAN_POINT('',(172.017799069314,-140.468918775158,19.4132840373058));
#10538=CARTESIAN_POINT('',(175.891287819483,-121.069732615209,21.1104929079303));
#10539=CARTESIAN_POINT('',(172.017799069314,-140.599652389279,20.9075760844434));
#10540=CARTESIAN_POINT('',(172.017799069314,-140.468918775158,19.4132840373058));
#10541=CARTESIAN_POINT('',(172.1,-140.18797411686,20.9435932663));
#10542=CARTESIAN_POINT('Origin',(171.56174249306,-140.923239918453,19.3735360876673));
#10543=CARTESIAN_POINT('',(171.56174249306,-140.923239918453,19.3735360876673));
#10544=CARTESIAN_POINT('',(176.500757233823,-136.003019619897,19.8039995858411));
#10545=CARTESIAN_POINT('',(171.56174249306,-141.053973532574,20.867828134805));
#10546=CARTESIAN_POINT('',(171.56174249306,-140.923239918453,19.3735360876673));
#10547=CARTESIAN_POINT('',(172.017799069314,-140.599652389279,20.9075760844434));
#10548=CARTESIAN_POINT('Origin',(171.148491676519,-141.00512804978,19.3663718044989));
#10549=CARTESIAN_POINT('',(171.148491676519,-141.00512804978,19.3663718044989));
#10550=CARTESIAN_POINT('',(163.010999692816,-142.617620961027,19.2252969547489));
#10551=CARTESIAN_POINT('',(171.148491676519,-141.135861663902,20.8606638516365));
#10552=CARTESIAN_POINT('',(171.148491676519,-141.00512804978,19.3663718044989));
#10553=CARTESIAN_POINT('',(171.56174249306,-141.053973532574,20.867828134805));
#10554=CARTESIAN_POINT('Origin',(156.951508323482,-141.00512804978,19.3663718044989));
#10555=CARTESIAN_POINT('',(156.951508323482,-141.00512804978,19.3663718044989));
#10556=CARTESIAN_POINT('',(150.975757605306,-141.00512804978,19.3663718044989));
#10557=CARTESIAN_POINT('',(156.951508323482,-141.135861663902,20.8606638516365));
#10558=CARTESIAN_POINT('',(156.951508323482,-141.00512804978,19.3663718044989));
#10559=CARTESIAN_POINT('',(171.148491676519,-141.135861663902,20.8606638516365));
#10560=CARTESIAN_POINT('Origin',(156.538257506941,-140.923239918453,19.3735360876673));
#10561=CARTESIAN_POINT('',(156.538257506941,-140.923239918453,19.3735360876673));
#10562=CARTESIAN_POINT('',(146.557432921254,-138.945479580868,19.5465676963772));
#10563=CARTESIAN_POINT('',(156.538257506941,-141.053973532574,20.8678281348049));
#10564=CARTESIAN_POINT('',(156.538257506941,-140.923239918453,19.3735360876673));
#10565=CARTESIAN_POINT('',(156.951508323482,-141.135861663902,20.8606638516365));
#10566=CARTESIAN_POINT('Origin',(156.082200930687,-140.468918775158,19.4132840373058));
#10567=CARTESIAN_POINT('',(156.082200930687,-140.468918775158,19.4132840373058));
#10568=CARTESIAN_POINT('',(141.846217921634,-126.287107979387,20.6540317102052));
#10569=CARTESIAN_POINT('',(156.082200930687,-140.599652389279,20.9075760844434));
#10570=CARTESIAN_POINT('',(156.082200930687,-140.468918775158,19.4132840373058));
#10571=CARTESIAN_POINT('',(156.538257506941,-141.053973532574,20.8678281348049));
#10572=CARTESIAN_POINT('Origin',(156.,-140.057240502739,19.4493012191624));
#10573=CARTESIAN_POINT('',(156.,-140.057240502739,19.4493012191624));
#10574=CARTESIAN_POINT('',(151.442560579942,-117.232696164483,21.4461900989046));
#10575=CARTESIAN_POINT('',(156.,-140.18797411686,20.9435932663));
#10576=CARTESIAN_POINT('',(156.,-140.057240502739,19.4493012191624));
#10577=CARTESIAN_POINT('',(156.082200930687,-140.599652389279,20.9075760844434));
#10578=CARTESIAN_POINT('Origin',(156.,-125.914280957545,20.6866498480726));
#10579=CARTESIAN_POINT('',(156.,-110.347989749563,22.0485238619143));
#10580=CARTESIAN_POINT('',(156.,-140.18797411686,20.9435932663));
#10581=CARTESIAN_POINT('Origin',(164.05,-133.116494344263,21.5622675807551));
#10582=CARTESIAN_POINT('',(157.1,-126.192941192526,22.1679999928513));
#10583=CARTESIAN_POINT('',(171.,-126.192941192526,22.1679999928513));
#10584=CARTESIAN_POINT('',(167.525,-126.192941192526,22.1679999928513));
#10585=CARTESIAN_POINT('',(157.1,-140.040047496001,20.9565351686589));
#10586=CARTESIAN_POINT('',(157.1,-129.654717768394,21.8651337868032));
#10587=CARTESIAN_POINT('',(171.,-140.040047496001,20.9565351686589));
#10588=CARTESIAN_POINT('',(160.575,-140.040047496001,20.9565351686589));
#10589=CARTESIAN_POINT('',(171.,-136.578270920132,21.259401374707));
#10590=CARTESIAN_POINT('Origin',(133.917799069314,-121.49140977651,21.0736009366487));
#10591=CARTESIAN_POINT('',(133.917799069314,-121.49140977651,21.0736009366487));
#10592=CARTESIAN_POINT('',(134.,-121.07973150409,21.1096181185053));
#10593=CARTESIAN_POINT('',(136.693804608737,-107.588633309645,22.2899362690344));
#10594=CARTESIAN_POINT('',(133.917799069314,-121.622143390631,22.5678929837863));
#10595=CARTESIAN_POINT('',(133.917799069314,-121.49140977651,21.0736009366487));
#10596=CARTESIAN_POINT('',(134.,-121.210465118212,22.603910165643));
#10597=CARTESIAN_POINT('',(134.,-121.210465118212,22.603910165643));
#10598=CARTESIAN_POINT('',(134.,-121.07973150409,21.1096181185053));
#10599=CARTESIAN_POINT('Origin',(133.46174249306,-121.945730919805,21.0338529870102));
#10600=CARTESIAN_POINT('',(133.46174249306,-121.945730919805,21.0338529870102));
#10601=CARTESIAN_POINT('',(143.163257233806,-112.281133371602,21.8793957100185));
#10602=CARTESIAN_POINT('',(133.46174249306,-122.076464533926,22.5281450341479));
#10603=CARTESIAN_POINT('',(133.46174249306,-121.945730919805,21.0338529870102));
#10604=CARTESIAN_POINT('',(133.917799069314,-121.622143390631,22.5678929837863));
#10605=CARTESIAN_POINT('Origin',(133.048491676519,-122.027619051133,21.0266887038417));
#10606=CARTESIAN_POINT('',(133.048491676519,-122.027619051133,21.0266887038417));
#10607=CARTESIAN_POINT('',(141.413413687425,-120.370059514023,21.1717063724582));
#10608=CARTESIAN_POINT('',(133.048491676519,-122.158352665254,22.5209807509794));
#10609=CARTESIAN_POINT('',(133.048491676519,-122.027619051133,21.0266887038417));
#10610=CARTESIAN_POINT('',(133.46174249306,-122.076464533926,22.5281450341479));
#10611=CARTESIAN_POINT('Origin',(118.851508323481,-122.027619051133,21.0266887038417));
#10612=CARTESIAN_POINT('',(118.851508323481,-122.027619051133,21.0266887038417));
#10613=CARTESIAN_POINT('',(131.925757605306,-122.027619051133,21.0266887038417));
#10614=CARTESIAN_POINT('',(118.851508323481,-122.158352665254,22.5209807509794));
#10615=CARTESIAN_POINT('',(118.851508323481,-122.027619051133,21.0266887038417));
#10616=CARTESIAN_POINT('',(133.048491676519,-122.158352665254,22.5209807509794));
#10617=CARTESIAN_POINT('Origin',(118.43825750694,-121.945730919805,21.0338529870103));
#10618=CARTESIAN_POINT('',(118.43825750694,-121.945730919805,21.0338529870103));
#10619=CARTESIAN_POINT('',(128.604916131968,-123.960315388436,20.8575996842896));
#10620=CARTESIAN_POINT('',(118.43825750694,-122.076464533926,22.5281450341479));
#10621=CARTESIAN_POINT('',(118.43825750694,-121.945730919805,21.0338529870103));
#10622=CARTESIAN_POINT('',(118.851508323481,-122.158352665254,22.5209807509794));
#10623=CARTESIAN_POINT('Origin',(117.982200930687,-121.491409776511,21.0736009366486));
#10624=CARTESIAN_POINT('',(117.982200930687,-121.491409776511,21.0736009366486));
#10625=CARTESIAN_POINT('',(118.033717921624,-121.542730729744,21.0691109350394));
#10626=CARTESIAN_POINT('',(117.982200930687,-121.622143390632,22.5678929837863));
#10627=CARTESIAN_POINT('',(117.982200930687,-121.491409776511,21.0736009366486));
#10628=CARTESIAN_POINT('',(118.43825750694,-122.076464533926,22.5281450341479));
#10629=CARTESIAN_POINT('Origin',(117.9,-121.079731504091,21.1096181185052));
#10630=CARTESIAN_POINT('',(117.9,-121.079731504091,21.1096181185052));
#10631=CARTESIAN_POINT('',(115.890146585367,-111.013994113542,21.9902560302073));
#10632=CARTESIAN_POINT('',(117.9,-121.210465118213,22.6039101656429));
#10633=CARTESIAN_POINT('',(117.9,-121.079731504091,21.1096181185052));
#10634=CARTESIAN_POINT('',(117.982200930687,-121.622143390632,22.5678929837863));
#10635=CARTESIAN_POINT('Origin',(117.9,-106.936771958897,22.3469667474155));
#10636=CARTESIAN_POINT('',(117.9,-106.936771958897,22.3469667474155));
#10637=CARTESIAN_POINT('',(117.9,-100.859235250239,22.8786823115857));
#10638=CARTESIAN_POINT('',(117.9,-107.067505573018,23.8412587945531));
#10639=CARTESIAN_POINT('',(117.9,-106.936771958897,22.3469667474155));
#10640=CARTESIAN_POINT('',(117.9,-121.210465118213,22.6039101656429));
#10641=CARTESIAN_POINT('Origin',(117.982200930687,-106.525093686477,22.3829839292722));
#10642=CARTESIAN_POINT('',(117.982200930687,-106.525093686477,22.3829839292722));
#10643=CARTESIAN_POINT('',(119.62415095978,-98.3018881129047,23.102421194803));
#10644=CARTESIAN_POINT('',(117.982200930687,-106.655827300599,23.8772759764098));
#10645=CARTESIAN_POINT('',(117.982200930687,-106.525093686477,22.3829839292722));
#10646=CARTESIAN_POINT('',(117.9,-107.067505573018,23.8412587945531));
#10647=CARTESIAN_POINT('Origin',(118.43825750694,-106.070772543184,22.4227318789105));
#10648=CARTESIAN_POINT('',(118.43825750694,-106.070772543184,22.4227318789105));
#10649=CARTESIAN_POINT('',(127.911743959568,-96.6333355666385,23.2484006270986));
#10650=CARTESIAN_POINT('',(118.43825750694,-106.201506157305,23.9170239260481));
#10651=CARTESIAN_POINT('',(118.43825750694,-106.070772543184,22.4227318789105));
#10652=CARTESIAN_POINT('',(117.982200930687,-106.655827300599,23.8772759764098));
#10653=CARTESIAN_POINT('Origin',(118.85150832348,-105.988884411855,22.429896162079));
#10654=CARTESIAN_POINT('',(118.85150832348,-105.988884411855,22.429896162079));
#10655=CARTESIAN_POINT('',(132.504445449284,-103.283472919293,22.666588997851));
#10656=CARTESIAN_POINT('',(118.85150832348,-106.119618025977,23.9241882092167));
#10657=CARTESIAN_POINT('',(118.85150832348,-105.988884411855,22.429896162079));
#10658=CARTESIAN_POINT('',(118.43825750694,-106.201506157305,23.9170239260481));
#10659=CARTESIAN_POINT('Origin',(133.04849167652,-105.988884411855,22.429896162079));
#10660=CARTESIAN_POINT('',(133.04849167652,-105.988884411855,22.429896162079));
#10661=CARTESIAN_POINT('',(139.024249281825,-105.988884411855,22.429896162079));
#10662=CARTESIAN_POINT('',(133.04849167652,-106.119618025977,23.9241882092167));
#10663=CARTESIAN_POINT('',(133.04849167652,-105.988884411855,22.429896162079));
#10664=CARTESIAN_POINT('',(118.85150832348,-106.119618025977,23.9241882092167));
#10665=CARTESIAN_POINT('Origin',(133.46174249306,-106.070772543184,22.4227318789105));
#10666=CARTESIAN_POINT('',(133.46174249306,-106.070772543184,22.4227318789105));
#10667=CARTESIAN_POINT('',(137.927135186643,-106.955616925069,22.3453180265109));
#10668=CARTESIAN_POINT('',(133.46174249306,-106.201506157305,23.9170239260481));
#10669=CARTESIAN_POINT('',(133.46174249306,-106.070772543184,22.4227318789105));
#10670=CARTESIAN_POINT('',(133.04849167652,-106.119618025977,23.9241882092167));
#10671=CARTESIAN_POINT('Origin',(133.917799069314,-106.525093686478,22.3829839292721));
#10672=CARTESIAN_POINT('',(133.917799069314,-106.525093686478,22.3829839292721));
#10673=CARTESIAN_POINT('',(133.741287772129,-106.349254068069,22.3983679024816));
#10674=CARTESIAN_POINT('',(133.917799069314,-106.6558273006,23.8772759764097));
#10675=CARTESIAN_POINT('',(133.917799069314,-106.525093686478,22.3829839292721));
#10676=CARTESIAN_POINT('',(133.46174249306,-106.201506157305,23.9170239260481));
#10677=CARTESIAN_POINT('Origin',(134.,-106.936771958898,22.3469667474155));
#10678=CARTESIAN_POINT('',(134.,-106.936771958898,22.3469667474155));
#10679=CARTESIAN_POINT('',(133.042001165042,-102.138927189205,22.7667237741207));
#10680=CARTESIAN_POINT('',(134.,-107.067505573019,23.8412587945531));
#10681=CARTESIAN_POINT('',(134.,-106.936771958898,22.3469667474155));
#10682=CARTESIAN_POINT('',(133.917799069314,-106.6558273006,23.8772759764097));
#10683=CARTESIAN_POINT('Origin',(134.,-121.07973150409,21.1096181185053));
#10684=CARTESIAN_POINT('',(134.,-107.930715022836,22.2600079971306));
#10685=CARTESIAN_POINT('',(134.,-107.067505573019,23.8412587945531));
#10686=CARTESIAN_POINT('Origin',(125.95,-114.138985345616,23.222584480098));
#10687=CARTESIAN_POINT('',(119.,-107.215432193878,23.8283168921942));
#10688=CARTESIAN_POINT('',(132.9,-107.215432193878,23.8283168921942));
#10689=CARTESIAN_POINT('',(129.425,-107.215432193878,23.8283168921942));
#10690=CARTESIAN_POINT('',(119.,-121.062538497353,22.6168520680018));
#10691=CARTESIAN_POINT('',(119.,-110.677208769747,23.5254506861461));
#10692=CARTESIAN_POINT('',(132.9,-121.062538497353,22.6168520680018));
#10693=CARTESIAN_POINT('',(122.475,-121.062538497353,22.6168520680018));
#10694=CARTESIAN_POINT('',(132.9,-117.600761921484,22.9197182740499));
#10695=CARTESIAN_POINT('Origin',(156.082200930687,-106.525093686478,22.3829839292722));
#10696=CARTESIAN_POINT('',(156.082200930687,-106.525093686478,22.3829839292722));
#10697=CARTESIAN_POINT('',(156.,-106.936771958897,22.3469667474155));
#10698=CARTESIAN_POINT('',(156.999099562435,-101.933086740224,22.7847324799016));
#10699=CARTESIAN_POINT('',(156.082200930687,-106.655827300599,23.8772759764098));
#10700=CARTESIAN_POINT('',(156.082200930687,-106.525093686478,22.3829839292722));
#10701=CARTESIAN_POINT('',(156.,-107.067505573018,23.8412587945532));
#10702=CARTESIAN_POINT('',(156.,-107.067505573018,23.8412587945532));
#10703=CARTESIAN_POINT('',(156.,-106.936771958897,22.3469667474155));
#10704=CARTESIAN_POINT('Origin',(156.53825750694,-106.070772543184,22.4227318789105));
#10705=CARTESIAN_POINT('',(156.53825750694,-106.070772543184,22.4227318789105));
#10706=CARTESIAN_POINT('',(156.486743959565,-106.122090065959,22.4182421774275));
#10707=CARTESIAN_POINT('',(156.53825750694,-106.201506157305,23.9170239260481));
#10708=CARTESIAN_POINT('',(156.53825750694,-106.070772543184,22.4227318789105));
#10709=CARTESIAN_POINT('',(156.082200930687,-106.655827300599,23.8772759764098));
#10710=CARTESIAN_POINT('Origin',(156.95150832348,-105.988884411855,22.429896162079));
#10711=CARTESIAN_POINT('',(156.95150832348,-105.988884411855,22.429896162079));
#10712=CARTESIAN_POINT('',(152.279496846631,-106.914671546621,22.3489002829489));
#10713=CARTESIAN_POINT('',(156.95150832348,-106.119618025977,23.9241882092167));
#10714=CARTESIAN_POINT('',(156.95150832348,-105.988884411855,22.429896162079));
#10715=CARTESIAN_POINT('',(156.53825750694,-106.201506157305,23.9170239260481));
#10716=CARTESIAN_POINT('Origin',(171.14849167652,-105.988884411855,22.429896162079));
#10717=CARTESIAN_POINT('',(171.14849167652,-105.988884411855,22.429896162079));
#10718=CARTESIAN_POINT('',(158.074249281825,-105.988884411855,22.429896162079));
#10719=CARTESIAN_POINT('',(171.14849167652,-106.119618025977,23.9241882092167));
#10720=CARTESIAN_POINT('',(171.14849167652,-105.988884411855,22.429896162079));
#10721=CARTESIAN_POINT('',(156.95150832348,-106.119618025977,23.9241882092167));
#10722=CARTESIAN_POINT('Origin',(171.56174249306,-106.070772543184,22.4227318789105));
#10723=CARTESIAN_POINT('',(171.56174249306,-106.070772543184,22.4227318789105));
#10724=CARTESIAN_POINT('',(157.702186583989,-103.324418297739,22.6630067414132));
#10725=CARTESIAN_POINT('',(171.56174249306,-106.201506157306,23.9170239260481));
#10726=CARTESIAN_POINT('',(171.56174249306,-106.070772543184,22.4227318789105));
#10727=CARTESIAN_POINT('',(171.14849167652,-106.119618025977,23.9241882092167));
#10728=CARTESIAN_POINT('Origin',(172.017799069314,-106.525093686478,22.3829839292721));
#10729=CARTESIAN_POINT('',(172.017799069314,-106.525093686478,22.3829839292721));
#10730=CARTESIAN_POINT('',(162.316287772133,-96.8604995687428,23.2285263521533));
#10731=CARTESIAN_POINT('',(172.017799069314,-106.655827300599,23.8772759764097));
#10732=CARTESIAN_POINT('',(172.017799069314,-106.525093686478,22.3829839292721));
#10733=CARTESIAN_POINT('',(171.56174249306,-106.201506157306,23.9170239260481));
#10734=CARTESIAN_POINT('Origin',(172.1,-106.936771958897,22.3469667474155));
#10735=CARTESIAN_POINT('',(172.1,-106.936771958897,22.3469667474155));
#10736=CARTESIAN_POINT('',(170.4169497677,-98.5077285619077,23.0844124890201));
#10737=CARTESIAN_POINT('',(172.1,-107.067505573019,23.8412587945531));
#10738=CARTESIAN_POINT('',(172.1,-106.936771958897,22.3469667474155));
#10739=CARTESIAN_POINT('',(172.017799069314,-106.655827300599,23.8772759764097));
#10740=CARTESIAN_POINT('Origin',(172.1,-121.079731504091,21.1096181185053));
#10741=CARTESIAN_POINT('',(172.1,-121.079731504091,21.1096181185053));
#10742=CARTESIAN_POINT('',(172.1,-107.930715022836,22.2600079971306));
#10743=CARTESIAN_POINT('',(172.1,-121.210465118212,22.6039101656429));
#10744=CARTESIAN_POINT('',(172.1,-121.079731504091,21.1096181185053));
#10745=CARTESIAN_POINT('',(172.1,-107.067505573019,23.8412587945531));
#10746=CARTESIAN_POINT('Origin',(172.017799069314,-121.49140977651,21.0736009366487));
#10747=CARTESIAN_POINT('',(172.017799069314,-121.49140977651,21.0736009366487));
#10748=CARTESIAN_POINT('',(174.068753211411,-111.219831936952,21.9722475541341));
#10749=CARTESIAN_POINT('',(172.017799069314,-121.622143390631,22.5678929837863));
#10750=CARTESIAN_POINT('',(172.017799069314,-121.49140977651,21.0736009366487));
#10751=CARTESIAN_POINT('',(172.1,-121.210465118212,22.6039101656429));
#10752=CARTESIAN_POINT('Origin',(171.56174249306,-121.945730919805,21.0338529870103));
#10753=CARTESIAN_POINT('',(171.56174249306,-121.945730919805,21.0338529870103));
#10754=CARTESIAN_POINT('',(171.738257233823,-121.769887870921,21.0492372603474));
#10755=CARTESIAN_POINT('',(171.56174249306,-122.076464533926,22.5281450341479));
#10756=CARTESIAN_POINT('',(171.56174249306,-121.945730919805,21.0338529870103));
#10757=CARTESIAN_POINT('',(172.017799069314,-121.622143390631,22.5678929837863));
#10758=CARTESIAN_POINT('Origin',(171.148491676519,-122.027619051133,21.0266887038417));
#10759=CARTESIAN_POINT('',(171.148491676519,-122.027619051133,21.0266887038417));
#10760=CARTESIAN_POINT('',(161.188465084768,-124.001258141318,20.8540176575589));
#10761=CARTESIAN_POINT('',(171.148491676519,-122.158352665254,22.5209807509794));
#10762=CARTESIAN_POINT('',(171.148491676519,-122.027619051133,21.0266887038417));
#10763=CARTESIAN_POINT('',(171.56174249306,-122.076464533926,22.5281450341479));
#10764=CARTESIAN_POINT('Origin',(156.951508323481,-122.027619051133,21.0266887038417));
#10765=CARTESIAN_POINT('',(156.951508323481,-122.027619051133,21.0266887038417));
#10766=CARTESIAN_POINT('',(150.975757605306,-122.027619051133,21.0266887038417));
#10767=CARTESIAN_POINT('',(156.951508323481,-122.158352665254,22.5209807509794));
#10768=CARTESIAN_POINT('',(156.951508323481,-122.027619051133,21.0266887038417));
#10769=CARTESIAN_POINT('',(171.148491676519,-122.158352665254,22.5209807509794));
#10770=CARTESIAN_POINT('Origin',(156.53825750694,-121.945730919805,21.0338529870103));
#10771=CARTESIAN_POINT('',(156.53825750694,-121.945730919805,21.0338529870103));
#10772=CARTESIAN_POINT('',(148.379967529306,-120.329116761141,21.1752883991888));
#10773=CARTESIAN_POINT('',(156.53825750694,-122.076464533926,22.5281450341479));
#10774=CARTESIAN_POINT('',(156.53825750694,-121.945730919805,21.0338529870103));
#10775=CARTESIAN_POINT('',(156.951508323481,-122.158352665254,22.5209807509794));
#10776=CARTESIAN_POINT('Origin',(156.082200930687,-121.49140977651,21.0736009366487));
#10777=CARTESIAN_POINT('',(156.082200930687,-121.49140977651,21.0736009366487));
#10778=CARTESIAN_POINT('',(146.608717921634,-112.053976230411,21.8992693847116));
#10779=CARTESIAN_POINT('',(156.082200930687,-121.622143390632,22.5678929837863));
#10780=CARTESIAN_POINT('',(156.082200930687,-121.49140977651,21.0736009366487));
#10781=CARTESIAN_POINT('',(156.53825750694,-122.076464533926,22.5281450341479));
#10782=CARTESIAN_POINT('Origin',(156.,-121.079731504091,21.1096181185052));
#10783=CARTESIAN_POINT('',(156.,-121.079731504091,21.1096181185052));
#10784=CARTESIAN_POINT('',(153.265095188022,-107.38279548622,22.3079447451089));
#10785=CARTESIAN_POINT('',(156.,-121.210465118213,22.6039101656429));
#10786=CARTESIAN_POINT('',(156.,-121.079731504091,21.1096181185052));
#10787=CARTESIAN_POINT('',(156.082200930687,-121.622143390632,22.5678929837863));
#10788=CARTESIAN_POINT('Origin',(156.,-106.936771958897,22.3469667474155));
#10789=CARTESIAN_POINT('',(156.,-100.859235250239,22.8786823115857));
#10790=CARTESIAN_POINT('',(156.,-121.210465118213,22.6039101656429));
#10791=CARTESIAN_POINT('Origin',(164.05,-114.138985345616,23.222584480098));
#10792=CARTESIAN_POINT('',(157.1,-107.215432193878,23.8283168921942));
#10793=CARTESIAN_POINT('',(171.,-107.215432193878,23.8283168921942));
#10794=CARTESIAN_POINT('',(167.525,-107.215432193878,23.8283168921942));
#10795=CARTESIAN_POINT('',(157.1,-121.062538497353,22.6168520680018));
#10796=CARTESIAN_POINT('',(157.1,-110.677208769747,23.5254506861461));
#10797=CARTESIAN_POINT('',(171.,-121.062538497353,22.6168520680018));
#10798=CARTESIAN_POINT('',(160.575,-121.062538497353,22.6168520680018));
#10799=CARTESIAN_POINT('',(171.,-117.600761921484,22.9197182740499));
#10800=CARTESIAN_POINT('Origin',(152.967799069314,-83.5363917792143,24.3942347353345));
#10801=CARTESIAN_POINT('',(152.967799069314,-83.5363917792143,24.3942347353345));
#10802=CARTESIAN_POINT('',(153.05,-83.1247135067947,24.4302519171911));
#10803=CARTESIAN_POINT('',(151.736209693938,-89.7044312667752,23.8546012039926));
#10804=CARTESIAN_POINT('',(152.967799069314,-83.6671253933357,25.8885267824721));
#10805=CARTESIAN_POINT('',(152.967799069314,-83.5363917792143,24.3942347353345));
#10806=CARTESIAN_POINT('',(153.05,-83.2554471209162,25.9245439643287));
#10807=CARTESIAN_POINT('',(153.05,-83.2554471209162,25.9245439643287));
#10808=CARTESIAN_POINT('',(153.05,-83.1247135067947,24.4302519171911));
#10809=CARTESIAN_POINT('Origin',(152.51174249306,-83.9907129225087,24.3544867856961));
#10810=CARTESIAN_POINT('',(152.51174249306,-83.9907129225087,24.3544867856961));
#10811=CARTESIAN_POINT('',(147.925757233811,-88.5592471233022,23.9547918341962));
#10812=CARTESIAN_POINT('',(152.51174249306,-84.1214465366302,25.8487788328337));
#10813=CARTESIAN_POINT('',(152.51174249306,-83.9907129225087,24.3544867856961));
#10814=CARTESIAN_POINT('',(152.967799069314,-83.6671253933357,25.8885267824721));
#10815=CARTESIAN_POINT('Origin',(152.09849167652,-84.0726010538371,24.3473225025275));
#10816=CARTESIAN_POINT('',(152.09849167652,-84.0726010538371,24.3473225025275));
#10817=CARTESIAN_POINT('',(147.655870169952,-84.9529331882473,24.270303420629));
#10818=CARTESIAN_POINT('',(152.09849167652,-84.2033346679585,25.8416145496651));
#10819=CARTESIAN_POINT('',(152.09849167652,-84.0726010538371,24.3473225025275));
#10820=CARTESIAN_POINT('',(152.51174249306,-84.1214465366302,25.8487788328337));
#10821=CARTESIAN_POINT('Origin',(137.90150832348,-84.0726010538371,24.3473225025275));
#10822=CARTESIAN_POINT('',(137.90150832348,-84.0726010538371,24.3473225025275));
#10823=CARTESIAN_POINT('',(141.450757605305,-84.072601053837,24.3473225025275));
#10824=CARTESIAN_POINT('',(137.90150832348,-84.2033346679585,25.8416145496651));
#10825=CARTESIAN_POINT('',(137.90150832348,-84.0726010538371,24.3473225025275));
#10826=CARTESIAN_POINT('',(152.09849167652,-84.2033346679585,25.8416145496651));
#10827=CARTESIAN_POINT('Origin',(137.48825750694,-83.9907129225088,24.3544867856961));
#10828=CARTESIAN_POINT('',(137.48825750694,-83.9907129225088,24.3544867856961));
#10829=CARTESIAN_POINT('',(142.137511046782,-84.9119904353682,24.2738854473595));
#10830=CARTESIAN_POINT('',(137.48825750694,-84.1214465366303,25.8487788328337));
#10831=CARTESIAN_POINT('',(137.48825750694,-83.9907129225088,24.3544867856961));
#10832=CARTESIAN_POINT('',(137.90150832348,-84.2033346679585,25.8416145496651));
#10833=CARTESIAN_POINT('Origin',(137.032200930687,-83.5363917792153,24.3942347353344));
#10834=CARTESIAN_POINT('',(137.032200930687,-83.5363917792153,24.3942347353344));
#10835=CARTESIAN_POINT('',(141.84621792163,-88.3320899821134,23.9746655088892));
#10836=CARTESIAN_POINT('',(137.032200930687,-83.6671253933368,25.888526782472));
#10837=CARTESIAN_POINT('',(137.032200930687,-83.5363917792153,24.3942347353344));
#10838=CARTESIAN_POINT('',(137.48825750694,-84.1214465366303,25.8487788328337));
#10839=CARTESIAN_POINT('Origin',(136.95,-83.1247135067956,24.430251917191));
#10840=CARTESIAN_POINT('',(136.95,-83.1247135067956,24.430251917191));
#10841=CARTESIAN_POINT('',(138.222690102859,-89.4985934433528,23.872609680067));
#10842=CARTESIAN_POINT('',(136.95,-83.2554471209171,25.9245439643287));
#10843=CARTESIAN_POINT('',(136.95,-83.1247135067956,24.430251917191));
#10844=CARTESIAN_POINT('',(137.032200930687,-83.6671253933368,25.888526782472));
#10845=CARTESIAN_POINT('Origin',(136.95,-68.9817539616015,25.6676005461013));
#10846=CARTESIAN_POINT('',(136.95,-68.9817539616015,25.6676005461013));
#10847=CARTESIAN_POINT('',(136.95,-81.8817262515915,24.5389992109286));
#10848=CARTESIAN_POINT('',(136.95,-69.112487575723,27.1618925932389));
#10849=CARTESIAN_POINT('',(136.95,-68.9817539616015,25.6676005461013));
#10850=CARTESIAN_POINT('',(136.95,-83.2554471209171,25.9245439643287));
#10851=CARTESIAN_POINT('Origin',(137.032200930687,-68.5700756891819,25.703617727958));
#10852=CARTESIAN_POINT('',(137.032200930687,-68.5700756891819,25.703617727958));
#10853=CARTESIAN_POINT('',(134.666556044946,-80.4176860700397,24.6670861297608));
#10854=CARTESIAN_POINT('',(137.032200930687,-68.7008093033033,27.1979097750956));
#10855=CARTESIAN_POINT('',(137.032200930687,-68.5700756891819,25.703617727958));
#10856=CARTESIAN_POINT('',(136.95,-69.112487575723,27.1618925932389));
#10857=CARTESIAN_POINT('Origin',(137.488257506941,-68.1157545458879,25.7433656775963));
#10858=CARTESIAN_POINT('',(137.488257506941,-68.1157545458879,25.7433656775963));
#10859=CARTESIAN_POINT('',(132.674243959564,-72.9114493183244,25.3237967512776));
#10860=CARTESIAN_POINT('',(137.488257506941,-68.2464881600094,27.2376577247339));
#10861=CARTESIAN_POINT('',(137.488257506941,-68.1157545458879,25.7433656775963));
#10862=CARTESIAN_POINT('',(137.032200930687,-68.7008093033033,27.1979097750956));
#10863=CARTESIAN_POINT('Origin',(137.901508323481,-68.03386641456,25.7505299607648));
#10864=CARTESIAN_POINT('',(137.901508323481,-68.03386641456,25.7505299607648));
#10865=CARTESIAN_POINT('',(138.746901931806,-67.866346593542,25.7651860460198));
#10866=CARTESIAN_POINT('',(137.901508323481,-68.1646000286815,27.2448220079024));
#10867=CARTESIAN_POINT('',(137.901508323481,-68.03386641456,25.7505299607648));
#10868=CARTESIAN_POINT('',(137.488257506941,-68.2464881600094,27.2376577247339));
#10869=CARTESIAN_POINT('Origin',(152.098491676519,-68.03386641456,25.7505299607648));
#10870=CARTESIAN_POINT('',(152.098491676519,-68.03386641456,25.7505299607648));
#10871=CARTESIAN_POINT('',(148.549249281825,-68.03386641456,25.7505299607648));
#10872=CARTESIAN_POINT('',(152.098491676519,-68.1646000286815,27.2448220079024));
#10873=CARTESIAN_POINT('',(152.098491676519,-68.03386641456,25.7505299607648));
#10874=CARTESIAN_POINT('',(137.901508323481,-68.1646000286815,27.2448220079024));
#10875=CARTESIAN_POINT('Origin',(152.51174249306,-68.1157545458879,25.7433656775963));
#10876=CARTESIAN_POINT('',(152.51174249306,-68.1157545458879,25.7433656775963));
#10877=CARTESIAN_POINT('',(151.459730101465,-67.9072919719899,25.7616037895818));
#10878=CARTESIAN_POINT('',(152.51174249306,-68.2464881600094,27.2376577247339));
#10879=CARTESIAN_POINT('',(152.51174249306,-68.1157545458879,25.7433656775963));
#10880=CARTESIAN_POINT('',(152.098491676519,-68.1646000286815,27.2448220079024));
#10881=CARTESIAN_POINT('Origin',(152.967799069314,-68.5700756891829,25.7036177279579));
#10882=CARTESIAN_POINT('',(152.967799069314,-68.5700756891829,25.7036177279579));
#10883=CARTESIAN_POINT('',(157.553787772131,-73.1386133204421,25.3039224763311));
#10884=CARTESIAN_POINT('',(152.967799069314,-68.7008093033044,27.1979097750955));
#10885=CARTESIAN_POINT('',(152.967799069314,-68.5700756891829,25.7036177279579));
#10886=CARTESIAN_POINT('',(152.51174249306,-68.2464881600094,27.2376577247339));
#10887=CARTESIAN_POINT('Origin',(153.05,-68.9817539616023,25.6676005461012));
#10888=CARTESIAN_POINT('',(153.05,-68.9817539616023,25.6676005461012));
#10889=CARTESIAN_POINT('',(155.374544682506,-80.6235265190495,24.6490774239774));
#10890=CARTESIAN_POINT('',(153.05,-69.1124875757238,27.1618925932388));
#10891=CARTESIAN_POINT('',(153.05,-68.9817539616023,25.6676005461012));
#10892=CARTESIAN_POINT('',(152.967799069314,-68.7008093033044,27.1979097750955));
#10893=CARTESIAN_POINT('Origin',(153.05,-83.1247135067947,24.4302519171911));
#10894=CARTESIAN_POINT('',(153.05,-88.9532060241881,23.9203248964735));
#10895=CARTESIAN_POINT('',(153.05,-69.1124875757238,27.1618925932388));
#10896=CARTESIAN_POINT('Origin',(145.,-76.18396734832,26.5432182787838));
#10897=CARTESIAN_POINT('',(138.05,-69.2604141965824,27.14895069088));
#10898=CARTESIAN_POINT('',(151.95,-69.2604141965824,27.14895069088));
#10899=CARTESIAN_POINT('',(148.475,-69.2604141965824,27.14895069088));
#10900=CARTESIAN_POINT('',(138.05,-83.1075205000577,25.9374858666876));
#10901=CARTESIAN_POINT('',(138.05,-72.7221907724512,26.8460844848319));
#10902=CARTESIAN_POINT('',(151.95,-83.1075205000577,25.9374858666876));
#10903=CARTESIAN_POINT('',(141.525,-83.1075205000577,25.9374858666876));
#10904=CARTESIAN_POINT('',(151.95,-79.6457439241888,26.2403520727357));
#10905=CARTESIAN_POINT('Origin',(156.082200930687,-68.5700756891824,25.7036177279579));
#10906=CARTESIAN_POINT('',(156.082200930687,-68.5700756891824,25.7036177279579));
#10907=CARTESIAN_POINT('',(156.,-68.9817539616015,25.6676005461013));
#10908=CARTESIAN_POINT('',(153.354030346274,-82.2332853836982,24.5082417723103));
#10909=CARTESIAN_POINT('',(156.082200930687,-68.7008093033039,27.1979097750955));
#10910=CARTESIAN_POINT('',(156.082200930687,-68.5700756891824,25.7036177279579));
#10911=CARTESIAN_POINT('',(156.,-69.112487575723,27.1618925932389));
#10912=CARTESIAN_POINT('',(156.,-69.112487575723,27.1618925932389));
#10913=CARTESIAN_POINT('',(156.,-68.9817539616015,25.6676005461013));
#10914=CARTESIAN_POINT('Origin',(156.53825750694,-68.1157545458879,25.7433656775963));
#10915=CARTESIAN_POINT('',(156.53825750694,-68.1157545458879,25.7433656775963));
#10916=CARTESIAN_POINT('',(146.961743959568,-77.6558265679994,24.9087175264407));
#10917=CARTESIAN_POINT('',(156.53825750694,-68.2464881600093,27.2376577247339));
#10918=CARTESIAN_POINT('',(156.53825750694,-68.1157545458879,25.7433656775963));
#10919=CARTESIAN_POINT('',(156.082200930687,-68.7008093033039,27.1979097750955));
#10920=CARTESIAN_POINT('Origin',(156.951508323481,-68.03386641456,25.7505299607648));
#10921=CARTESIAN_POINT('',(156.951508323481,-68.03386641456,25.7505299607648));
#10922=CARTESIAN_POINT('',(148.63442763048,-69.6819459071884,25.6063416885703));
#10923=CARTESIAN_POINT('',(156.951508323481,-68.1646000286815,27.2448220079024));
#10924=CARTESIAN_POINT('',(156.951508323481,-68.03386641456,25.7505299607648));
#10925=CARTESIAN_POINT('',(156.53825750694,-68.2464881600093,27.2376577247339));
#10926=CARTESIAN_POINT('Origin',(171.148491676519,-68.03386641456,25.7505299607648));
#10927=CARTESIAN_POINT('',(171.148491676519,-68.03386641456,25.7505299607648));
#10928=CARTESIAN_POINT('',(158.074249281825,-68.03386641456,25.7505299607648));
#10929=CARTESIAN_POINT('',(171.148491676519,-68.1646000286815,27.2448220079024));
#10930=CARTESIAN_POINT('',(171.148491676519,-68.03386641456,25.7505299607648));
#10931=CARTESIAN_POINT('',(156.951508323481,-68.1646000286815,27.2448220079024));
#10932=CARTESIAN_POINT('Origin',(171.56174249306,-68.115754545888,25.7433656775963));
#10933=CARTESIAN_POINT('',(171.56174249306,-68.115754545888,25.7433656775963));
#10934=CARTESIAN_POINT('',(161.347255800134,-66.0916926583397,25.9204481470317));
#10935=CARTESIAN_POINT('',(171.56174249306,-68.2464881600095,27.2376577247339));
#10936=CARTESIAN_POINT('',(171.56174249306,-68.115754545888,25.7433656775963));
#10937=CARTESIAN_POINT('',(171.148491676519,-68.1646000286815,27.2448220079024));
#10938=CARTESIAN_POINT('Origin',(172.017799069314,-68.5700756891828,25.7036177279579));
#10939=CARTESIAN_POINT('',(172.017799069314,-68.5700756891828,25.7036177279579));
#10940=CARTESIAN_POINT('',(171.84128777214,-68.3942360707844,25.7190017011665));
#10941=CARTESIAN_POINT('',(172.017799069314,-68.7008093033043,27.1979097750955));
#10942=CARTESIAN_POINT('',(172.017799069314,-68.5700756891828,25.7036177279579));
#10943=CARTESIAN_POINT('',(171.56174249306,-68.2464881600095,27.2376577247339));
#10944=CARTESIAN_POINT('Origin',(172.1,-68.9817539616019,25.6676005461013));
#10945=CARTESIAN_POINT('',(172.1,-68.9817539616019,25.6676005461013));
#10946=CARTESIAN_POINT('',(174.062018983847,-78.8079272053913,24.8079217814279));
#10947=CARTESIAN_POINT('',(172.1,-69.1124875757234,27.1618925932389));
#10948=CARTESIAN_POINT('',(172.1,-68.9817539616019,25.6676005461013));
#10949=CARTESIAN_POINT('',(172.017799069314,-68.7008093033043,27.1979097750955));
#10950=CARTESIAN_POINT('Origin',(172.1,-83.1247135067952,24.4302519171911));
#10951=CARTESIAN_POINT('',(172.1,-83.1247135067952,24.4302519171911));
#10952=CARTESIAN_POINT('',(172.1,-88.9532060241883,23.9203248964735));
#10953=CARTESIAN_POINT('',(172.1,-83.2554471209167,25.9245439643287));
#10954=CARTESIAN_POINT('',(172.1,-83.1247135067952,24.4302519171911));
#10955=CARTESIAN_POINT('',(172.1,-69.1124875757234,27.1618925932389));
#10956=CARTESIAN_POINT('Origin',(172.017799069314,-83.5363917792144,24.3942347353345));
#10957=CARTESIAN_POINT('',(172.017799069314,-83.5363917792144,24.3942347353345));
#10958=CARTESIAN_POINT('',(170.423683995264,-91.5200305804266,23.6957568465427));
#10959=CARTESIAN_POINT('',(172.017799069314,-83.6671253933359,25.8885267824721));
#10960=CARTESIAN_POINT('',(172.017799069314,-83.5363917792144,24.3942347353345));
#10961=CARTESIAN_POINT('',(172.1,-83.2554471209167,25.9245439643287));
#10962=CARTESIAN_POINT('Origin',(171.56174249306,-83.9907129225087,24.3544867856961));
#10963=CARTESIAN_POINT('',(171.56174249306,-83.9907129225087,24.3544867856961));
#10964=CARTESIAN_POINT('',(162.213257233819,-93.3036243729659,23.5397126093603));
#10965=CARTESIAN_POINT('',(171.56174249306,-84.1214465366302,25.8487788328337));
#10966=CARTESIAN_POINT('',(171.56174249306,-83.9907129225087,24.3544867856961));
#10967=CARTESIAN_POINT('',(172.017799069314,-83.6671253933359,25.8885267824721));
#10968=CARTESIAN_POINT('Origin',(171.14849167652,-84.0726010538371,24.3473225025275));
#10969=CARTESIAN_POINT('',(171.14849167652,-84.0726010538371,24.3473225025275));
#10970=CARTESIAN_POINT('',(157.543395868623,-86.7685325019054,24.1114590631785));
#10971=CARTESIAN_POINT('',(171.14849167652,-84.2033346679585,25.8416145496651));
#10972=CARTESIAN_POINT('',(171.14849167652,-84.0726010538371,24.3473225025275));
#10973=CARTESIAN_POINT('',(171.56174249306,-84.1214465366302,25.8487788328337));
#10974=CARTESIAN_POINT('Origin',(156.951508323481,-84.0726010538371,24.3473225025275));
#10975=CARTESIAN_POINT('',(156.951508323481,-84.0726010538371,24.3473225025275));
#10976=CARTESIAN_POINT('',(150.975757605306,-84.072601053837,24.3473225025275));
#10977=CARTESIAN_POINT('',(156.951508323481,-84.2033346679585,25.8416145496651));
#10978=CARTESIAN_POINT('',(156.951508323481,-84.0726010538371,24.3473225025275));
#10979=CARTESIAN_POINT('',(171.14849167652,-84.2033346679585,25.8416145496651));
#10980=CARTESIAN_POINT('Origin',(156.53825750694,-83.9907129225089,24.3544867856961));
#10981=CARTESIAN_POINT('',(156.53825750694,-83.9907129225089,24.3544867856961));
#10982=CARTESIAN_POINT('',(152.02503674545,-83.0963911217104,24.43272980481));
#10983=CARTESIAN_POINT('',(156.53825750694,-84.1214465366303,25.8487788328337));
#10984=CARTESIAN_POINT('',(156.53825750694,-83.9907129225089,24.3544867856961));
#10985=CARTESIAN_POINT('',(156.951508323481,-84.2033346679585,25.8416145496651));
#10986=CARTESIAN_POINT('Origin',(156.082200930687,-83.5363917792148,24.3942347353344));
#10987=CARTESIAN_POINT('',(156.082200930687,-83.5363917792148,24.3942347353344));
#10988=CARTESIAN_POINT('',(156.133717921632,-83.5877127324565,24.3897447337244));
#10989=CARTESIAN_POINT('',(156.082200930687,-83.6671253933363,25.8885267824721));
#10990=CARTESIAN_POINT('',(156.082200930687,-83.5363917792148,24.3942347353344));
#10991=CARTESIAN_POINT('',(156.53825750694,-84.1214465366303,25.8487788328337));
#10992=CARTESIAN_POINT('Origin',(156.,-83.1247135067956,24.430251917191));
#10993=CARTESIAN_POINT('',(156.,-83.1247135067956,24.430251917191));
#10994=CARTESIAN_POINT('',(156.910164404187,-87.6829941296945,24.0314540375175));
#10995=CARTESIAN_POINT('',(156.,-83.2554471209171,25.9245439643287));
#10996=CARTESIAN_POINT('',(156.,-83.1247135067956,24.430251917191));
#10997=CARTESIAN_POINT('',(156.082200930687,-83.6671253933363,25.8885267824721));
#10998=CARTESIAN_POINT('Origin',(156.,-68.9817539616015,25.6676005461013));
#10999=CARTESIAN_POINT('',(156.,-81.8817262515915,24.5389992109286));
#11000=CARTESIAN_POINT('',(156.,-83.2554471209171,25.9245439643287));
#11001=CARTESIAN_POINT('Origin',(164.05,-76.18396734832,26.5432182787838));
#11002=CARTESIAN_POINT('',(157.1,-69.2604141965824,27.14895069088));
#11003=CARTESIAN_POINT('',(171.,-69.2604141965824,27.14895069088));
#11004=CARTESIAN_POINT('',(167.525,-69.2604141965824,27.14895069088));
#11005=CARTESIAN_POINT('',(157.1,-83.1075205000577,25.9374858666876));
#11006=CARTESIAN_POINT('',(157.1,-72.7221907724512,26.8460844848319));
#11007=CARTESIAN_POINT('',(171.,-83.1075205000577,25.9374858666876));
#11008=CARTESIAN_POINT('',(160.575,-83.1075205000577,25.9374858666876));
#11009=CARTESIAN_POINT('',(171.,-79.6457439241888,26.2403520727357));
#11010=CARTESIAN_POINT('Origin',(156.082200930687,-87.5475846878301,24.043300828615));
#11011=CARTESIAN_POINT('',(156.082200930687,-87.5475846878301,24.043300828615));
#11012=CARTESIAN_POINT('',(156.,-87.9592629602493,24.0072836467584));
#11013=CARTESIAN_POINT('',(155.176564954355,-92.0831860619601,23.646487126106));
#11014=CARTESIAN_POINT('',(156.082200930687,-87.6783183019516,25.5375928757526));
#11015=CARTESIAN_POINT('',(156.082200930687,-87.5475846878301,24.043300828615));
#11016=CARTESIAN_POINT('',(156.,-88.0899965743708,25.501575693896));
#11017=CARTESIAN_POINT('',(156.,-88.0899965743708,25.501575693896));
#11018=CARTESIAN_POINT('',(156.,-87.9592629602493,24.0072836467584));
#11019=CARTESIAN_POINT('Origin',(156.53825750694,-87.0932635445355,24.0830487782534));
#11020=CARTESIAN_POINT('',(156.53825750694,-87.0932635445355,24.0830487782534));
#11021=CARTESIAN_POINT('',(151.724243959567,-91.8889583169767,23.6634798519343));
#11022=CARTESIAN_POINT('',(156.53825750694,-87.223997158657,25.577340825391));
#11023=CARTESIAN_POINT('',(156.53825750694,-87.0932635445355,24.0830487782534));
#11024=CARTESIAN_POINT('',(156.082200930687,-87.6783183019516,25.5375928757526));
#11025=CARTESIAN_POINT('Origin',(156.951508323481,-87.0113754132077,24.0902130614219));
#11026=CARTESIAN_POINT('',(156.951508323481,-87.0113754132077,24.0902130614219));
#11027=CARTESIAN_POINT('',(150.456962238549,-88.2983087269019,23.9776209857598));
#11028=CARTESIAN_POINT('',(156.951508323481,-87.1421090273292,25.5845051085595));
#11029=CARTESIAN_POINT('',(156.951508323481,-87.0113754132077,24.0902130614219));
#11030=CARTESIAN_POINT('',(156.53825750694,-87.223997158657,25.577340825391));
#11031=CARTESIAN_POINT('Origin',(171.148491676519,-87.0113754132077,24.0902130614219));
#11032=CARTESIAN_POINT('',(171.148491676519,-87.0113754132077,24.0902130614219));
#11033=CARTESIAN_POINT('',(158.074249281825,-87.0113754132077,24.0902130614219));
#11034=CARTESIAN_POINT('',(171.148491676519,-87.1421090273292,25.5845051085595));
#11035=CARTESIAN_POINT('',(171.148491676519,-87.0113754132077,24.0902130614219));
#11036=CARTESIAN_POINT('',(156.951508323481,-87.1421090273292,25.5845051085595));
#11037=CARTESIAN_POINT('Origin',(171.56174249306,-87.0932635445357,24.0830487782534));
#11038=CARTESIAN_POINT('',(171.56174249306,-87.0932635445357,24.0830487782534));
#11039=CARTESIAN_POINT('',(159.524721192061,-84.708055478052,24.2917274442213));
#11040=CARTESIAN_POINT('',(171.56174249306,-87.2239971586572,25.577340825391));
#11041=CARTESIAN_POINT('',(171.56174249306,-87.0932635445357,24.0830487782534));
#11042=CARTESIAN_POINT('',(171.148491676519,-87.1421090273292,25.5845051085595));
#11043=CARTESIAN_POINT('Origin',(172.017799069314,-87.5475846878305,24.043300828615));
#11044=CARTESIAN_POINT('',(172.017799069314,-87.5475846878305,24.043300828615));
#11045=CARTESIAN_POINT('',(167.078787772137,-82.6273678197616,24.47376402666));
#11046=CARTESIAN_POINT('',(172.017799069314,-87.678318301952,25.5375928757526));
#11047=CARTESIAN_POINT('',(172.017799069314,-87.5475846878305,24.043300828615));
#11048=CARTESIAN_POINT('',(171.56174249306,-87.2239971586572,25.577340825391));
#11049=CARTESIAN_POINT('Origin',(172.1,-87.9592629602497,24.0072836467584));
#11050=CARTESIAN_POINT('',(172.1,-87.9592629602497,24.0072836467584));
#11051=CARTESIAN_POINT('',(172.239484375775,-88.6578278836537,23.9461671352237));
#11052=CARTESIAN_POINT('',(172.1,-88.0899965743712,25.501575693896));
#11053=CARTESIAN_POINT('',(172.1,-87.9592629602497,24.0072836467584));
#11054=CARTESIAN_POINT('',(172.017799069314,-87.678318301952,25.5375928757526));
#11055=CARTESIAN_POINT('Origin',(172.1,-102.102222505443,22.7699350178482));
#11056=CARTESIAN_POINT('',(172.1,-102.102222505443,22.7699350178482));
#11057=CARTESIAN_POINT('',(172.1,-98.4419605235123,23.0901664468021));
#11058=CARTESIAN_POINT('',(172.1,-102.232956119564,24.2642270649858));
#11059=CARTESIAN_POINT('',(172.1,-102.102222505443,22.7699350178482));
#11060=CARTESIAN_POINT('',(172.1,-88.0899965743712,25.501575693896));
#11061=CARTESIAN_POINT('Origin',(172.017799069314,-102.513900777862,22.7339178359916));
#11062=CARTESIAN_POINT('',(172.017799069314,-102.513900777862,22.7339178359916));
#11063=CARTESIAN_POINT('',(172.246218603336,-101.369931258687,22.8340022003386));
#11064=CARTESIAN_POINT('',(172.017799069314,-102.644634391983,24.2282098831292));
#11065=CARTESIAN_POINT('',(172.017799069314,-102.513900777862,22.7339178359916));
#11066=CARTESIAN_POINT('',(172.1,-102.232956119564,24.2642270649858));
#11067=CARTESIAN_POINT('Origin',(171.56174249306,-102.968221921157,22.6941698863531));
#11068=CARTESIAN_POINT('',(171.56174249306,-102.968221921157,22.6941698863531));
#11069=CARTESIAN_POINT('',(166.975757233823,-107.536756121945,22.2944749348538));
#11070=CARTESIAN_POINT('',(171.56174249306,-103.098955535279,24.1884619334907));
#11071=CARTESIAN_POINT('',(171.56174249306,-102.968221921157,22.6941698863531));
#11072=CARTESIAN_POINT('',(172.017799069314,-102.644634391983,24.2282098831292));
#11073=CARTESIAN_POINT('Origin',(171.148491676519,-103.050110052485,22.6870056031846));
#11074=CARTESIAN_POINT('',(171.148491676519,-103.050110052485,22.6870056031846));
#11075=CARTESIAN_POINT('',(159.365930476687,-105.384895321596,22.4827383603701));
#11076=CARTESIAN_POINT('',(171.148491676519,-103.180843666606,24.1812976503223));
#11077=CARTESIAN_POINT('',(171.148491676519,-103.050110052485,22.6870056031846));
#11078=CARTESIAN_POINT('',(171.56174249306,-103.098955535279,24.1884619334907));
#11079=CARTESIAN_POINT('Origin',(156.951508323482,-103.050110052485,22.6870056031846));
#11080=CARTESIAN_POINT('',(156.951508323482,-103.050110052485,22.6870056031846));
#11081=CARTESIAN_POINT('',(150.975757605306,-103.050110052485,22.6870056031846));
#11082=CARTESIAN_POINT('',(156.951508323482,-103.180843666606,24.1812976503223));
#11083=CARTESIAN_POINT('',(156.951508323482,-103.050110052485,22.6870056031846));
#11084=CARTESIAN_POINT('',(171.148491676519,-103.180843666606,24.1812976503223));
#11085=CARTESIAN_POINT('Origin',(156.538257506941,-102.968221921157,22.6941698863531));
#11086=CARTESIAN_POINT('',(156.538257506941,-102.968221921157,22.6941698863531));
#11087=CARTESIAN_POINT('',(150.202502137376,-101.712753941434,22.8040091019987));
#11088=CARTESIAN_POINT('',(156.538257506941,-103.098955535279,24.1884619334907));
#11089=CARTESIAN_POINT('',(156.538257506941,-102.968221921157,22.6941698863531));
#11090=CARTESIAN_POINT('',(156.951508323482,-103.180843666606,24.1812976503223));
#11091=CARTESIAN_POINT('Origin',(156.082200930687,-102.513900777862,22.7339178359916));
#11092=CARTESIAN_POINT('',(156.082200930687,-102.513900777862,22.7339178359916));
#11093=CARTESIAN_POINT('',(151.371217921634,-97.8208444814347,23.1445070592179));
#11094=CARTESIAN_POINT('',(156.082200930687,-102.644634391984,24.2282098831292));
#11095=CARTESIAN_POINT('',(156.082200930687,-102.513900777862,22.7339178359916));
#11096=CARTESIAN_POINT('',(156.538257506941,-103.098955535279,24.1884619334907));
#11097=CARTESIAN_POINT('Origin',(156.,-102.102222505443,22.7699350178482));
#11098=CARTESIAN_POINT('',(156.,-102.102222505443,22.7699350178482));
#11099=CARTESIAN_POINT('',(155.087629796107,-97.5328948079571,23.1696993913132));
#11100=CARTESIAN_POINT('',(156.,-102.232956119565,24.2642270649858));
#11101=CARTESIAN_POINT('',(156.,-102.102222505443,22.7699350178482));
#11102=CARTESIAN_POINT('',(156.082200930687,-102.644634391984,24.2282098831292));
#11103=CARTESIAN_POINT('Origin',(156.,-87.9592629602493,24.0072836467584));
#11104=CARTESIAN_POINT('',(156.,-91.3704807509154,23.7088407612572));
#11105=CARTESIAN_POINT('',(156.,-102.232956119565,24.2642270649858));
#11106=CARTESIAN_POINT('Origin',(164.05,-95.1614763469678,24.8829013794409));
#11107=CARTESIAN_POINT('',(157.1,-88.2379231952301,25.4886337915371));
#11108=CARTESIAN_POINT('',(171.,-88.2379231952301,25.4886337915371));
#11109=CARTESIAN_POINT('',(167.525,-88.2379231952301,25.4886337915371));
#11110=CARTESIAN_POINT('',(157.1,-102.085029498705,24.2771689673447));
#11111=CARTESIAN_POINT('',(157.1,-91.699699771099,25.185767585489));
#11112=CARTESIAN_POINT('',(171.,-102.085029498705,24.2771689673447));
#11113=CARTESIAN_POINT('',(160.575,-102.085029498705,24.2771689673447));
#11114=CARTESIAN_POINT('',(171.,-98.6232529228366,24.5800351733928));
#11115=CARTESIAN_POINT('Origin',(137.032200930687,-106.525093686477,22.3829839292722));
#11116=CARTESIAN_POINT('',(137.032200930687,-106.525093686477,22.3829839292722));
#11117=CARTESIAN_POINT('',(136.95,-106.936771958897,22.3469667474155));
#11118=CARTESIAN_POINT('',(138.311625261108,-100.117487426564,22.9435768373523));
#11119=CARTESIAN_POINT('',(137.032200930687,-106.655827300599,23.8772759764098));
#11120=CARTESIAN_POINT('',(137.032200930687,-106.525093686477,22.3829839292722));
#11121=CARTESIAN_POINT('',(136.95,-107.067505573018,23.8412587945531));
#11122=CARTESIAN_POINT('',(136.95,-107.067505573018,23.8412587945531));
#11123=CARTESIAN_POINT('',(136.95,-106.936771958897,22.3469667474155));
#11124=CARTESIAN_POINT('Origin',(137.48825750694,-106.070772543184,22.4227318789105));
#11125=CARTESIAN_POINT('',(137.48825750694,-106.070772543184,22.4227318789105));
#11126=CARTESIAN_POINT('',(142.199243959566,-101.377712816302,22.8333214022627));
#11127=CARTESIAN_POINT('',(137.48825750694,-106.201506157306,23.9170239260481));
#11128=CARTESIAN_POINT('',(137.48825750694,-106.070772543184,22.4227318789105));
#11129=CARTESIAN_POINT('',(137.032200930687,-106.655827300599,23.8772759764098));
#11130=CARTESIAN_POINT('Origin',(137.90150832348,-105.988884411855,22.429896162079));
#11131=CARTESIAN_POINT('',(137.90150832348,-105.988884411855,22.429896162079));
#11132=CARTESIAN_POINT('',(142.39197114796,-105.099072232956,22.5077446404001));
#11133=CARTESIAN_POINT('',(137.90150832348,-106.119618025977,23.9241882092167));
#11134=CARTESIAN_POINT('',(137.90150832348,-105.988884411855,22.429896162079));
#11135=CARTESIAN_POINT('',(137.48825750694,-106.201506157306,23.9170239260481));
#11136=CARTESIAN_POINT('Origin',(152.09849167652,-105.988884411855,22.429896162079));
#11137=CARTESIAN_POINT('',(152.09849167652,-105.988884411855,22.429896162079));
#11138=CARTESIAN_POINT('',(148.549249281825,-105.988884411855,22.429896162079));
#11139=CARTESIAN_POINT('',(152.09849167652,-106.119618025977,23.9241882092167));
#11140=CARTESIAN_POINT('',(152.09849167652,-105.988884411855,22.429896162079));
#11141=CARTESIAN_POINT('',(137.90150832348,-106.119618025977,23.9241882092167));
#11142=CARTESIAN_POINT('Origin',(152.51174249306,-106.070772543184,22.4227318789105));
#11143=CARTESIAN_POINT('',(152.51174249306,-106.070772543184,22.4227318789105));
#11144=CARTESIAN_POINT('',(147.814660885314,-105.140017611405,22.504162383962));
#11145=CARTESIAN_POINT('',(152.51174249306,-106.201506157306,23.9170239260481));
#11146=CARTESIAN_POINT('',(152.51174249306,-106.070772543184,22.4227318789105));
#11147=CARTESIAN_POINT('',(152.09849167652,-106.119618025977,23.9241882092167));
#11148=CARTESIAN_POINT('Origin',(152.967799069314,-106.525093686478,22.3829839292721));
#11149=CARTESIAN_POINT('',(152.967799069314,-106.525093686478,22.3829839292721));
#11150=CARTESIAN_POINT('',(148.028787772129,-101.604876818407,22.8134471273174));
#11151=CARTESIAN_POINT('',(152.967799069314,-106.6558273006,23.8772759764097));
#11152=CARTESIAN_POINT('',(152.967799069314,-106.525093686478,22.3829839292721));
#11153=CARTESIAN_POINT('',(152.51174249306,-106.201506157306,23.9170239260481));
#11154=CARTESIAN_POINT('Origin',(153.05,-106.936771958898,22.3469667474155));
#11155=CARTESIAN_POINT('',(153.05,-106.936771958898,22.3469667474155));
#11156=CARTESIAN_POINT('',(151.729475466376,-100.323327875561,22.92556813157));
#11157=CARTESIAN_POINT('',(153.05,-107.067505573019,23.8412587945531));
#11158=CARTESIAN_POINT('',(153.05,-106.936771958898,22.3469667474155));
#11159=CARTESIAN_POINT('',(152.967799069314,-106.6558273006,23.8772759764097));
#11160=CARTESIAN_POINT('Origin',(153.05,-121.07973150409,21.1096181185053));
#11161=CARTESIAN_POINT('',(153.05,-121.07973150409,21.1096181185053));
#11162=CARTESIAN_POINT('',(153.05,-107.930715022836,22.2600079971306));
#11163=CARTESIAN_POINT('',(153.05,-121.210465118212,22.603910165643));
#11164=CARTESIAN_POINT('',(153.05,-121.07973150409,21.1096181185053));
#11165=CARTESIAN_POINT('',(153.05,-107.067505573019,23.8412587945531));
#11166=CARTESIAN_POINT('Origin',(152.967799069314,-121.49140977651,21.0736009366487));
#11167=CARTESIAN_POINT('',(152.967799069314,-121.49140977651,21.0736009366487));
#11168=CARTESIAN_POINT('',(155.381278910071,-109.40423262329,22.131091911585));
#11169=CARTESIAN_POINT('',(152.967799069314,-121.622143390631,22.5678929837863));
#11170=CARTESIAN_POINT('',(152.967799069314,-121.49140977651,21.0736009366487));
#11171=CARTESIAN_POINT('',(153.05,-121.210465118212,22.603910165643));
#11172=CARTESIAN_POINT('Origin',(152.51174249306,-121.945730919805,21.0338529870103));
#11173=CARTESIAN_POINT('',(152.51174249306,-121.945730919805,21.0338529870103));
#11174=CARTESIAN_POINT('',(157.450757233812,-117.025510621264,21.4643164851827));
#11175=CARTESIAN_POINT('',(152.51174249306,-122.076464533926,22.5281450341479));
#11176=CARTESIAN_POINT('',(152.51174249306,-121.945730919805,21.0338529870103));
#11177=CARTESIAN_POINT('',(152.967799069314,-121.622143390631,22.5678929837863));
#11178=CARTESIAN_POINT('Origin',(152.098491676519,-122.027619051133,21.0266887038417));
#11179=CARTESIAN_POINT('',(152.098491676519,-122.027619051133,21.0266887038417));
#11180=CARTESIAN_POINT('',(151.300939386099,-122.185658827667,21.0128620150088));
#11181=CARTESIAN_POINT('',(152.098491676519,-122.158352665254,22.5209807509794));
#11182=CARTESIAN_POINT('',(152.098491676519,-122.027619051133,21.0266887038417));
#11183=CARTESIAN_POINT('',(152.51174249306,-122.076464533926,22.5281450341479));
#11184=CARTESIAN_POINT('Origin',(137.901508323481,-122.027619051133,21.0266887038417));
#11185=CARTESIAN_POINT('',(137.901508323481,-122.027619051133,21.0266887038417));
#11186=CARTESIAN_POINT('',(141.450757605306,-122.027619051133,21.0266887038417));
#11187=CARTESIAN_POINT('',(137.901508323481,-122.158352665254,22.5209807509794));
#11188=CARTESIAN_POINT('',(137.901508323481,-122.027619051133,21.0266887038417));
#11189=CARTESIAN_POINT('',(152.098491676519,-122.158352665254,22.5209807509794));
#11190=CARTESIAN_POINT('Origin',(137.488257506941,-121.945730919805,21.0338529870103));
#11191=CARTESIAN_POINT('',(137.488257506941,-121.945730919805,21.0338529870103));
#11192=CARTESIAN_POINT('',(138.492441830631,-122.144716074787,21.0164440417393));
#11193=CARTESIAN_POINT('',(137.488257506941,-122.076464533926,22.5281450341479));
#11194=CARTESIAN_POINT('',(137.488257506941,-121.945730919805,21.0338529870103));
#11195=CARTESIAN_POINT('',(137.901508323481,-122.158352665254,22.5209807509794));
#11196=CARTESIAN_POINT('Origin',(137.032200930687,-121.491409776511,21.0736009366486));
#11197=CARTESIAN_POINT('',(137.032200930687,-121.491409776511,21.0736009366486));
#11198=CARTESIAN_POINT('',(132.321217921629,-116.798353480087,21.4841901598747));
#11199=CARTESIAN_POINT('',(137.032200930687,-121.622143390632,22.5678929837862));
#11200=CARTESIAN_POINT('',(137.032200930687,-121.491409776511,21.0736009366486));
#11201=CARTESIAN_POINT('',(137.488257506941,-122.076464533926,22.5281450341479));
#11202=CARTESIAN_POINT('Origin',(136.95,-121.079731504091,21.1096181185052));
#11203=CARTESIAN_POINT('',(136.95,-121.079731504091,21.1096181185052));
#11204=CARTESIAN_POINT('',(134.577620886695,-109.198394799881,22.1491003876581));
#11205=CARTESIAN_POINT('',(136.95,-121.210465118213,22.6039101656429));
#11206=CARTESIAN_POINT('',(136.95,-121.079731504091,21.1096181185052));
#11207=CARTESIAN_POINT('',(137.032200930687,-121.622143390632,22.5678929837862));
#11208=CARTESIAN_POINT('Origin',(136.95,-106.936771958897,22.3469667474155));
#11209=CARTESIAN_POINT('',(136.95,-100.859235250239,22.8786823115857));
#11210=CARTESIAN_POINT('',(136.95,-121.210465118213,22.6039101656429));
#11211=CARTESIAN_POINT('Origin',(145.,-114.138985345616,23.222584480098));
#11212=CARTESIAN_POINT('',(138.05,-107.215432193878,23.8283168921942));
#11213=CARTESIAN_POINT('',(151.95,-107.215432193878,23.8283168921942));
#11214=CARTESIAN_POINT('',(148.475,-107.215432193878,23.8283168921942));
#11215=CARTESIAN_POINT('',(138.05,-121.062538497353,22.6168520680018));
#11216=CARTESIAN_POINT('',(138.05,-110.677208769747,23.5254506861461));
#11217=CARTESIAN_POINT('',(151.95,-121.062538497353,22.6168520680018));
#11218=CARTESIAN_POINT('',(141.525,-121.062538497353,22.6168520680018));
#11219=CARTESIAN_POINT('',(151.95,-117.600761921484,22.9197182740499));
#11220=CARTESIAN_POINT('Origin',(133.917799069314,-140.468918775157,19.4132840373058));
#11221=CARTESIAN_POINT('',(133.917799069314,-140.468918775157,19.4132840373058));
#11222=CARTESIAN_POINT('',(134.,-140.057240502738,19.4493012191624));
#11223=CARTESIAN_POINT('',(138.516339216801,-117.438533987902,21.4281816228306));
#11224=CARTESIAN_POINT('',(133.917799069314,-140.599652389279,20.9075760844434));
#11225=CARTESIAN_POINT('',(133.917799069314,-140.468918775157,19.4132840373058));
#11226=CARTESIAN_POINT('',(134.,-140.18797411686,20.9435932663001));
#11227=CARTESIAN_POINT('',(134.,-140.18797411686,20.9435932663001));
#11228=CARTESIAN_POINT('',(134.,-140.057240502738,19.4493012191624));
#11229=CARTESIAN_POINT('Origin',(133.461742493059,-140.923239918453,19.3735360876673));
#11230=CARTESIAN_POINT('',(133.461742493059,-140.923239918453,19.3735360876673));
#11231=CARTESIAN_POINT('',(147.925757233806,-126.514265120582,20.6341580355118));
#11232=CARTESIAN_POINT('',(133.461742493059,-141.053973532574,20.8678281348049));
#11233=CARTESIAN_POINT('',(133.461742493059,-140.923239918453,19.3735360876673));
#11234=CARTESIAN_POINT('',(133.917799069314,-140.599652389279,20.9075760844434));
#11235=CARTESIAN_POINT('Origin',(133.048491676518,-141.00512804978,19.3663718044989));
#11236=CARTESIAN_POINT('',(133.048491676518,-141.00512804978,19.3663718044989));
#11237=CARTESIAN_POINT('',(143.235948295476,-138.986422333749,19.5429856696466));
#11238=CARTESIAN_POINT('',(133.048491676518,-141.135861663902,20.8606638516365));
#11239=CARTESIAN_POINT('',(133.048491676518,-141.00512804978,19.3663718044989));
#11240=CARTESIAN_POINT('',(133.461742493059,-141.053973532574,20.8678281348049));
#11241=CARTESIAN_POINT('Origin',(118.851508323481,-141.00512804978,19.3663718044989));
#11242=CARTESIAN_POINT('',(118.851508323481,-141.00512804978,19.3663718044989));
#11243=CARTESIAN_POINT('',(131.925757605306,-141.00512804978,19.3663718044989));
#11244=CARTESIAN_POINT('',(118.851508323481,-141.135861663902,20.8606638516365));
#11245=CARTESIAN_POINT('',(118.851508323481,-141.00512804978,19.3663718044989));
#11246=CARTESIAN_POINT('',(133.048491676518,-141.135861663902,20.8606638516365));
#11247=CARTESIAN_POINT('Origin',(118.438257506941,-140.923239918453,19.3735360876673));
#11248=CARTESIAN_POINT('',(118.438257506941,-140.923239918453,19.3735360876673));
#11249=CARTESIAN_POINT('',(126.782381523922,-142.576678208147,19.2288789814794));
#11250=CARTESIAN_POINT('',(118.438257506941,-141.053973532574,20.8678281348049));
#11251=CARTESIAN_POINT('',(118.438257506941,-140.923239918453,19.3735360876673));
#11252=CARTESIAN_POINT('',(118.851508323481,-141.135861663902,20.8606638516365));
#11253=CARTESIAN_POINT('Origin',(117.982200930687,-140.468918775158,19.4132840373057));
#11254=CARTESIAN_POINT('',(117.982200930687,-140.468918775158,19.4132840373057));
#11255=CARTESIAN_POINT('',(113.271217921624,-135.775862478727,19.8238732605325));
#11256=CARTESIAN_POINT('',(117.982200930687,-140.59965238928,20.9075760844434));
#11257=CARTESIAN_POINT('',(117.982200930687,-140.468918775158,19.4132840373057));
#11258=CARTESIAN_POINT('',(118.438257506941,-141.053973532574,20.8678281348049));
#11259=CARTESIAN_POINT('Origin',(117.9,-140.057240502739,19.4493012191624));
#11260=CARTESIAN_POINT('',(117.9,-140.057240502739,19.4493012191624));
#11261=CARTESIAN_POINT('',(114.067611977287,-120.863894791802,21.1285013840033));
#11262=CARTESIAN_POINT('',(117.9,-140.187974116861,20.9435932663));
#11263=CARTESIAN_POINT('',(117.9,-140.057240502739,19.4493012191624));
#11264=CARTESIAN_POINT('',(117.982200930687,-140.59965238928,20.9075760844434));
#11265=CARTESIAN_POINT('Origin',(117.9,-125.914280957545,20.6866498480726));
#11266=CARTESIAN_POINT('',(117.9,-125.914280957545,20.6866498480726));
#11267=CARTESIAN_POINT('',(117.9,-110.347989749563,22.0485238619143));
#11268=CARTESIAN_POINT('',(117.9,-126.045014571666,22.1809418952103));
#11269=CARTESIAN_POINT('',(117.9,-125.914280957545,20.6866498480726));
#11270=CARTESIAN_POINT('',(117.9,-140.187974116861,20.9435932663));
#11271=CARTESIAN_POINT('Origin',(117.982200930687,-125.502602685125,20.7226670299293));
#11272=CARTESIAN_POINT('',(117.982200930687,-125.502602685125,20.7226670299293));
#11273=CARTESIAN_POINT('',(121.446685567862,-108.151788791168,22.2406665485986));
#11274=CARTESIAN_POINT('',(117.982200930687,-125.633336299246,22.2169590770669));
#11275=CARTESIAN_POINT('',(117.982200930687,-125.502602685125,20.7226670299293));
#11276=CARTESIAN_POINT('',(117.9,-126.045014571666,22.1809418952103));
#11277=CARTESIAN_POINT('Origin',(118.43825750694,-125.048281541832,20.7624149795676));
#11278=CARTESIAN_POINT('',(118.43825750694,-125.048281541832,20.7624149795676));
#11279=CARTESIAN_POINT('',(132.674243959568,-110.866467315627,22.0031629525911));
#11280=CARTESIAN_POINT('',(118.43825750694,-125.179015155953,22.2567070267052));
#11281=CARTESIAN_POINT('',(118.43825750694,-125.048281541832,20.7624149795676));
#11282=CARTESIAN_POINT('',(117.982200930687,-125.633336299246,22.2169590770669));
#11283=CARTESIAN_POINT('Origin',(118.85150832348,-124.966393410503,20.7695792627361));
#11284=CARTESIAN_POINT('',(118.85150832348,-124.966393410503,20.7695792627361));
#11285=CARTESIAN_POINT('',(134.32698005737,-121.899835739,21.0378682950411));
#11286=CARTESIAN_POINT('',(118.85150832348,-125.097127024625,22.2638713098738));
#11287=CARTESIAN_POINT('',(118.85150832348,-124.966393410503,20.7695792627361));
#11288=CARTESIAN_POINT('',(118.43825750694,-125.179015155953,22.2567070267052));
#11289=CARTESIAN_POINT('Origin',(133.04849167652,-124.966393410503,20.7695792627361));
#11290=CARTESIAN_POINT('',(133.04849167652,-124.966393410503,20.7695792627361));
#11291=CARTESIAN_POINT('',(139.024249281825,-124.966393410503,20.7695792627361));
#11292=CARTESIAN_POINT('',(133.04849167652,-125.097127024625,22.2638713098738));
#11293=CARTESIAN_POINT('',(133.04849167652,-124.966393410503,20.7695792627361));
#11294=CARTESIAN_POINT('',(118.85150832348,-125.097127024625,22.2638713098738));
#11295=CARTESIAN_POINT('Origin',(133.46174249306,-125.048281541832,20.7624149795676));
#11296=CARTESIAN_POINT('',(133.46174249306,-125.048281541832,20.7624149795676));
#11297=CARTESIAN_POINT('',(136.10460057856,-125.571979744777,20.716597323701));
#11298=CARTESIAN_POINT('',(133.46174249306,-125.179015155953,22.2567070267052));
#11299=CARTESIAN_POINT('',(133.46174249306,-125.048281541832,20.7624149795676));
#11300=CARTESIAN_POINT('',(133.04849167652,-125.097127024625,22.2638713098738));
#11301=CARTESIAN_POINT('Origin',(133.917799069314,-125.502602685126,20.7226670299292));
#11302=CARTESIAN_POINT('',(133.917799069314,-125.502602685126,20.7226670299292));
#11303=CARTESIAN_POINT('',(128.978787772129,-120.582385817055,21.1531302279745));
#11304=CARTESIAN_POINT('',(133.917799069314,-125.633336299247,22.2169590770668));
#11305=CARTESIAN_POINT('',(133.917799069314,-125.502602685126,20.7226670299292));
#11306=CARTESIAN_POINT('',(133.46174249306,-125.179015155953,22.2567070267052));
#11307=CARTESIAN_POINT('Origin',(134.,-125.914280957545,20.6866498480726));
#11308=CARTESIAN_POINT('',(134.,-125.914280957545,20.6866498480726));
#11309=CARTESIAN_POINT('',(131.219466556976,-111.988827867462,21.9049691279169));
#11310=CARTESIAN_POINT('',(134.,-126.045014571667,22.1809418952102));
#11311=CARTESIAN_POINT('',(134.,-125.914280957545,20.6866498480726));
#11312=CARTESIAN_POINT('',(133.917799069314,-125.633336299247,22.2169590770668));
#11313=CARTESIAN_POINT('Origin',(134.,-140.057240502738,19.4493012191624));
#11314=CARTESIAN_POINT('',(134.,-117.41946952216,21.4298495474592));
#11315=CARTESIAN_POINT('',(134.,-126.045014571667,22.1809418952102));
#11316=CARTESIAN_POINT('Origin',(125.95,-133.116494344263,21.5622675807551));
#11317=CARTESIAN_POINT('',(119.,-126.192941192526,22.1679999928513));
#11318=CARTESIAN_POINT('',(132.9,-126.192941192526,22.1679999928513));
#11319=CARTESIAN_POINT('',(129.425,-126.192941192526,22.1679999928513));
#11320=CARTESIAN_POINT('',(119.,-140.040047496001,20.9565351686589));
#11321=CARTESIAN_POINT('',(119.,-129.654717768394,21.8651337868032));
#11322=CARTESIAN_POINT('',(132.9,-140.040047496001,20.9565351686589));
#11323=CARTESIAN_POINT('',(122.475,-140.040047496001,20.9565351686589));
#11324=CARTESIAN_POINT('',(132.9,-136.578270920132,21.259401374707));
#11325=CARTESIAN_POINT('Origin',(138.05,-126.062207578404,20.6737079457137));
#11326=CARTESIAN_POINT('',(138.05,-126.062207578404,20.6737079457137));
#11327=CARTESIAN_POINT('',(138.05,-139.909313881879,19.4622431215213));
#11328=CARTESIAN_POINT('Origin',(151.95,-126.062207578404,20.6737079457137));
#11329=CARTESIAN_POINT('',(151.95,-126.062207578404,20.6737079457137));
#11330=CARTESIAN_POINT('Origin',(119.,-88.1071895811086,23.9943417443995));
#11331=CARTESIAN_POINT('',(119.,-88.1071895811086,23.9943417443995));
#11332=CARTESIAN_POINT('',(119.,-101.954295884584,22.7828769202071));
#11333=CARTESIAN_POINT('Origin',(132.9,-88.1071895811086,23.9943417443995));
#11334=CARTESIAN_POINT('',(132.9,-88.1071895811086,23.9943417443995));
#11335=CARTESIAN_POINT('Origin',(119.,-69.1296805824609,25.6546586437424));
#11336=CARTESIAN_POINT('',(119.,-69.1296805824609,25.6546586437424));
#11337=CARTESIAN_POINT('',(119.,-82.9767868859362,24.4431938195499));
#11338=CARTESIAN_POINT('Origin',(132.9,-69.1296805824609,25.6546586437424));
#11339=CARTESIAN_POINT('',(132.9,-69.1296805824609,25.6546586437424));
#11340=CARTESIAN_POINT('Origin',(157.1,-50.1521715838132,27.3149755430853));
#11341=CARTESIAN_POINT('',(157.1,-50.1521715838132,27.3149755430853));
#11342=CARTESIAN_POINT('',(157.1,-63.9992778872884,26.1035107188928));
#11343=CARTESIAN_POINT('Origin',(171.,-50.1521715838132,27.3149755430853));
#11344=CARTESIAN_POINT('',(171.,-50.1521715838132,27.3149755430853));
#11345=CARTESIAN_POINT('Origin',(138.05,-88.1071895811086,23.9943417443995));
#11346=CARTESIAN_POINT('',(138.05,-88.1071895811086,23.9943417443995));
#11347=CARTESIAN_POINT('',(138.05,-101.954295884584,22.7828769202071));
#11348=CARTESIAN_POINT('Origin',(151.95,-88.1071895811086,23.9943417443995));
#11349=CARTESIAN_POINT('',(151.95,-88.1071895811086,23.9943417443995));
#11350=CARTESIAN_POINT('Origin',(157.1,-126.062207578404,20.6737079457137));
#11351=CARTESIAN_POINT('',(157.1,-126.062207578404,20.6737079457137));
#11352=CARTESIAN_POINT('',(157.1,-139.909313881879,19.4622431215213));
#11353=CARTESIAN_POINT('Origin',(171.,-126.062207578404,20.6737079457137));
#11354=CARTESIAN_POINT('',(171.,-126.062207578404,20.6737079457137));
#11355=CARTESIAN_POINT('Origin',(119.,-107.084698579756,22.3340248450566));
#11356=CARTESIAN_POINT('',(119.,-107.084698579756,22.3340248450566));
#11357=CARTESIAN_POINT('',(119.,-120.931804883232,21.1225600208642));
#11358=CARTESIAN_POINT('Origin',(132.9,-107.084698579756,22.3340248450566));
#11359=CARTESIAN_POINT('',(132.9,-107.084698579756,22.3340248450566));
#11360=CARTESIAN_POINT('Origin',(157.1,-107.084698579756,22.3340248450566));
#11361=CARTESIAN_POINT('',(157.1,-107.084698579756,22.3340248450566));
#11362=CARTESIAN_POINT('',(157.1,-120.931804883232,21.1225600208642));
#11363=CARTESIAN_POINT('Origin',(171.,-107.084698579756,22.3340248450566));
#11364=CARTESIAN_POINT('',(171.,-107.084698579756,22.3340248450566));
#11365=CARTESIAN_POINT('Origin',(138.05,-69.1296805824609,25.6546586437424));
#11366=CARTESIAN_POINT('',(138.05,-69.1296805824609,25.6546586437424));
#11367=CARTESIAN_POINT('',(138.05,-82.9767868859362,24.4431938195499));
#11368=CARTESIAN_POINT('Origin',(151.95,-69.1296805824609,25.6546586437424));
#11369=CARTESIAN_POINT('',(151.95,-69.1296805824609,25.6546586437424));
#11370=CARTESIAN_POINT('Origin',(157.1,-69.1296805824609,25.6546586437424));
#11371=CARTESIAN_POINT('',(157.1,-69.1296805824609,25.6546586437424));
#11372=CARTESIAN_POINT('',(157.1,-82.9767868859362,24.4431938195499));
#11373=CARTESIAN_POINT('Origin',(171.,-69.1296805824609,25.6546586437424));
#11374=CARTESIAN_POINT('',(171.,-69.1296805824609,25.6546586437424));
#11375=CARTESIAN_POINT('Origin',(157.1,-88.1071895811086,23.9943417443995));
#11376=CARTESIAN_POINT('',(157.1,-88.1071895811086,23.9943417443995));
#11377=CARTESIAN_POINT('',(157.1,-101.954295884584,22.7828769202071));
#11378=CARTESIAN_POINT('Origin',(171.,-88.1071895811086,23.9943417443995));
#11379=CARTESIAN_POINT('',(171.,-88.1071895811086,23.9943417443995));
#11380=CARTESIAN_POINT('Origin',(138.05,-107.084698579756,22.3340248450566));
#11381=CARTESIAN_POINT('',(138.05,-107.084698579756,22.3340248450566));
#11382=CARTESIAN_POINT('',(138.05,-120.931804883232,21.1225600208642));
#11383=CARTESIAN_POINT('Origin',(151.95,-107.084698579756,22.3340248450566));
#11384=CARTESIAN_POINT('',(151.95,-107.084698579756,22.3340248450566));
#11385=CARTESIAN_POINT('Origin',(119.,-126.062207578404,20.6737079457137));
#11386=CARTESIAN_POINT('',(119.,-126.062207578404,20.6737079457137));
#11387=CARTESIAN_POINT('',(119.,-139.909313881879,19.4622431215213));
#11388=CARTESIAN_POINT('Origin',(132.9,-126.062207578404,20.6737079457137));
#11389=CARTESIAN_POINT('',(132.9,-126.062207578404,20.6737079457137));
#11390=CARTESIAN_POINT('Origin',(151.95,-139.909313881879,19.4622431215213));
#11391=CARTESIAN_POINT('',(151.95,-139.909313881879,19.4622431215213));
#11392=CARTESIAN_POINT('Origin',(138.05,-139.909313881879,19.4622431215213));
#11393=CARTESIAN_POINT('Origin',(132.9,-120.931804883232,21.1225600208642));
#11394=CARTESIAN_POINT('',(132.9,-120.931804883232,21.1225600208642));
#11395=CARTESIAN_POINT('Origin',(119.,-120.931804883232,21.1225600208642));
#11396=CARTESIAN_POINT('Origin',(171.,-82.9767868859362,24.4431938195499));
#11397=CARTESIAN_POINT('',(171.,-82.9767868859362,24.4431938195499));
#11398=CARTESIAN_POINT('Origin',(157.1,-82.9767868859362,24.4431938195499));
#11399=CARTESIAN_POINT('Origin',(171.,-63.9992778872884,26.1035107188928));
#11400=CARTESIAN_POINT('',(171.,-63.9992778872884,26.1035107188928));
#11401=CARTESIAN_POINT('Origin',(157.1,-63.9992778872884,26.1035107188928));
#11402=CARTESIAN_POINT('Origin',(171.,-101.954295884584,22.7828769202071));
#11403=CARTESIAN_POINT('',(171.,-101.954295884584,22.7828769202071));
#11404=CARTESIAN_POINT('Origin',(157.1,-101.954295884584,22.7828769202071));
#11405=CARTESIAN_POINT('Origin',(151.95,-120.931804883232,21.1225600208642));
#11406=CARTESIAN_POINT('',(151.95,-120.931804883232,21.1225600208642));
#11407=CARTESIAN_POINT('Origin',(138.05,-120.931804883232,21.1225600208642));
#11408=CARTESIAN_POINT('Origin',(132.9,-139.909313881879,19.4622431215213));
#11409=CARTESIAN_POINT('',(132.9,-139.909313881879,19.4622431215213));
#11410=CARTESIAN_POINT('Origin',(119.,-139.909313881879,19.4622431215213));
#11411=CARTESIAN_POINT('Origin',(171.,-139.909313881879,19.4622431215213));
#11412=CARTESIAN_POINT('',(171.,-139.909313881879,19.4622431215213));
#11413=CARTESIAN_POINT('Origin',(157.1,-139.909313881879,19.4622431215213));
#11414=CARTESIAN_POINT('Origin',(132.9,-101.954295884584,22.7828769202071));
#11415=CARTESIAN_POINT('',(132.9,-101.954295884584,22.7828769202071));
#11416=CARTESIAN_POINT('Origin',(119.,-101.954295884584,22.7828769202071));
#11417=CARTESIAN_POINT('Origin',(132.9,-82.9767868859362,24.4431938195499));
#11418=CARTESIAN_POINT('',(132.9,-82.9767868859362,24.4431938195499));
#11419=CARTESIAN_POINT('Origin',(119.,-82.9767868859362,24.4431938195499));
#11420=CARTESIAN_POINT('Origin',(151.95,-82.9767868859362,24.4431938195499));
#11421=CARTESIAN_POINT('',(151.95,-82.9767868859362,24.4431938195499));
#11422=CARTESIAN_POINT('Origin',(138.05,-82.9767868859362,24.4431938195499));
#11423=CARTESIAN_POINT('Origin',(151.95,-101.954295884584,22.7828769202071));
#11424=CARTESIAN_POINT('',(151.95,-101.954295884584,22.7828769202071));
#11425=CARTESIAN_POINT('Origin',(138.05,-101.954295884584,22.7828769202071));
#11426=CARTESIAN_POINT('Origin',(171.,-120.931804883232,21.1225600208642));
#11427=CARTESIAN_POINT('',(171.,-120.931804883232,21.1225600208642));
#11428=CARTESIAN_POINT('Origin',(157.1,-120.931804883232,21.1225600208642));
#11429=CARTESIAN_POINT('Origin',(131.89,-62.7938823025974,26.2089691676175));
#11430=CARTESIAN_POINT('',(131.89,-62.7938823025974,26.2089691676175));
#11431=CARTESIAN_POINT('',(131.89,-51.3575671685042,27.2095170943606));
#11432=CARTESIAN_POINT('',(131.89,-78.7877904220895,24.8096835216867));
#11433=CARTESIAN_POINT('',(131.89,-62.7938823025974,26.2089691676175));
#11434=CARTESIAN_POINT('',(131.89,-51.3575671685042,27.2095170943606));
#11435=CARTESIAN_POINT('Origin',(120.01,-62.7938823025974,26.2089691676175));
#11436=CARTESIAN_POINT('',(120.01,-62.7938823025974,26.2089691676175));
#11437=CARTESIAN_POINT('',(132.505003443565,-62.7938823025974,26.2089691676175));
#11438=CARTESIAN_POINT('',(120.01,-62.7938823025974,26.2089691676175));
#11439=CARTESIAN_POINT('Origin',(120.01,-52.4167163905418,27.11685354445));
#11440=CARTESIAN_POINT('',(120.01,-52.4167163905418,27.11685354445));
#11441=CARTESIAN_POINT('',(120.01,-73.5992074660617,25.263625710103));
#11442=CARTESIAN_POINT('',(120.01,-52.4167163905418,27.11685354445));
#11443=CARTESIAN_POINT('Origin',(120.976541,-51.3575671685042,27.2095170943606));
#11444=CARTESIAN_POINT('',(120.976541,-51.3575671685042,27.2095170943606));
#11445=CARTESIAN_POINT('',(115.56352357521,-57.2892277957746,26.6905640335914));
#11446=CARTESIAN_POINT('',(120.976541,-51.3575671685042,27.2095170943606));
#11447=CARTESIAN_POINT('Origin',(131.89,-51.3575671685042,27.2095170943606));
#11448=CARTESIAN_POINT('',(138.445003443565,-51.3575671685042,27.2095170943606));
#11449=CARTESIAN_POINT('Origin',(184.975008358364,-153.532283226195,18.2703877403325));
#11450=CARTESIAN_POINT('',(184.975008358364,-153.532283226195,18.2703877403325));
#11451=CARTESIAN_POINT('Origin',(145.00000688713,-94.7816985415815,23.4103978757559));
#11452=CARTESIAN_POINT('Origin',(116.525005415897,-140.699964476556,4.07078647594665));
#11453=CARTESIAN_POINT('',(113.025005415897,-140.699964476556,4.07078647594665));
#11454=CARTESIAN_POINT('',(116.525005415897,-144.186645919877,3.76574137632985));
#11455=CARTESIAN_POINT('Origin',(116.525005415897,-140.699964476556,4.07078647594665));
#11456=CARTESIAN_POINT('',(113.025005415897,-142.007300617771,19.0137069473228));
#11457=CARTESIAN_POINT('',(113.025005415897,-140.699964476556,4.07078647594665));
#11458=CARTESIAN_POINT('',(116.525005415897,-145.493982061092,18.708661847706));
#11459=CARTESIAN_POINT('Origin',(116.525005415897,-142.007300617771,19.0137069473228));
#11460=CARTESIAN_POINT('',(116.525005415897,-144.186645919877,3.76574137632985));
#11461=CARTESIAN_POINT('Origin',(113.025005415897,-144.186645919877,3.76574137632985));
#11462=CARTESIAN_POINT('',(113.025005415897,-46.1112731634394,12.3462246635974));
#11463=CARTESIAN_POINT('',(113.025005415897,-118.796132369937,5.98712347305093));
#11464=CARTESIAN_POINT('',(113.025005415897,-47.4186093046543,27.2891451349736));
#11465=CARTESIAN_POINT('',(113.025005415897,-46.1112731634394,12.3462246635974));
#11466=CARTESIAN_POINT('',(113.025005415897,-43.9319278613332,27.5941902345904));
#11467=CARTESIAN_POINT('Origin',(173.475008358364,-140.699964476556,4.07078647594665));
#11468=CARTESIAN_POINT('',(173.475008358364,-144.186645919877,3.76574137632985));
#11469=CARTESIAN_POINT('',(176.975008358364,-140.699964476556,4.07078647594665));
#11470=CARTESIAN_POINT('Origin',(173.475008358364,-140.699964476556,4.07078647594665));
#11471=CARTESIAN_POINT('',(173.475008358364,-145.493982061092,18.708661847706));
#11472=CARTESIAN_POINT('',(173.475008358364,-144.186645919877,3.76574137632985));
#11473=CARTESIAN_POINT('',(176.975008358364,-142.007300617771,19.0137069473228));
#11474=CARTESIAN_POINT('Origin',(173.475008358364,-142.007300617771,19.0137069473228));
#11475=CARTESIAN_POINT('',(176.975008358364,-140.699964476556,4.07078647594665));
#11476=CARTESIAN_POINT('Origin',(145.00000688713,-93.4056188199976,8.20850556977202));
#11477=CARTESIAN_POINT('',(160.987507622747,-144.186645919877,3.76574137632985));
#11478=CARTESIAN_POINT('',(176.975008358364,-46.1112731634394,12.3462246635974));
#11479=CARTESIAN_POINT('',(176.975008358364,-68.0151052700579,10.4298876664931));
#11480=CARTESIAN_POINT('',(173.475008358364,-42.6245917201183,12.6512697632142));
#11481=CARTESIAN_POINT('Origin',(173.475008358364,-46.1112731634394,12.3462246635974));
#11482=CARTESIAN_POINT('',(116.525005415897,-42.6245917201183,12.6512697632142));
#11483=CARTESIAN_POINT('',(129.012506151514,-42.6245917201183,12.6512697632142));
#11484=CARTESIAN_POINT('Origin',(116.525005415897,-46.1112731634394,12.3462246635974));
#11485=CARTESIAN_POINT('Origin',(176.975008358364,-42.6245917201183,12.6512697632142));
#11486=CARTESIAN_POINT('',(176.975008358364,-47.4186093046543,27.2891451349736));
#11487=CARTESIAN_POINT('',(176.975008358364,-145.493982061092,18.708661847706));
#11488=CARTESIAN_POINT('',(176.975008358364,-46.1112731634394,12.3462246635974));
#11489=CARTESIAN_POINT('Origin',(173.475008358364,-46.1112731634394,12.3462246635974));
#11490=CARTESIAN_POINT('',(173.475008358364,-43.9319278613332,27.5941902345904));
#11491=CARTESIAN_POINT('Origin',(173.475008358364,-47.4186093046543,27.2891451349736));
#11492=CARTESIAN_POINT('',(173.475008358364,-42.6245917201183,12.6512697632142));
#11493=CARTESIAN_POINT('Origin',(116.525005415897,-46.1112731634394,12.3462246635974));
#11494=CARTESIAN_POINT('',(116.525005415897,-43.9319278613332,27.5941902345904));
#11495=CARTESIAN_POINT('',(116.525005415897,-42.6245917201183,12.6512697632142));
#11496=CARTESIAN_POINT('Origin',(116.525005415897,-47.4186093046543,27.2891451349736));
#11497=CARTESIAN_POINT('Origin',(179.975008358364,-147.175230014152,3.50427414808687));
#11498=CARTESIAN_POINT('',(184.975008358364,-148.482566155367,18.4471946194631));
#11499=CARTESIAN_POINT('',(179.975008358364,-153.463539645826,18.0114159057248));
#11500=CARTESIAN_POINT('Origin',(179.975008358364,-148.482566155367,18.4471946194631));
#11501=CARTESIAN_POINT('',(179.975008358364,-151.894736276368,0.0799113400733435));
#11502=CARTESIAN_POINT('',(179.975008358364,-152.156203504611,3.06849543434858));
#11503=CARTESIAN_POINT('',(184.975005415897,-146.875637088651,0.079911340073342));
#11504=CARTESIAN_POINT('Origin',(179.975008358364,-146.875637088651,0.079911340073342));
#11505=CARTESIAN_POINT('',(184.975008358364,-147.175230014152,3.50427414808687));
#11506=CARTESIAN_POINT('Origin',(105.025005415897,-151.894736276368,0.079911340073342));
#11507=CARTESIAN_POINT('',(110.025005415897,-151.894736276368,0.0799113400733421));
#11508=CARTESIAN_POINT('',(105.025005415897,-151.894736276368,0.079911340073342));
#11509=CARTESIAN_POINT('',(105.025005415897,-146.875637088651,0.079911340073342));
#11510=CARTESIAN_POINT('Origin',(110.025005415897,-146.875637088651,0.079911340073342));
#11511=CARTESIAN_POINT('',(105.025005415897,-52.1842057918031,0.079911340073342));
#11512=CARTESIAN_POINT('',(105.025005415897,-151.894736276368,0.079911340073342));
#11513=CARTESIAN_POINT('',(110.025005415897,-45.,0.079911340073342));
#11514=CARTESIAN_POINT('Origin',(110.025005415897,-52.1842057918031,0.079911340073342));
#11515=CARTESIAN_POINT('',(179.975008358364,-45.,0.079911340073342));
#11516=CARTESIAN_POINT('',(105.025005415897,-45.,0.079911340073342));
#11517=CARTESIAN_POINT('',(184.975005415897,-52.1842057918031,0.079911340073342));
#11518=CARTESIAN_POINT('Origin',(179.975008358364,-52.1842057918031,0.0799113400733431));
#11519=CARTESIAN_POINT('',(184.975005415897,-151.894736276368,0.079911340073342));
#11520=CARTESIAN_POINT('Origin',(184.975008358364,-152.156203504611,3.06849543434858));
#11521=CARTESIAN_POINT('',(110.025005415897,-153.463539645826,18.0114159057248));
#11522=CARTESIAN_POINT('',(105.025005415897,-153.463539645826,18.0114159057248));
#11523=CARTESIAN_POINT('',(110.025005415897,-152.156203504611,3.06849543434858));
#11524=CARTESIAN_POINT('Origin',(110.025005415897,-147.175230014152,3.50427414808687));
#11525=CARTESIAN_POINT('',(105.025005415897,-148.482566155367,18.4471946194631));
#11526=CARTESIAN_POINT('Origin',(110.025005415897,-148.482566155367,18.4471946194631));
#11527=CARTESIAN_POINT('',(105.025005415897,-147.175230014152,3.50427414808687));
#11528=CARTESIAN_POINT('Origin',(110.025005415897,-39.6360076258431,12.9127369914572));
#11529=CARTESIAN_POINT('',(105.025005415897,-39.5819078519816,12.2943737466524));
#11530=CARTESIAN_POINT('',(105.025005415897,-40.943343767058,27.8556574628333));
#11531=CARTESIAN_POINT('',(105.025005415897,-39.6360076258431,12.9127369914572));
#11532=CARTESIAN_POINT('',(110.025005415897,-35.9623702765992,28.2914361765716));
#11533=CARTESIAN_POINT('Origin',(110.025005415897,-40.943343767058,27.8556574628333));
#11534=CARTESIAN_POINT('',(110.025005415897,-34.3935669071414,10.3599316109202));
#11535=CARTESIAN_POINT('',(110.025005415897,-34.6550341353843,13.3485157051954));
#11536=CARTESIAN_POINT('Origin',(110.025005415897,-39.5819078519816,12.2943737466524));
#11537=CARTESIAN_POINT('Origin',(110.025005415897,-75.3592378943422,-22.3819094912895));
#11538=CARTESIAN_POINT('',(110.025005415897,-71.8793821212066,-25.9722581927634));
#11539=CARTESIAN_POINT('',(105.025005415897,-75.3592378943422,-22.3819094912895));
#11540=CARTESIAN_POINT('Origin',(105.025005415897,-45.,0.079911340073342));
#11541=CARTESIAN_POINT('',(179.975008358364,-34.3935669071414,10.3599316109202));
#11542=CARTESIAN_POINT('',(184.975008358364,-34.3935669071414,10.3599316109202));
#11543=CARTESIAN_POINT('',(179.975008358364,-39.0174117057958,5.87838556775311));
#11544=CARTESIAN_POINT('Origin',(105.025005415897,-34.6550341353843,13.3485157051954));
#11545=CARTESIAN_POINT('',(179.975008358364,-35.9623702765992,28.2914361765716));
#11546=CARTESIAN_POINT('',(184.975008358364,-35.9623702765992,28.2914361765716));
#11547=CARTESIAN_POINT('',(179.975008358364,-34.6550341353843,13.3485157051954));
#11548=CARTESIAN_POINT('',(154.25000688713,-35.9203173645255,27.8107691920856));
#11549=CARTESIAN_POINT('',(135.75000688713,-35.9203173645255,27.8107691920855));
#11550=CARTESIAN_POINT('',(129.637506151514,-35.9203173645255,27.8107691920855));
#11551=CARTESIAN_POINT('',(135.75000688713,-35.2666492939181,20.3393089563974));
#11552=CARTESIAN_POINT('',(135.75000688713,-35.2876757499549,20.5796424486405));
#11553=CARTESIAN_POINT('',(154.25000688713,-35.2666492939181,20.3393089563975));
#11554=CARTESIAN_POINT('',(120.387506151514,-35.2666492939181,20.3393089563974));
#11555=CARTESIAN_POINT('',(154.25000688713,-34.9608417146512,16.8439123307964));
#11556=CARTESIAN_POINT('Origin',(145.00000688713,-94.7129549612124,23.1514260411482));
#11557=CARTESIAN_POINT('',(184.975008358364,-40.9433437670579,27.8556574628333));
#11558=CARTESIAN_POINT('',(184.975008358364,-153.463539645826,18.0114159057248));
#11559=CARTESIAN_POINT('Origin',(179.975008358364,-40.9433437670579,27.8556574628333));
#11560=CARTESIAN_POINT('',(105.025005415897,-35.9623702765992,28.2914361765716));
#11561=CARTESIAN_POINT('',(106.725005415897,-149.478760853459,18.3600388767154));
#11562=CARTESIAN_POINT('Origin',(109.025005415897,-149.478760853459,18.3600388767154));
#11563=CARTESIAN_POINT('',(176.975008358364,-43.9319278613332,27.5941902345904));
#11564=CARTESIAN_POINT('',(113.025005415897,-145.493982061092,18.708661847706));
#11565=CARTESIAN_POINT('',(178.675008358364,-39.9471490689662,27.942813205581));
#11566=CARTESIAN_POINT('Origin',(180.975008358364,-39.9471490689662,27.942813205581));
#11567=CARTESIAN_POINT('',(178.675008358364,-149.478760853459,18.3600388767154));
#11568=CARTESIAN_POINT('Origin',(180.975008358364,-149.478760853459,18.3600388767154));
#11569=CARTESIAN_POINT('',(106.725005415897,-39.9471490689662,27.942813205581));
#11570=CARTESIAN_POINT('Origin',(109.025005415897,-39.9471490689662,27.942813205581));
#11571=CARTESIAN_POINT('Origin',(179.975008358364,-39.6360076258431,12.9127369914572));
#11572=CARTESIAN_POINT('',(184.975008358364,-39.5819078519815,12.2943737466524));
#11573=CARTESIAN_POINT('',(184.975008358364,-39.6360076258431,12.9127369914572));
#11574=CARTESIAN_POINT('Origin',(179.975008358364,-39.5819078519815,12.2943737466524));
#11575=CARTESIAN_POINT('Origin',(179.975008358364,-42.4972674789313,9.46873426922698));
#11576=CARTESIAN_POINT('',(184.975008358364,-42.4972674789313,9.46873426922698));
#11577=CARTESIAN_POINT('Origin',(184.975008358364,-34.6550341353843,13.3485157051954));
#11578=CARTESIAN_POINT('Origin',(135.75000688713,-35.2666492939181,20.3393089563974));
#11579=CARTESIAN_POINT('',(154.25000688713,-43.236206878652,19.6420630144162));
#11580=CARTESIAN_POINT('',(135.75000688713,-43.236206878652,19.6420630144162));
#11581=CARTESIAN_POINT('',(124.387506151514,-43.236206878652,19.6420630144162));
#11582=CARTESIAN_POINT('',(154.25000688713,-35.2666492939181,20.3393089563975));
#11583=CARTESIAN_POINT('',(135.75000688713,-35.2666492939181,20.3393089563974));
#11584=CARTESIAN_POINT('Origin',(135.75000688713,-35.9203173645255,27.8107691920855));
#11585=CARTESIAN_POINT('',(135.75000688713,-43.8898749492595,27.1135232501043));
#11586=CARTESIAN_POINT('',(135.75000688713,-43.2572333346889,19.8823965066592));
#11587=CARTESIAN_POINT('',(135.75000688713,-35.9203173645255,27.8107691920855));
#11588=CARTESIAN_POINT('Origin',(154.25000688713,-35.9203173645255,27.8107691920856));
#11589=CARTESIAN_POINT('',(154.25000688713,-43.8898749492595,27.1135232501043));
#11590=CARTESIAN_POINT('',(133.637506151514,-43.8898749492595,27.1135232501043));
#11591=CARTESIAN_POINT('',(154.25000688713,-35.9203173645255,27.8107691920856));
#11592=CARTESIAN_POINT('Origin',(154.25000688713,-35.2666492939181,20.3393089563975));
#11593=CARTESIAN_POINT('',(154.25000688713,-42.9303992993852,16.1466663888152));
#11594=CARTESIAN_POINT('Origin',(109.025005415897,-38.6398129277513,12.9998927342048));
#11595=CARTESIAN_POINT('',(106.725005415897,-38.6398129277513,12.9998927342048));
#11596=CARTESIAN_POINT('',(106.725005415897,-38.6398129277513,12.9998927342048));
#11597=CARTESIAN_POINT('Origin',(109.025005415897,-38.6398129277513,12.9998927342048));
#11598=CARTESIAN_POINT('Origin',(180.975008358364,-148.171424712244,3.41711840533921));
#11599=CARTESIAN_POINT('',(178.675008358364,-148.171424712244,3.41711840533921));
#11600=CARTESIAN_POINT('',(178.675008358364,-148.171424712244,3.41711840533921));
#11601=CARTESIAN_POINT('Origin',(180.975008358364,-148.171424712244,3.41711840533921));
#11602=CARTESIAN_POINT('Origin',(180.975008358364,-38.6398129277513,12.9998927342048));
#11603=CARTESIAN_POINT('',(178.675008358364,-38.6398129277513,12.9998927342048));
#11604=CARTESIAN_POINT('',(178.675008358364,-38.6398129277513,12.9998927342048));
#11605=CARTESIAN_POINT('Origin',(180.975008358364,-38.6398129277513,12.9998927342048));
#11606=CARTESIAN_POINT('Origin',(176.975008358364,-144.186645919877,3.76574137632985));
#11607=CARTESIAN_POINT('Origin',(113.025005415897,-42.6245917201183,12.6512697632142));
#11608=CARTESIAN_POINT('Origin',(109.025005415897,-148.171424712244,3.41711840533921));
#11609=CARTESIAN_POINT('',(106.725005415897,-148.171424712244,3.41711840533921));
#11610=CARTESIAN_POINT('',(106.725005415897,-148.171424712244,3.41711840533921));
#11611=CARTESIAN_POINT('Origin',(109.025005415897,-148.171424712244,3.41711840533921));
#11612=CARTESIAN_POINT('Origin',(145.00000688713,-93.4056188199976,8.20850556977202));
#11613=CARTESIAN_POINT('Origin',(145.00000688713,-93.4056188199976,8.20850556977202));
#11614=CARTESIAN_POINT('Origin',(145.00000688713,-93.4056188199976,8.20850556977202));
#11615=CARTESIAN_POINT('Origin',(145.00000688713,-93.4056188199976,8.20850556977202));
#11616=CARTESIAN_POINT('Origin',(105.025005415897,-152.156203504611,3.06849543434858));
#11617=CARTESIAN_POINT('Origin',(145.000000834465,-55.0307351069529,30.8364575208811));
#11618=CARTESIAN_POINT('',(136.000000834465,-66.9850714840539,29.7905886079092));
#11619=CARTESIAN_POINT('',(154.000000834465,-66.9850714840539,29.7905886079092));
#11620=CARTESIAN_POINT('',(149.500000834465,-66.9850714840539,29.7905886079092));
#11621=CARTESIAN_POINT('',(136.000000834465,-43.076398729852,31.882326433853));
#11622=CARTESIAN_POINT('',(136.000000834465,-61.0079032955034,30.3135230643952));
#11623=CARTESIAN_POINT('',(154.000000834465,-43.076398729852,31.882326433853));
#11624=CARTESIAN_POINT('',(140.500000834465,-43.076398729852,31.882326433853));
#11625=CARTESIAN_POINT('',(154.000000834465,-49.0535669184024,31.359391977367));
#11626=CARTESIAN_POINT('Origin',(136.000000834465,-43.2507102153473,33.8747158300365));
#11627=CARTESIAN_POINT('',(136.000000834465,-42.9892429871043,30.8861317357612));
#11628=CARTESIAN_POINT('',(136.000000834465,-43.2507102153473,33.8747158300365));
#11629=CARTESIAN_POINT('',(154.000000834465,-42.9892429871043,30.8861317357612));
#11630=CARTESIAN_POINT('',(140.500003860798,-42.9892429871043,30.8861317357612));
#11631=CARTESIAN_POINT('',(154.000000834465,-43.2507102153473,33.8747158300365));
#11632=CARTESIAN_POINT('Origin',(136.000000834465,-67.1593829695492,31.7829780040927));
#11633=CARTESIAN_POINT('',(136.000000834465,-66.8979157413062,28.7943939098174));
#11634=CARTESIAN_POINT('',(136.000000834465,-67.1593829695492,31.7829780040927));
#11635=CARTESIAN_POINT('',(136.000000834465,-80.9763220439399,27.5626929578251));
#11636=CARTESIAN_POINT('Origin',(154.000000834465,-67.1593829695492,31.7829780040927));
#11637=CARTESIAN_POINT('',(154.000000834465,-66.8979157413062,28.7943939098174));
#11638=CARTESIAN_POINT('',(154.000000834465,-67.1593829695492,31.7829780040927));
#11639=CARTESIAN_POINT('',(149.500003860798,-66.8979157413062,28.7943939098174));
#11640=CARTESIAN_POINT('Origin',(154.000000834465,-43.2507102153473,33.8747158300365));
#11641=CARTESIAN_POINT('',(154.000000834465,-69.021985666839,28.6085618707969));
#11642=CARTESIAN_POINT('Origin',(164.987507622747,-39.2927277562356,31.2095349130132));
#11643=CARTESIAN_POINT('',(179.726008758684,-39.5541949844786,34.1981190072884));
#11644=CARTESIAN_POINT('',(179.726008758684,-36.3041436619604,31.4710021412561));
#11645=CARTESIAN_POINT('Origin',(179.726008758684,-39.2927277562356,31.2095349130132));
#11646=CARTESIAN_POINT('',(110.274005015577,-36.3041436619604,31.4710021412561));
#11647=CARTESIAN_POINT('',(184.975008358364,-36.3041436619604,31.4710021412561));
#11648=CARTESIAN_POINT('',(110.274005015577,-39.5541949844786,34.1981190072884));
#11649=CARTESIAN_POINT('Origin',(110.274005015577,-39.2927277562356,31.2095349130132));
#11650=CARTESIAN_POINT('',(164.987507622747,-39.5541949844786,34.1981190072884));
#11651=CARTESIAN_POINT('Origin',(164.987507622747,-39.2927277562357,31.2095349130132));
#11652=CARTESIAN_POINT('',(179.975008358364,-39.3052407260237,34.2095088171642));
#11653=CARTESIAN_POINT('Ctrl Pts',(179.726008758684,-39.5541949844786,34.1981190072884));
#11654=CARTESIAN_POINT('Ctrl Pts',(179.760994440925,-39.5106641620356,34.2019274607661));
#11655=CARTESIAN_POINT('Ctrl Pts',(179.797899177282,-39.4693673872477,34.2045808304394));
#11656=CARTESIAN_POINT('Ctrl Pts',(179.879178554589,-39.387011400954,34.2083712935888));
#11657=CARTESIAN_POINT('Ctrl Pts',(179.92561466793,-39.3449239088256,34.2093432975686));
#11658=CARTESIAN_POINT('Ctrl Pts',(179.975008358364,-39.3052407260236,34.2095088171642));
#11659=CARTESIAN_POINT('',(179.975008358364,-36.3041436619604,31.4710021412561));
#11660=CARTESIAN_POINT('Origin',(179.975008358364,-39.2927277562357,31.2095349130132));
#11661=CARTESIAN_POINT('',(184.975008358364,-36.3041436619604,31.4710021412561));
#11662=CARTESIAN_POINT('Origin',(181.975008358364,-124.43002068888,23.760986938121));
#11663=CARTESIAN_POINT('',(181.975008358364,-148.837754687943,24.6370464234767));
#11664=CARTESIAN_POINT('',(184.975008358364,-148.5762874597,21.6484623292015));
#11665=CARTESIAN_POINT('Origin',(181.975008358364,-148.5762874597,21.6484623292015));
#11666=CARTESIAN_POINT('',(184.975008358364,-41.533169233447,31.0135216824639));
#11667=CARTESIAN_POINT('',(184.975008358364,-153.805313031187,21.1909818704093));
#11668=CARTESIAN_POINT('',(181.975008358364,-41.79463646169,34.0021057767391));
#11669=CARTESIAN_POINT('Origin',(181.975008358364,-41.533169233447,31.0135216824639));
#11670=CARTESIAN_POINT('',(181.975008358364,-124.691487917123,26.7495710323962));
#11671=CARTESIAN_POINT('Origin',(181.975008358364,-124.43002068888,23.760986938121));
#11672=CARTESIAN_POINT('',(182.224007958044,-41.545682203235,34.0134955866149));
#11673=CARTESIAN_POINT('Ctrl Pts',(182.224007958044,-41.545682203235,34.0134955866149));
#11674=CARTESIAN_POINT('Ctrl Pts',(182.18446135575,-41.5951750030336,34.0124718367386));
#11675=CARTESIAN_POINT('Ctrl Pts',(182.142449303507,-41.6416697213716,34.0111142504279));
#11676=CARTESIAN_POINT('Ctrl Pts',(182.060076345974,-41.7229362888425,34.0074190990753));
#11677=CARTESIAN_POINT('Ctrl Pts',(182.018705461477,-41.7597839105329,34.0051549798603));
#11678=CARTESIAN_POINT('Ctrl Pts',(181.975008358364,-41.79463646169,34.0021057767391));
#11679=CARTESIAN_POINT('',(184.975008358364,-41.2851171524191,31.0352234275178));
#11680=CARTESIAN_POINT('',(184.975008358364,-153.805313031187,21.1909818704093));
#11681=CARTESIAN_POINT('Origin',(181.975008358364,-41.2851171524191,31.0352234275178));
#11682=CARTESIAN_POINT('Ctrl Pts',(179.975008358364,-39.3052407260237,34.2095088171642));
#11683=CARTESIAN_POINT('Ctrl Pts',(182.224007958044,-39.3052407260237,34.2095088171642));
#11684=CARTESIAN_POINT('Ctrl Pts',(182.224007958044,-41.545682203235,34.0134955866149));
#11685=CARTESIAN_POINT('Ctrl Pts',(179.975008358364,-36.5447393063934,34.2210229409423));
#11686=CARTESIAN_POINT('Ctrl Pts',(184.975008358364,-36.5447393063934,34.2210229409423));
#11687=CARTESIAN_POINT('Ctrl Pts',(184.975008358364,-41.5257127968522,33.7852442272041));
#11688=CARTESIAN_POINT('Ctrl Pts',(179.975008358364,-36.3041436619604,31.4710021412561));
#11689=CARTESIAN_POINT('Ctrl Pts',(184.975008358364,-36.3041436619604,31.4710021412561));
#11690=CARTESIAN_POINT('Ctrl Pts',(184.975008358364,-41.2851171524191,31.0352234275178));
#11691=CARTESIAN_POINT('',(182.575008358364,-40.5412637335951,34.00665282859));
#11692=CARTESIAN_POINT('Ctrl Pts',(179.975008358364,-39.3052407260236,34.2095088171642));
#11693=CARTESIAN_POINT('Ctrl Pts',(180.029977149886,-39.2610784740595,34.2096930190747));
#11694=CARTESIAN_POINT('Ctrl Pts',(180.087578793299,-39.2206781871911,34.2087206853167));
#11695=CARTESIAN_POINT('Ctrl Pts',(180.330810268259,-39.0724125359379,34.200884718619));
#11696=CARTESIAN_POINT('Ctrl Pts',(180.531228015952,-38.9999655284963,34.1862646213109));
#11697=CARTESIAN_POINT('Ctrl Pts',(180.946413871259,-38.9337630532347,34.149817295766));
#11698=CARTESIAN_POINT('Ctrl Pts',(181.157765791898,-38.9428950449409,34.1281173570666));
#11699=CARTESIAN_POINT('Ctrl Pts',(181.556784140912,-39.0380860948817,34.0869519320969));
#11700=CARTESIAN_POINT('Ctrl Pts',(181.740959889081,-39.1225071324373,34.0678556845511));
#11701=CARTESIAN_POINT('Ctrl Pts',(181.975210221195,-39.2878574738471,34.0453720646104));
#11702=CARTESIAN_POINT('Ctrl Pts',(182.043363145874,-39.3451527240679,34.0390947275982));
#11703=CARTESIAN_POINT('Ctrl Pts',(182.106379208262,-39.407928991314,34.0336025158757));
#11704=CARTESIAN_POINT('Ctrl Pts',(182.231392074588,-39.5324661459407,34.0227069266581));
#11705=CARTESIAN_POINT('Ctrl Pts',(182.332573268566,-39.6749021209942,34.015260545465));
#11706=CARTESIAN_POINT('Ctrl Pts',(182.504483207744,-40.0220065551968,34.005150859506));
#11707=CARTESIAN_POINT('Ctrl Pts',(182.558509292896,-40.2300818336522,34.0043562525144));
#11708=CARTESIAN_POINT('Ctrl Pts',(182.573936954293,-40.4732021282364,34.0060267761659));
#11709=CARTESIAN_POINT('Ctrl Pts',(182.575008359037,-40.507297272667,34.0063185464354));
#11710=CARTESIAN_POINT('Ctrl Pts',(182.575008358364,-40.5412637336253,34.0066528255324));
#11711=CARTESIAN_POINT('Ctrl Pts',(182.575008358364,-40.5412637336253,34.0066528255324));
#11712=CARTESIAN_POINT('Ctrl Pts',(182.575008355239,-40.6990623153349,34.0082057917794));
#11713=CARTESIAN_POINT('Ctrl Pts',(182.551891187847,-40.8540835103807,34.0106814877956));
#11714=CARTESIAN_POINT('Ctrl Pts',(182.452216230237,-41.189366658499,34.0150509796793));
#11715=CARTESIAN_POINT('Ctrl Pts',(182.36361391855,-41.3622941190535,34.0165587516989));
#11716=CARTESIAN_POINT('Ctrl Pts',(182.240929544011,-41.5242232001531,34.0139151248411));
#11717=CARTESIAN_POINT('Ctrl Pts',(182.232529721411,-41.5350171674591,34.0137161910079));
#11718=CARTESIAN_POINT('Ctrl Pts',(182.224007958044,-41.545682203235,34.0134955866149));
#11719=CARTESIAN_POINT('Origin',(179.975008358364,-41.2851171524191,31.0352234275178));
#11720=CARTESIAN_POINT('Origin',(181.975008358364,-124.43002068888,23.760986938121));
#11721=CARTESIAN_POINT('',(182.224007958044,-149.084904591544,24.6050327432446));
#11722=CARTESIAN_POINT('Ctrl Pts',(181.975008358364,-148.837754687943,24.6370464234767));
#11723=CARTESIAN_POINT('Ctrl Pts',(182.018705461477,-148.8726072391,24.6339972203555));
#11724=CARTESIAN_POINT('Ctrl Pts',(182.060076345974,-148.909288222797,24.6298284201543));
#11725=CARTESIAN_POINT('Ctrl Pts',(182.142449303507,-148.989961824801,24.6193556425083));
#11726=CARTESIAN_POINT('Ctrl Pts',(182.18446135575,-149.035985926284,24.6126188809219));
#11727=CARTESIAN_POINT('Ctrl Pts',(182.224007958044,-149.084904591544,24.6050327432446));
#11728=CARTESIAN_POINT('',(184.975008358364,-148.824339540728,21.6267605841475));
#11729=CARTESIAN_POINT('Origin',(181.975008358364,-148.824339540728,21.6267605841475));
#11730=CARTESIAN_POINT('',(184.975008358364,-153.805313031187,21.1909818704093));
#11731=CARTESIAN_POINT('Origin',(125.012506151514,-150.816728936912,21.4524490986522));
#11732=CARTESIAN_POINT('',(110.274005015577,-151.078196165155,24.4410331929275));
#11733=CARTESIAN_POINT('',(110.274005015577,-153.805313031187,21.1909818704093));
#11734=CARTESIAN_POINT('Origin',(110.274005015577,-150.816728936912,21.4524490986522));
#11735=CARTESIAN_POINT('',(179.726008758684,-153.805313031187,21.1909818704093));
#11736=CARTESIAN_POINT('',(105.025005415897,-153.805313031187,21.1909818704093));
#11737=CARTESIAN_POINT('',(179.726008758684,-151.078196165155,24.4410331929275));
#11738=CARTESIAN_POINT('Origin',(179.726008758684,-150.816728936912,21.4524490986522));
#11739=CARTESIAN_POINT('',(125.012506151514,-151.078196165155,24.4410331929275));
#11740=CARTESIAN_POINT('Origin',(125.012506151514,-150.816728936912,21.4524490986522));
#11741=CARTESIAN_POINT('',(179.975008358364,-151.325346068755,24.4090195126953));
#11742=CARTESIAN_POINT('Ctrl Pts',(179.975008358364,-151.325346068755,24.4090195126953));
#11743=CARTESIAN_POINT('Ctrl Pts',(179.92561466793,-151.286237020492,24.4157474200919));
#11744=CARTESIAN_POINT('Ctrl Pts',(179.879178554589,-151.244620145219,24.4220985993474));
#11745=CARTESIAN_POINT('Ctrl Pts',(179.797899177282,-151.162857124392,24.4326666887902));
#11746=CARTESIAN_POINT('Ctrl Pts',(179.760994440925,-151.121726987598,24.4372247394497));
#11747=CARTESIAN_POINT('Ctrl Pts',(179.726008758684,-151.078196165155,24.4410331929275));
#11748=CARTESIAN_POINT('',(179.975008358364,-153.805313031187,21.1909818704093));
#11749=CARTESIAN_POINT('',(105.025005415897,-153.805313031187,21.1909818704093));
#11750=CARTESIAN_POINT('Origin',(179.975008358364,-150.816728936912,21.4524490986522));
#11751=CARTESIAN_POINT('Ctrl Pts',(182.224007958044,-149.084904591544,24.6050327432446));
#11752=CARTESIAN_POINT('Ctrl Pts',(182.224007958044,-151.325346068755,24.4090195126953));
#11753=CARTESIAN_POINT('Ctrl Pts',(179.975008358364,-151.325346068755,24.4090195126953));
#11754=CARTESIAN_POINT('Ctrl Pts',(184.975008358364,-149.064935185161,24.3767813838337));
#11755=CARTESIAN_POINT('Ctrl Pts',(184.975008358364,-154.04590867562,23.9410026700954));
#11756=CARTESIAN_POINT('Ctrl Pts',(179.975008358364,-154.04590867562,23.9410026700954));
#11757=CARTESIAN_POINT('Ctrl Pts',(184.975008358364,-148.824339540728,21.6267605841475));
#11758=CARTESIAN_POINT('Ctrl Pts',(184.975008358364,-153.805313031187,21.1909818704092));
#11759=CARTESIAN_POINT('Ctrl Pts',(179.975008358364,-153.805313031187,21.1909818704092));
#11760=CARTESIAN_POINT('',(182.575008358364,-150.072875486135,24.423878496352));
#11761=CARTESIAN_POINT('Ctrl Pts',(182.224007958044,-149.084904591544,24.6050327432446));
#11762=CARTESIAN_POINT('Ctrl Pts',(182.307827944096,-149.188588893152,24.5889537398053));
#11763=CARTESIAN_POINT('Ctrl Pts',(182.378168513674,-149.302119447013,24.5689806568034));
#11764=CARTESIAN_POINT('Ctrl Pts',(182.520208935779,-149.613016015178,24.5117115365966));
#11765=CARTESIAN_POINT('Ctrl Pts',(182.567929937155,-149.817617623283,24.4717559796438));
#11766=CARTESIAN_POINT('Ctrl Pts',(182.574765453319,-150.041068481861,24.4298203470572));
#11767=CARTESIAN_POINT('Ctrl Pts',(182.575008358364,-150.056976796812,24.4268434754846));
#11768=CARTESIAN_POINT('Ctrl Pts',(182.575008358364,-150.072875486135,24.423878496352));
#11769=CARTESIAN_POINT('Ctrl Pts',(182.575008358364,-150.072875486135,24.423878496352));
#11770=CARTESIAN_POINT('Ctrl Pts',(182.575008358364,-150.263349861598,24.3883565399767));
#11771=CARTESIAN_POINT('Ctrl Pts',(182.540145594618,-150.452456546296,24.3546160472638));
#11772=CARTESIAN_POINT('Ctrl Pts',(182.407695050286,-150.800072335385,24.2994309807002));
#11773=CARTESIAN_POINT('Ctrl Pts',(182.31476578134,-150.956922894999,24.2778618510978));
#11774=CARTESIAN_POINT('Ctrl Pts',(182.089418097178,-151.222261599439,24.2497009755558));
#11775=CARTESIAN_POINT('Ctrl Pts',(181.962430054744,-151.33176653482,24.2422238733284));
#11776=CARTESIAN_POINT('Ctrl Pts',(181.641448882045,-151.532227180349,24.238939728032));
#11777=CARTESIAN_POINT('Ctrl Pts',(181.442043033471,-151.607991613909,24.2469045454964));
#11778=CARTESIAN_POINT('Ctrl Pts',(181.048140123977,-151.675528555036,24.2758798177032));
#11779=CARTESIAN_POINT('Ctrl Pts',(180.858221721504,-151.674527887792,24.295212734243));
#11780=CARTESIAN_POINT('Ctrl Pts',(180.48537200171,-151.606574633286,24.3391867037731));
#11781=CARTESIAN_POINT('Ctrl Pts',(180.305323412497,-151.538854115993,24.3635954607092));
#11782=CARTESIAN_POINT('Ctrl Pts',(180.083751273456,-151.405880354051,24.3940885248661));
#11783=CARTESIAN_POINT('Ctrl Pts',(180.028002819506,-151.367306143419,24.4018011448438));
#11784=CARTESIAN_POINT('Ctrl Pts',(179.975008358364,-151.325346068755,24.4090195126953));
#11785=CARTESIAN_POINT('Origin',(179.975008358364,-148.824339540728,21.6267605841475));
#11786=CARTESIAN_POINT('Origin',(125.012506151514,-150.816728936912,21.4524490986522));
#11787=CARTESIAN_POINT('',(110.025005415897,-151.325346068755,24.4090195126953));
#11788=CARTESIAN_POINT('Ctrl Pts',(110.274005015577,-151.078196165155,24.4410331929275));
#11789=CARTESIAN_POINT('Ctrl Pts',(110.239019333336,-151.121726987598,24.4372247394497));
#11790=CARTESIAN_POINT('Ctrl Pts',(110.202114596979,-151.162857124392,24.4326666887902));
#11791=CARTESIAN_POINT('Ctrl Pts',(110.120835219672,-151.244620145219,24.4220985993474));
#11792=CARTESIAN_POINT('Ctrl Pts',(110.074399106331,-151.286237020492,24.4157474200919));
#11793=CARTESIAN_POINT('Ctrl Pts',(110.025005415897,-151.325346068755,24.4090195126953));
#11794=CARTESIAN_POINT('',(110.025005415897,-153.805313031187,21.1909818704093));
#11795=CARTESIAN_POINT('Origin',(110.025005415897,-150.816728936912,21.4524490986522));
#11796=CARTESIAN_POINT('',(105.025005415897,-153.805313031187,21.1909818704093));
#11797=CARTESIAN_POINT('Origin',(108.025005415897,-65.679436004267,28.9009970735444));
#11798=CARTESIAN_POINT('',(108.025005415897,-41.79463646169,34.0021057767391));
#11799=CARTESIAN_POINT('',(105.025005415897,-41.533169233447,31.0135216824639));
#11800=CARTESIAN_POINT('Origin',(108.025005415897,-41.533169233447,31.0135216824639));
#11801=CARTESIAN_POINT('',(105.025005415897,-148.5762874597,21.6484623292015));
#11802=CARTESIAN_POINT('',(105.025005415897,-36.3041436619604,31.4710021412561));
#11803=CARTESIAN_POINT('',(108.025005415897,-148.837754687943,24.6370464234767));
#11804=CARTESIAN_POINT('Origin',(108.025005415897,-148.5762874597,21.6484623292015));
#11805=CARTESIAN_POINT('',(108.025005415897,-65.94090323251,31.8895811678196));
#11806=CARTESIAN_POINT('Origin',(108.025005415897,-65.679436004267,28.9009970735444));
#11807=CARTESIAN_POINT('',(107.776005816217,-149.084904591544,24.6050327432446));
#11808=CARTESIAN_POINT('Ctrl Pts',(107.776005816217,-149.084904591544,24.6050327432446));
#11809=CARTESIAN_POINT('Ctrl Pts',(107.813280621546,-149.038796111454,24.6121830871101));
#11810=CARTESIAN_POINT('Ctrl Pts',(107.852724135454,-148.995283477565,24.6185756347864));
#11811=CARTESIAN_POINT('Ctrl Pts',(107.9345521993,-148.914079396988,24.6292804866063));
#11812=CARTESIAN_POINT('Ctrl Pts',(107.978472377801,-148.87486916408,24.633799327562));
#11813=CARTESIAN_POINT('Ctrl Pts',(108.025005415897,-148.837754687943,24.6370464234767));
#11814=CARTESIAN_POINT('',(105.025005415897,-148.824339540728,21.6267605841475));
#11815=CARTESIAN_POINT('',(105.025005415897,-36.3041436619604,31.4710021412561));
#11816=CARTESIAN_POINT('Origin',(108.025005415897,-148.824339540728,21.6267605841475));
#11817=CARTESIAN_POINT('Ctrl Pts',(110.025005415897,-151.325346068755,24.4090195126953));
#11818=CARTESIAN_POINT('Ctrl Pts',(107.776005816217,-151.325346068755,24.4090195126953));
#11819=CARTESIAN_POINT('Ctrl Pts',(107.776005816217,-149.084904591544,24.6050327432446));
#11820=CARTESIAN_POINT('Ctrl Pts',(110.025005415897,-154.04590867562,23.9410026700955));
#11821=CARTESIAN_POINT('Ctrl Pts',(105.025005415897,-154.04590867562,23.9410026700955));
#11822=CARTESIAN_POINT('Ctrl Pts',(105.025005415897,-149.064935185161,24.3767813838337));
#11823=CARTESIAN_POINT('Ctrl Pts',(110.025005415897,-153.805313031187,21.1909818704092));
#11824=CARTESIAN_POINT('Ctrl Pts',(105.025005415897,-153.805313031187,21.1909818704092));
#11825=CARTESIAN_POINT('Ctrl Pts',(105.025005415897,-148.824339540728,21.6267605841475));
#11826=CARTESIAN_POINT('Ctrl Pts',(110.025005415897,-151.325346068755,24.4090195126953));
#11827=CARTESIAN_POINT('Ctrl Pts',(109.920314286872,-151.408238648391,24.3947595492237));
#11828=CARTESIAN_POINT('Ctrl Pts',(109.80547498216,-151.47743979824,24.3786647865339));
#11829=CARTESIAN_POINT('Ctrl Pts',(109.490770136592,-151.616328983201,24.3364443624001));
#11830=CARTESIAN_POINT('Ctrl Pts',(109.283464743133,-151.661953466016,24.3103975016702));
#11831=CARTESIAN_POINT('Ctrl Pts',(108.864173218277,-151.670970733949,24.2681229679946));
#11832=CARTESIAN_POINT('Ctrl Pts',(108.655903734236,-151.63468291769,24.2522480419105));
#11833=CARTESIAN_POINT('Ctrl Pts',(108.289729454545,-151.494829207571,24.2386476304771));
#11834=CARTESIAN_POINT('Ctrl Pts',(108.131595885154,-151.401572298746,24.2389600690263));
#11835=CARTESIAN_POINT('Ctrl Pts',(107.864812492568,-151.176652633763,24.2536912430076));
#11836=CARTESIAN_POINT('Ctrl Pts',(107.755072584128,-151.050330439594,24.2668463411676));
#11837=CARTESIAN_POINT('Ctrl Pts',(107.555088519753,-150.73180827806,24.3089673080542));
#11838=CARTESIAN_POINT('Ctrl Pts',(107.480306572319,-150.534428282955,24.340829166532));
#11839=CARTESIAN_POINT('Ctrl Pts',(107.415551991013,-150.145053063508,24.4097790730162));
#11840=CARTESIAN_POINT('Ctrl Pts',(107.418233825117,-149.957528319565,24.4454307317418));
#11841=CARTESIAN_POINT('Ctrl Pts',(107.48976108095,-149.589399224045,24.515666684425));
#11842=CARTESIAN_POINT('Ctrl Pts',(107.55935126457,-149.411640628741,24.5497025257432));
#11843=CARTESIAN_POINT('Ctrl Pts',(107.694476666857,-149.192549085977,24.5877299194501));
#11844=CARTESIAN_POINT('Ctrl Pts',(107.733576290094,-149.13738939846,24.5968935806344));
#11845=CARTESIAN_POINT('Ctrl Pts',(107.776005816217,-149.084904591544,24.6050327432446));
#11846=CARTESIAN_POINT('Origin',(110.025005415897,-148.824339540728,21.6267605841475));
#11847=CARTESIAN_POINT('Origin',(108.025005415897,-65.679436004267,28.9009970735444));
#11848=CARTESIAN_POINT('',(107.776005816217,-41.545682203235,34.0134955866149));
#11849=CARTESIAN_POINT('Ctrl Pts',(108.025005415897,-41.79463646169,34.0021057767391));
#11850=CARTESIAN_POINT('Ctrl Pts',(107.978472377801,-41.7575219855528,34.0053528726538));
#11851=CARTESIAN_POINT('Ctrl Pts',(107.9345521993,-41.7181227556911,34.0077114685363));
#11852=CARTESIAN_POINT('Ctrl Pts',(107.852724135454,-41.6362934695516,34.0112701880805));
#11853=CARTESIAN_POINT('Ctrl Pts',(107.813280621546,-41.5923318360896,34.0125306471477));
#11854=CARTESIAN_POINT('Ctrl Pts',(107.776005816217,-41.545682203235,34.0134955866149));
#11855=CARTESIAN_POINT('',(105.025005415897,-41.2851171524191,31.0352234275178));
#11856=CARTESIAN_POINT('Origin',(108.025005415897,-41.2851171524191,31.0352234275178));
#11857=CARTESIAN_POINT('',(105.025005415897,-36.3041436619604,31.4710021412561));
#11858=CARTESIAN_POINT('Origin',(164.987507622747,-39.2927277562357,31.2095349130132));
#11859=CARTESIAN_POINT('',(110.025005415897,-39.3052407260237,34.2095088171642));
#11860=CARTESIAN_POINT('Ctrl Pts',(110.025005415897,-39.3052407260236,34.2095088171642));
#11861=CARTESIAN_POINT('Ctrl Pts',(110.074399106331,-39.3449239088256,34.2093432975686));
#11862=CARTESIAN_POINT('Ctrl Pts',(110.120835219672,-39.387011400954,34.2083712935888));
#11863=CARTESIAN_POINT('Ctrl Pts',(110.202114596979,-39.4693673872477,34.2045808304394));
#11864=CARTESIAN_POINT('Ctrl Pts',(110.239019333336,-39.5106641620356,34.2019274607661));
#11865=CARTESIAN_POINT('Ctrl Pts',(110.274005015577,-39.5541949844786,34.1981190072884));
#11866=CARTESIAN_POINT('',(110.025005415897,-36.3041436619604,31.4710021412561));
#11867=CARTESIAN_POINT('',(184.975008358364,-36.3041436619604,31.4710021412561));
#11868=CARTESIAN_POINT('Origin',(110.025005415897,-39.2927277562357,31.2095349130132));
#11869=CARTESIAN_POINT('Ctrl Pts',(107.776005816217,-41.545682203235,34.0134955866149));
#11870=CARTESIAN_POINT('Ctrl Pts',(107.776005816217,-39.3052407260237,34.2095088171642));
#11871=CARTESIAN_POINT('Ctrl Pts',(110.025005415897,-39.3052407260237,34.2095088171642));
#11872=CARTESIAN_POINT('Ctrl Pts',(105.025005415897,-41.5257127968522,33.785244227204));
#11873=CARTESIAN_POINT('Ctrl Pts',(105.025005415897,-36.5447393063934,34.2210229409423));
#11874=CARTESIAN_POINT('Ctrl Pts',(110.025005415897,-36.5447393063934,34.2210229409423));
#11875=CARTESIAN_POINT('Ctrl Pts',(105.025005415897,-41.2851171524191,31.0352234275178));
#11876=CARTESIAN_POINT('Ctrl Pts',(105.025005415897,-36.3041436619604,31.4710021412561));
#11877=CARTESIAN_POINT('Ctrl Pts',(110.025005415897,-36.3041436619604,31.4710021412561));
#11878=CARTESIAN_POINT('Ctrl Pts',(107.776005816217,-41.545682203235,34.0134955866149));
#11879=CARTESIAN_POINT('Ctrl Pts',(107.7319955607,-41.4906031158034,34.0146348878704));
#11880=CARTESIAN_POINT('Ctrl Pts',(107.691833753592,-41.4328293564732,34.0151825359989));
#11881=CARTESIAN_POINT('Ctrl Pts',(107.544815247402,-41.1887168558442,34.0157320820563));
#11882=CARTESIAN_POINT('Ctrl Pts',(107.473918148136,-40.9872420651461,34.0124004530629));
#11883=CARTESIAN_POINT('Ctrl Pts',(107.411144187009,-40.5699687293576,34.0066678479085));
#11884=CARTESIAN_POINT('Ctrl Pts',(107.422132703004,-40.3576063569169,34.0043461551068));
#11885=CARTESIAN_POINT('Ctrl Pts',(107.52054932545,-39.9572553256448,34.0065350445432));
#11886=CARTESIAN_POINT('Ctrl Pts',(107.606313463109,-39.7727636801352,34.0109656082441));
#11887=CARTESIAN_POINT('Ctrl Pts',(107.772994173144,-39.5387086430544,34.0234254310725));
#11888=CARTESIAN_POINT('Ctrl Pts',(107.83061850361,-39.4707052585601,34.0281103041532));
#11889=CARTESIAN_POINT('Ctrl Pts',(107.893634565998,-39.407928991314,34.0336025158757));
#11890=CARTESIAN_POINT('Ctrl Pts',(108.018647432324,-39.2833918366873,34.0444981050933));
#11891=CARTESIAN_POINT('Ctrl Pts',(108.161190390373,-39.1830311036939,34.0582936833957));
#11892=CARTESIAN_POINT('Ctrl Pts',(108.507855104599,-39.0135342176113,34.0933807565242));
#11893=CARTESIAN_POINT('Ctrl Pts',(108.715207848363,-38.961225292507,34.1153668155053));
#11894=CARTESIAN_POINT('Ctrl Pts',(109.115330972658,-38.939112037617,34.1552240478536));
#11895=CARTESIAN_POINT('Ctrl Pts',(109.304698295636,-38.9634297321739,34.1729014975379));
#11896=CARTESIAN_POINT('Ctrl Pts',(109.669910197945,-39.075329283909,34.2000052842261));
#11897=CARTESIAN_POINT('Ctrl Pts',(109.842048206314,-39.1650389263274,34.2087936719359));
#11898=CARTESIAN_POINT('Ctrl Pts',(110.003591505635,-39.2882569525867,34.2095368235298));
#11899=CARTESIAN_POINT('Ctrl Pts',(110.014361736862,-39.2966895313851,34.2095444844211));
#11900=CARTESIAN_POINT('Ctrl Pts',(110.025005415897,-39.3052407260236,34.2095088171642));
#11901=CARTESIAN_POINT('Origin',(110.025005415897,-41.2851171524191,31.0352234275178));
#11902=CARTESIAN_POINT('Origin',(180.975008358364,-40.2889224543274,31.1223791702655));
#11903=CARTESIAN_POINT('',(182.575008358364,-40.2889224543274,31.1223791702655));
#11904=CARTESIAN_POINT('',(182.575008358364,-40.2889224543274,31.1223791702655));
#11905=CARTESIAN_POINT('Origin',(180.975008358364,-40.2889224543274,31.1223791702655));
#11906=CARTESIAN_POINT('Origin',(180.975008358364,-40.5503896825704,34.1109632645407));
#11907=CARTESIAN_POINT('Origin',(109.025005415897,-40.2889224543274,31.1223791702655));
#11908=CARTESIAN_POINT('',(110.625005415897,-40.5503896825704,34.1109632645407));
#11909=CARTESIAN_POINT('Origin',(109.025005415897,-40.5503896825704,34.1109632645407));
#11910=CARTESIAN_POINT('',(110.625005415897,-40.2889224543274,31.1223791702655));
#11911=CARTESIAN_POINT('',(110.625005415897,-40.2889224543274,31.1223791702655));
#11912=CARTESIAN_POINT('Origin',(109.025005415897,-40.2889224543274,31.1223791702655));
#11913=CARTESIAN_POINT('Origin',(109.025005415897,-40.5503896825704,34.1109632645407));
#11914=CARTESIAN_POINT('Origin',(145.00000688713,-95.0547283465737,26.3309920058327));
#11915=CARTESIAN_POINT('',(118.250001877546,-57.4483748564862,29.6211216127639));
#11916=CARTESIAN_POINT('Origin',(126.000001877546,-57.4483748564862,29.6211216127639));
#11917=CARTESIAN_POINT('',(110.625005415897,-149.82053423882,21.5396048413999));
#11918=CARTESIAN_POINT('Origin',(109.025005415897,-149.82053423882,21.5396048413999));
#11919=CARTESIAN_POINT('',(173.,-67.4103209912695,28.7495642593145));
#11920=CARTESIAN_POINT('',(173.,-142.174733083055,22.2085257661027));
#11921=CARTESIAN_POINT('',(173.,-142.174733083055,22.2085257661027));
#11922=CARTESIAN_POINT('',(117.,-67.4103209912695,28.7495642593145));
#11923=CARTESIAN_POINT('',(173.,-67.4103209912695,28.7495642593145));
#11924=CARTESIAN_POINT('',(117.,-142.174733083055,22.2085257661027));
#11925=CARTESIAN_POINT('',(117.,-67.4103209912695,28.7495642593145));
#11926=CARTESIAN_POINT('',(117.,-142.174733083055,22.2085257661027));
#11927=CARTESIAN_POINT('',(155.1,-66.264697088464,28.8497933634743));
#11928=CARTESIAN_POINT('',(155.1,-48.4328119926218,30.4098811586574));
#11929=CARTESIAN_POINT('',(155.1,-48.4328119926218,30.4098811586574));
#11930=CARTESIAN_POINT('',(173.,-66.264697088464,28.8497933634743));
#11931=CARTESIAN_POINT('',(155.1,-66.264697088464,28.8497933634743));
#11932=CARTESIAN_POINT('',(173.,-48.4328119926218,30.4098811586574));
#11933=CARTESIAN_POINT('',(173.,-66.264697088464,28.8497933634743));
#11934=CARTESIAN_POINT('',(173.,-48.4328119926218,30.4098811586574));
#11935=CARTESIAN_POINT('',(182.575008358364,-149.82053423882,21.5396048413999));
#11936=CARTESIAN_POINT('Origin',(180.975008358364,-149.82053423882,21.5396048413999));
#11937=CARTESIAN_POINT('Origin',(126.000001877546,-55.6181042587853,8.70103295283727));
#11938=CARTESIAN_POINT('',(118.250001877546,-57.7098420847291,32.6097057070392));
#11939=CARTESIAN_POINT('',(118.250001877546,-55.6181042587853,8.70103295283727));
#11940=CARTESIAN_POINT('Origin',(126.000001877546,-57.7098420847291,32.6097057070392));
#11941=CARTESIAN_POINT('Origin',(180.975008358364,-149.82053423882,21.5396048413999));
#11942=CARTESIAN_POINT('Origin',(180.975008358364,-150.082001467063,24.5281889356751));
#11943=CARTESIAN_POINT('',(182.575008358364,-149.82053423882,21.5396048413999));
#11944=CARTESIAN_POINT('Origin',(173.,-66.264697088464,28.8497933634743));
#11945=CARTESIAN_POINT('',(155.1,-66.526164316707,31.8383774577495));
#11946=CARTESIAN_POINT('',(155.1,-66.264697088464,28.8497933634743));
#11947=CARTESIAN_POINT('',(173.,-66.526164316707,31.8383774577495));
#11948=CARTESIAN_POINT('',(155.1,-66.526164316707,31.8383774577495));
#11949=CARTESIAN_POINT('',(173.,-66.264697088464,28.8497933634743));
#11950=CARTESIAN_POINT('Origin',(173.,-48.4328119926218,30.4098811586574));
#11951=CARTESIAN_POINT('',(173.,-48.6942792208648,33.3984652529326));
#11952=CARTESIAN_POINT('',(173.,-66.526164316707,31.8383774577495));
#11953=CARTESIAN_POINT('',(173.,-48.4328119926218,30.4098811586574));
#11954=CARTESIAN_POINT('Origin',(155.1,-48.4328119926218,30.4098811586574));
#11955=CARTESIAN_POINT('',(155.1,-48.6942792208648,33.3984652529326));
#11956=CARTESIAN_POINT('',(173.,-48.6942792208648,33.3984652529326));
#11957=CARTESIAN_POINT('',(155.1,-48.4328119926218,30.4098811586574));
#11958=CARTESIAN_POINT('Origin',(155.1,-66.264697088464,28.8497933634743));
#11959=CARTESIAN_POINT('',(155.1,-48.6942792208648,33.3984652529326));
#11960=CARTESIAN_POINT('Origin',(117.,-67.4103209912695,28.7495642593145));
#11961=CARTESIAN_POINT('',(173.,-67.6717882195125,31.7381483535897));
#11962=CARTESIAN_POINT('',(173.,-67.4103209912695,28.7495642593145));
#11963=CARTESIAN_POINT('',(117.,-67.6717882195125,31.7381483535897));
#11964=CARTESIAN_POINT('',(173.,-67.6717882195125,31.7381483535897));
#11965=CARTESIAN_POINT('',(117.,-67.4103209912695,28.7495642593145));
#11966=CARTESIAN_POINT('Origin',(117.,-142.174733083055,22.2085257661027));
#11967=CARTESIAN_POINT('',(117.,-142.436200311298,25.197109860378));
#11968=CARTESIAN_POINT('',(117.,-67.6717882195125,31.7381483535897));
#11969=CARTESIAN_POINT('',(117.,-142.174733083055,22.2085257661027));
#11970=CARTESIAN_POINT('Origin',(173.,-142.174733083055,22.2085257661027));
#11971=CARTESIAN_POINT('',(173.,-142.436200311298,25.197109860378));
#11972=CARTESIAN_POINT('',(117.,-142.436200311298,25.197109860378));
#11973=CARTESIAN_POINT('',(173.,-142.174733083055,22.2085257661027));
#11974=CARTESIAN_POINT('Origin',(173.,-67.4103209912695,28.7495642593145));
#11975=CARTESIAN_POINT('',(173.,-142.436200311298,25.197109860378));
#11976=CARTESIAN_POINT('Origin',(109.025005415897,-149.82053423882,21.5396048413999));
#11977=CARTESIAN_POINT('',(110.625005415897,-150.082001467063,24.5281889356751));
#11978=CARTESIAN_POINT('Origin',(109.025005415897,-150.082001467063,24.5281889356751));
#11979=CARTESIAN_POINT('',(110.625005415897,-149.82053423882,21.5396048413999));
#11980=CARTESIAN_POINT('Origin',(109.025005415897,-150.082001467063,24.5281889356751));
#11981=CARTESIAN_POINT('Origin',(145.00000688713,-95.3161955748167,29.3195761001079));
#11982=CARTESIAN_POINT('Origin',(126.000001192093,-58.5552517394221,42.4501092175324));
#11983=CARTESIAN_POINT('',(131.500001400709,-58.577040675109,42.6991578920553));
#11984=CARTESIAN_POINT('Origin',(126.000001192093,-58.577040675109,42.6991578920553));
#11985=CARTESIAN_POINT('',(131.000001400709,-58.5334628037352,42.2010605430094));
#11986=CARTESIAN_POINT('',(131.250001400709,-58.5552517394221,42.4501092175324));
#11987=CARTESIAN_POINT('Origin',(126.000001192093,-58.5334628037352,42.2010605430094));
#11988=CARTESIAN_POINT('Origin',(126.000001192093,-58.577040675109,42.6991578920553));
#11989=CARTESIAN_POINT('',(118.500001192093,-58.577040675109,42.6991578920553));
#11990=CARTESIAN_POINT('Origin',(126.000001192093,-58.577040675109,42.6991578920553));
#11991=CARTESIAN_POINT('Origin',(126.000001192093,-58.5334628037352,42.2010605430094));
#11992=CARTESIAN_POINT('Origin',(126.000001192093,-57.4440160193894,29.7486268168626));
#11993=CARTESIAN_POINT('',(118.500001192093,-57.4440160193894,29.7486268168626));
#11994=CARTESIAN_POINT('Origin',(126.000001192093,-57.4440160193894,29.7486268168626));
#11995=CARTESIAN_POINT('',(128.598077390541,-58.9383080887937,29.617893200793));
#11996=CARTESIAN_POINT('',(123.401924993644,-58.9383080887938,29.617893200793));
#11997=CARTESIAN_POINT('',(124.700963092869,-58.9383080887938,29.617893200793));
#11998=CARTESIAN_POINT('Origin',(126.000001192093,-57.4440160193894,29.7486268168626));
#11999=CARTESIAN_POINT('Origin',(123.401924993644,-59.8098655162704,39.5798401817105));
#12000=CARTESIAN_POINT('',(123.401924993644,-59.8098655162704,39.5798401817105));
#12001=CARTESIAN_POINT('',(123.401924993644,-59.8098655162704,39.5798401817105));
#12002=CARTESIAN_POINT('',(128.598077390541,-59.8098655162703,39.5798401817105));
#12003=CARTESIAN_POINT('',(126.000001192093,-59.8098655162703,39.5798401817105));
#12004=CARTESIAN_POINT('',(128.598077390541,-58.9383080887937,29.617893200793));
#12005=CARTESIAN_POINT('Origin',(126.000001192093,-58.315573446866,39.7105737977801));
#12006=CARTESIAN_POINT('Origin',(126.000001192093,-58.315573446866,39.7105737977801));
#12007=CARTESIAN_POINT('Origin',(126.000001192093,-58.315573446866,39.7105737977801));
#12008=CARTESIAN_POINT('Origin',(126.000001192093,-58.315573446866,39.7105737977801));
#12009=CARTESIAN_POINT('',(118.500001192093,-58.315573446866,39.7105737977801));
#12010=UNCERTAINTY_MEASURE_WITH_UNIT(LENGTH_MEASURE(0.01),#12014,
'DISTANCE_ACCURACY_VALUE',
'Maximum model space distance between geometric entities at asserted c
onnectivities');
#12011=UNCERTAINTY_MEASURE_WITH_UNIT(LENGTH_MEASURE(0.01),#12014,
'DISTANCE_ACCURACY_VALUE',
'Maximum model space distance between geometric entities at asserted c
onnectivities');
#12012=(
GEOMETRIC_REPRESENTATION_CONTEXT(3)
GLOBAL_UNCERTAINTY_ASSIGNED_CONTEXT((#12010))
GLOBAL_UNIT_ASSIGNED_CONTEXT((#12014,#12016,#12017))
REPRESENTATION_CONTEXT('','3D')
);
#12013=(
GEOMETRIC_REPRESENTATION_CONTEXT(3)
GLOBAL_UNCERTAINTY_ASSIGNED_CONTEXT((#12011))
GLOBAL_UNIT_ASSIGNED_CONTEXT((#12014,#12016,#12017))
REPRESENTATION_CONTEXT('','3D')
);
#12014=(
LENGTH_UNIT()
NAMED_UNIT(*)
SI_UNIT(.MILLI.,.METRE.)
);
#12015=(
LENGTH_UNIT()
NAMED_UNIT(*)
SI_UNIT($,.METRE.)
);
#12016=(
NAMED_UNIT(*)
PLANE_ANGLE_UNIT()
SI_UNIT($,.RADIAN.)
);
#12017=(
NAMED_UNIT(*)
SI_UNIT($,.STERADIAN.)
SOLID_ANGLE_UNIT()
);
#12018=SHAPE_DEFINITION_REPRESENTATION(#12019,#12020);
#12019=PRODUCT_DEFINITION_SHAPE('',$,#12022);
#12020=SHAPE_REPRESENTATION('',(#7454),#12012);
#12021=PRODUCT_DEFINITION_CONTEXT('part definition',#12026,'design');
#12022=PRODUCT_DEFINITION('2026-10-01-13-51-30-963','Macropad',#12023,#12021);
#12023=PRODUCT_DEFINITION_FORMATION('',$,#12028);
#12024=PRODUCT_RELATED_PRODUCT_CATEGORY('Macropad','Macropad',(#12028));
#12025=APPLICATION_PROTOCOL_DEFINITION('international standard',
'automotive_design',2009,#12026);
#12026=APPLICATION_CONTEXT(
'Core Data for Automotive Mechanical Design Process');
#12027=PRODUCT_CONTEXT('part definition',#12026,'mechanical');
#12028=PRODUCT('2026-10-01-13-51-30-963','Macropad',$,(#12027));
#12029=PRESENTATION_STYLE_ASSIGNMENT((#12030));
#12030=SURFACE_STYLE_USAGE(.BOTH.,#12031);
#12031=SURFACE_SIDE_STYLE('',(#12032));
#12032=SURFACE_STYLE_FILL_AREA(#12033);
#12033=FILL_AREA_STYLE('Steel - Satin',(#12034));
#12034=FILL_AREA_STYLE_COLOUR('Steel - Satin',#12035);
#12035=COLOUR_RGB('Steel - Satin',0.627450980392157,0.627450980392157,0.627450980392157);
ENDSEC;
END-ISO-10303-21;
